case,skew,n,builder,device_mode,repeats,warmup,status,alive_rows,total_candidates,time_ms_median,time_ms_all,note,git_rev,torch_version,polars_version,device_name,thread_info,timestamp
02_pointwise_1d_ii,0.0,100,dense,gpu,5,2,ok,29,10000,0.185,0.280;0.189;0.185;0.182;0.181,,b6c0879,2.9.1+cu128,1.35.2,NVIDIA GeForce RTX 3090,torch_threads=10;polars_threads=20;cuda=True,2026-07-14T15:58:39+00:00
02_pointwise_1d_ii,0.0,100,binary_search,gpu,5,2,ok,29,10000,0.479,0.482;0.479;0.478;0.478;0.480,,b6c0879,2.9.1+cu128,1.35.2,NVIDIA GeForce RTX 3090,torch_threads=10;polars_threads=20;cuda=True,2026-07-14T15:58:41+00:00
02_pointwise_1d_ii,0.0,100,db_join,gpu,5,2,ok,29,10000,0.583,0.662;0.583;0.631;0.566;0.551,,b6c0879,2.9.1+cu128,1.35.2,NVIDIA GeForce RTX 3090,torch_threads=10;polars_threads=20;cuda=True,2026-07-14T15:58:41+00:00
02_pointwise_1d_ii,0.0,300,dense,gpu,5,2,ok,97,90000,0.195,0.199;0.195;0.197;0.195;0.195,,b6c0879,2.9.1+cu128,1.35.2,NVIDIA GeForce RTX 3090,torch_threads=10;polars_threads=20;cuda=True,2026-07-14T15:58:41+00:00
02_pointwise_1d_ii,0.0,300,binary_search,gpu,5,2,ok,97,90000,0.514,0.514;0.512;0.515;0.514;0.520,,b6c0879,2.9.1+cu128,1.35.2,NVIDIA GeForce RTX 3090,torch_threads=10;polars_threads=20;cuda=True,2026-07-14T15:58:41+00:00
02_pointwise_1d_ii,0.0,300,db_join,gpu,5,2,ok,97,90000,0.592,0.621;0.563;0.554;0.598;0.592,,b6c0879,2.9.1+cu128,1.35.2,NVIDIA GeForce RTX 3090,torch_threads=10;polars_threads=20;cuda=True,2026-07-14T15:58:41+00:00
02_pointwise_1d_ii,0.0,1000,dense,gpu,5,2,ok,323,1000000,0.195,0.199;0.195;0.195;0.200;0.195,,b6c0879,2.9.1+cu128,1.35.2,NVIDIA GeForce RTX 3090,torch_threads=10;polars_threads=20;cuda=True,2026-07-14T15:58:41+00:00
02_pointwise_1d_ii,0.0,1000,binary_search,gpu,5,2,ok,323,1000000,0.533,0.536;0.533;0.542;0.529;0.529,,b6c0879,2.9.1+cu128,1.35.2,NVIDIA GeForce RTX 3090,torch_threads=10;polars_threads=20;cuda=True,2026-07-14T15:58:41+00:00
02_pointwise_1d_ii,0.0,1000,db_join,gpu,5,2,ok,323,1000000,0.654,0.633;0.741;0.654;0.733;0.587,,b6c0879,2.9.1+cu128,1.35.2,NVIDIA GeForce RTX 3090,torch_threads=10;polars_threads=20;cuda=True,2026-07-14T15:58:41+00:00
02_pointwise_1d_ii,0.0,3000,dense,gpu,5,2,ok,1014,9000000,0.707,0.707;0.704;0.707;0.703;0.707,,b6c0879,2.9.1+cu128,1.35.2,NVIDIA GeForce RTX 3090,torch_threads=10;polars_threads=20;cuda=True,2026-07-14T15:58:41+00:00
02_pointwise_1d_ii,0.0,3000,binary_search,gpu,5,2,ok,1014,9000000,0.586,0.601;0.586;0.587;0.582;0.585,,b6c0879,2.9.1+cu128,1.35.2,NVIDIA GeForce RTX 3090,torch_threads=10;polars_threads=20;cuda=True,2026-07-14T15:58:41+00:00
02_pointwise_1d_ii,0.0,3000,db_join,gpu,5,2,ok,1014,9000000,0.864,0.899;0.864;0.831;0.798;0.904,,b6c0879,2.9.1+cu128,1.35.2,NVIDIA GeForce RTX 3090,torch_threads=10;polars_threads=20;cuda=True,2026-07-14T15:58:41+00:00
02_pointwise_1d_ii,0.0,10000,dense,gpu,5,2,ok,3298,100000000,2.887,2.886;2.886;2.893;2.887;2.888,,b6c0879,2.9.1+cu128,1.35.2,NVIDIA GeForce RTX 3090,torch_threads=10;polars_threads=20;cuda=True,2026-07-14T15:58:41+00:00
02_pointwise_1d_ii,0.0,10000,binary_search,gpu,5,2,ok,3298,100000000,0.981,0.981;0.985;0.988;0.979;0.981,,b6c0879,2.9.1+cu128,1.35.2,NVIDIA GeForce RTX 3090,torch_threads=10;polars_threads=20;cuda=True,2026-07-14T15:58:41+00:00
02_pointwise_1d_ii,0.0,10000,db_join,gpu,5,2,ok,3298,100000000,1.703,1.880;1.934;1.703;1.635;1.655,,b6c0879,2.9.1+cu128,1.35.2,NVIDIA GeForce RTX 3090,torch_threads=10;polars_threads=20;cuda=True,2026-07-14T15:58:41+00:00
02_pointwise_1d_ii,0.0,30000,dense,gpu,5,2,ok,9891,900000000,15.040,15.040;15.036;15.051;15.045;14.389,,b6c0879,2.9.1+cu128,1.35.2,NVIDIA GeForce RTX 3090,torch_threads=10;polars_threads=20;cuda=True,2026-07-14T15:58:41+00:00
02_pointwise_1d_ii,0.0,30000,binary_search,gpu,5,2,ok,9891,900000000,1.800,1.800;1.808;1.798;1.795;1.802,,b6c0879,2.9.1+cu128,1.35.2,NVIDIA GeForce RTX 3090,torch_threads=10;polars_threads=20;cuda=True,2026-07-14T15:58:41+00:00
02_pointwise_1d_ii,0.0,30000,db_join,gpu,5,2,ok,9891,900000000,5.754,6.323;7.363;5.754;4.479;4.614,,b6c0879,2.9.1+cu128,1.35.2,NVIDIA GeForce RTX 3090,torch_threads=10;polars_threads=20;cuda=True,2026-07-14T15:58:41+00:00
02_pointwise_1d_ii,0.0,100000,dense,gpu,5,2,skipped_guard,,10000000000,,,predicted 1.0e+10 B > 4.0e+09 B,b6c0879,2.9.1+cu128,1.35.2,NVIDIA GeForce RTX 3090,torch_threads=10;polars_threads=20;cuda=True,2026-07-14T15:58:41+00:00
02_pointwise_1d_ii,0.0,100000,binary_search,gpu,5,2,ok,33204,10000000000,5.264,5.266;5.267;5.264;5.260;5.259,,b6c0879,2.9.1+cu128,1.35.2,NVIDIA GeForce RTX 3090,torch_threads=10;polars_threads=20;cuda=True,2026-07-14T15:58:41+00:00
02_pointwise_1d_ii,0.0,100000,db_join,gpu,5,2,ok,33204,10000000000,16.590,15.747;16.590;16.129;17.421;21.445,,b6c0879,2.9.1+cu128,1.35.2,NVIDIA GeForce RTX 3090,torch_threads=10;polars_threads=20;cuda=True,2026-07-14T15:58:41+00:00
02_pointwise_1d_ii,0.5,100,dense,gpu,5,2,ok,50,10000,0.194,0.201;0.196;0.194;0.193;0.192,,b6c0879,2.9.1+cu128,1.35.2,NVIDIA GeForce RTX 3090,torch_threads=10;polars_threads=20;cuda=True,2026-07-14T15:58:41+00:00
02_pointwise_1d_ii,0.5,100,binary_search,gpu,5,2,ok,50,10000,0.506,0.506;0.506;0.507;0.506;0.509,,b6c0879,2.9.1+cu128,1.35.2,NVIDIA GeForce RTX 3090,torch_threads=10;polars_threads=20;cuda=True,2026-07-14T15:58:41+00:00
02_pointwise_1d_ii,0.5,100,db_join,gpu,5,2,ok,50,10000,0.592,0.663;0.558;0.590;0.598;0.592,,b6c0879,2.9.1+cu128,1.35.2,NVIDIA GeForce RTX 3090,torch_threads=10;polars_threads=20;cuda=True,2026-07-14T15:58:41+00:00
02_pointwise_1d_ii,0.5,300,dense,gpu,5,2,ok,132,90000,0.190,0.191;0.190;0.189;0.195;0.189,,b6c0879,2.9.1+cu128,1.35.2,NVIDIA GeForce RTX 3090,torch_threads=10;polars_threads=20;cuda=True,2026-07-14T15:58:41+00:00
02_pointwise_1d_ii,0.5,300,binary_search,gpu,5,2,ok,132,90000,0.499,0.499;0.499;0.496;0.501;0.498,,b6c0879,2.9.1+cu128,1.35.2,NVIDIA GeForce RTX 3090,torch_threads=10;polars_threads=20;cuda=True,2026-07-14T15:58:41+00:00
02_pointwise_1d_ii,0.5,300,db_join,gpu,5,2,ok,132,90000,0.631,0.630;0.631;0.685;0.662;0.572,,b6c0879,2.9.1+cu128,1.35.2,NVIDIA GeForce RTX 3090,torch_threads=10;polars_threads=20;cuda=True,2026-07-14T15:58:41+00:00
02_pointwise_1d_ii,0.5,1000,dense,gpu,5,2,ok,450,1000000,0.182,0.187;0.183;0.182;0.182;0.181,,b6c0879,2.9.1+cu128,1.35.2,NVIDIA GeForce RTX 3090,torch_threads=10;polars_threads=20;cuda=True,2026-07-14T15:58:41+00:00
02_pointwise_1d_ii,0.5,1000,binary_search,gpu,5,2,ok,450,1000000,0.505,0.511;0.512;0.504;0.505;0.502,,b6c0879,2.9.1+cu128,1.35.2,NVIDIA GeForce RTX 3090,torch_threads=10;polars_threads=20;cuda=True,2026-07-14T15:58:41+00:00
02_pointwise_1d_ii,0.5,1000,db_join,gpu,5,2,ok,450,1000000,0.632,0.677;0.632;0.614;0.592;0.687,,b6c0879,2.9.1+cu128,1.35.2,NVIDIA GeForce RTX 3090,torch_threads=10;polars_threads=20;cuda=True,2026-07-14T15:58:41+00:00
02_pointwise_1d_ii,0.5,3000,dense,gpu,5,2,ok,1354,9000000,0.617,0.617;0.618;0.616;0.619;0.617,,b6c0879,2.9.1+cu128,1.35.2,NVIDIA GeForce RTX 3090,torch_threads=10;polars_threads=20;cuda=True,2026-07-14T15:58:41+00:00
02_pointwise_1d_ii,0.5,3000,binary_search,gpu,5,2,ok,1354,9000000,0.575,0.579;0.574;0.573;0.575;0.576,,b6c0879,2.9.1+cu128,1.35.2,NVIDIA GeForce RTX 3090,torch_threads=10;polars_threads=20;cuda=True,2026-07-14T15:58:41+00:00
02_pointwise_1d_ii,0.5,3000,db_join,gpu,5,2,ok,1354,9000000,1.008,1.008;1.179;0.847;0.808;1.034,,b6c0879,2.9.1+cu128,1.35.2,NVIDIA GeForce RTX 3090,torch_threads=10;polars_threads=20;cuda=True,2026-07-14T15:58:41+00:00
02_pointwise_1d_ii,0.5,10000,dense,gpu,5,2,ok,4566,100000000,2.797,2.797;2.796;2.795;2.799;2.799,,b6c0879,2.9.1+cu128,1.35.2,NVIDIA GeForce RTX 3090,torch_threads=10;polars_threads=20;cuda=True,2026-07-14T15:58:41+00:00
02_pointwise_1d_ii,0.5,10000,binary_search,gpu,5,2,ok,4566,100000000,0.899,0.898;0.897;0.899;0.905;0.899,,b6c0879,2.9.1+cu128,1.35.2,NVIDIA GeForce RTX 3090,torch_threads=10;polars_threads=20;cuda=True,2026-07-14T15:58:41+00:00
02_pointwise_1d_ii,0.5,10000,db_join,gpu,5,2,ok,4566,100000000,1.669,1.625;1.630;1.841;1.669;1.872,,b6c0879,2.9.1+cu128,1.35.2,NVIDIA GeForce RTX 3090,torch_threads=10;polars_threads=20;cuda=True,2026-07-14T15:58:41+00:00
02_pointwise_1d_ii,0.5,30000,dense,gpu,5,2,ok,13654,900000000,14.301,14.260;14.264;14.301;14.307;14.306,,b6c0879,2.9.1+cu128,1.35.2,NVIDIA GeForce RTX 3090,torch_threads=10;polars_threads=20;cuda=True,2026-07-14T15:58:41+00:00
02_pointwise_1d_ii,0.5,30000,binary_search,gpu,5,2,ok,13654,900000000,1.765,1.766;1.770;1.765;1.763;1.761,,b6c0879,2.9.1+cu128,1.35.2,NVIDIA GeForce RTX 3090,torch_threads=10;polars_threads=20;cuda=True,2026-07-14T15:58:41+00:00
02_pointwise_1d_ii,0.5,30000,db_join,gpu,5,2,ok,13654,900000000,4.241,5.279;5.374;4.241;4.197;4.090,,b6c0879,2.9.1+cu128,1.35.2,NVIDIA GeForce RTX 3090,torch_threads=10;polars_threads=20;cuda=True,2026-07-14T15:58:41+00:00
02_pointwise_1d_ii,0.5,100000,dense,gpu,5,2,skipped_guard,,10000000000,,,predicted 1.0e+10 B > 4.0e+09 B,b6c0879,2.9.1+cu128,1.35.2,NVIDIA GeForce RTX 3090,torch_threads=10;polars_threads=20;cuda=True,2026-07-14T15:58:41+00:00
02_pointwise_1d_ii,0.5,100000,binary_search,gpu,5,2,ok,46002,10000000000,5.320,5.325;5.320;5.324;5.312;5.308,,b6c0879,2.9.1+cu128,1.35.2,NVIDIA GeForce RTX 3090,torch_threads=10;polars_threads=20;cuda=True,2026-07-14T15:58:41+00:00
02_pointwise_1d_ii,0.5,100000,db_join,gpu,5,2,ok,46002,10000000000,14.199,14.199;19.707;15.072;14.061;11.877,,b6c0879,2.9.1+cu128,1.35.2,NVIDIA GeForce RTX 3090,torch_threads=10;polars_threads=20;cuda=True,2026-07-14T15:58:41+00:00
02_pointwise_1d_ii,1.0,100,dense,gpu,5,2,ok,54,10000,0.182,0.188;0.184;0.182;0.182;0.182,,b6c0879,2.9.1+cu128,1.35.2,NVIDIA GeForce RTX 3090,torch_threads=10;polars_threads=20;cuda=True,2026-07-14T15:58:41+00:00
02_pointwise_1d_ii,1.0,100,binary_search,gpu,5,2,ok,54,10000,0.478,0.478;0.476;0.478;0.478;0.480,,b6c0879,2.9.1+cu128,1.35.2,NVIDIA GeForce RTX 3090,torch_threads=10;polars_threads=20;cuda=True,2026-07-14T15:58:41+00:00
02_pointwise_1d_ii,1.0,100,db_join,gpu,5,2,ok,54,10000,0.551,0.563;0.559;0.551;0.545;0.536,,b6c0879,2.9.1+cu128,1.35.2,NVIDIA GeForce RTX 3090,torch_threads=10;polars_threads=20;cuda=True,2026-07-14T15:58:41+00:00
02_pointwise_1d_ii,1.0,300,dense,gpu,5,2,ok,162,90000,0.184,0.188;0.185;0.184;0.183;0.182,,b6c0879,2.9.1+cu128,1.35.2,NVIDIA GeForce RTX 3090,torch_threads=10;polars_threads=20;cuda=True,2026-07-14T15:58:41+00:00
02_pointwise_1d_ii,1.0,300,binary_search,gpu,5,2,ok,162,90000,0.485,0.485;0.487;0.485;0.483;0.490,,b6c0879,2.9.1+cu128,1.35.2,NVIDIA GeForce RTX 3090,torch_threads=10;polars_threads=20;cuda=True,2026-07-14T15:58:41+00:00
02_pointwise_1d_ii,1.0,300,db_join,gpu,5,2,ok,162,90000,0.587,0.600;0.591;0.587;0.571;0.571,,b6c0879,2.9.1+cu128,1.35.2,NVIDIA GeForce RTX 3090,torch_threads=10;polars_threads=20;cuda=True,2026-07-14T15:58:41+00:00
02_pointwise_1d_ii,1.0,1000,dense,gpu,5,2,ok,539,1000000,0.182,0.185;0.182;0.182;0.181;0.181,,b6c0879,2.9.1+cu128,1.35.2,NVIDIA GeForce RTX 3090,torch_threads=10;polars_threads=20;cuda=True,2026-07-14T15:58:41+00:00
02_pointwise_1d_ii,1.0,1000,binary_search,gpu,5,2,ok,539,1000000,0.489,0.492;0.488;0.487;0.491;0.489,,b6c0879,2.9.1+cu128,1.35.2,NVIDIA GeForce RTX 3090,torch_threads=10;polars_threads=20;cuda=True,2026-07-14T15:58:41+00:00
02_pointwise_1d_ii,1.0,1000,db_join,gpu,5,2,ok,539,1000000,0.697,0.729;0.643;0.636;0.721;0.697,,b6c0879,2.9.1+cu128,1.35.2,NVIDIA GeForce RTX 3090,torch_threads=10;polars_threads=20;cuda=True,2026-07-14T15:58:41+00:00
02_pointwise_1d_ii,1.0,3000,dense,gpu,5,2,ok,1665,9000000,0.622,0.622;0.622;0.624;0.622;0.624,,b6c0879,2.9.1+cu128,1.35.2,NVIDIA GeForce RTX 3090,torch_threads=10;polars_threads=20;cuda=True,2026-07-14T15:58:41+00:00
02_pointwise_1d_ii,1.0,3000,binary_search,gpu,5,2,ok,1665,9000000,0.587,0.587;0.585;0.587;0.584;0.587,,b6c0879,2.9.1+cu128,1.35.2,NVIDIA GeForce RTX 3090,torch_threads=10;polars_threads=20;cuda=True,2026-07-14T15:58:41+00:00
02_pointwise_1d_ii,1.0,3000,db_join,gpu,5,2,ok,1665,9000000,0.876,0.876;0.904;1.029;0.858;0.849,,b6c0879,2.9.1+cu128,1.35.2,NVIDIA GeForce RTX 3090,torch_threads=10;polars_threads=20;cuda=True,2026-07-14T15:58:41+00:00
02_pointwise_1d_ii,1.0,10000,dense,gpu,5,2,ok,5484,100000000,2.802,2.800;2.802;2.803;2.802;2.804,,b6c0879,2.9.1+cu128,1.35.2,NVIDIA GeForce RTX 3090,torch_threads=10;polars_threads=20;cuda=True,2026-07-14T15:58:41+00:00
02_pointwise_1d_ii,1.0,10000,binary_search,gpu,5,2,ok,5484,100000000,0.921,0.926;0.920;0.921;0.921;0.930,,b6c0879,2.9.1+cu128,1.35.2,NVIDIA GeForce RTX 3090,torch_threads=10;polars_threads=20;cuda=True,2026-07-14T15:58:41+00:00
02_pointwise_1d_ii,1.0,10000,db_join,gpu,5,2,ok,5484,100000000,1.755,1.954;1.665;1.647;1.846;1.755,,b6c0879,2.9.1+cu128,1.35.2,NVIDIA GeForce RTX 3090,torch_threads=10;polars_threads=20;cuda=True,2026-07-14T15:58:41+00:00
02_pointwise_1d_ii,1.0,30000,dense,gpu,5,2,ok,16407,900000000,14.299,14.300;14.298;14.299;14.299;14.297,,b6c0879,2.9.1+cu128,1.35.2,NVIDIA GeForce RTX 3090,torch_threads=10;polars_threads=20;cuda=True,2026-07-14T15:58:42+00:00
02_pointwise_1d_ii,1.0,30000,binary_search,gpu,5,2,ok,16407,900000000,2.304,2.306;2.306;2.304;2.194;2.302,,b6c0879,2.9.1+cu128,1.35.2,NVIDIA GeForce RTX 3090,torch_threads=10;polars_threads=20;cuda=True,2026-07-14T15:58:42+00:00
02_pointwise_1d_ii,1.0,30000,db_join,gpu,5,2,ok,16407,900000000,4.390,3.994;4.112;4.456;4.390;5.760,,b6c0879,2.9.1+cu128,1.35.2,NVIDIA GeForce RTX 3090,torch_threads=10;polars_threads=20;cuda=True,2026-07-14T15:58:42+00:00
02_pointwise_1d_ii,1.0,100000,dense,gpu,5,2,skipped_guard,,10000000000,,,predicted 1.0e+10 B > 4.0e+09 B,b6c0879,2.9.1+cu128,1.35.2,NVIDIA GeForce RTX 3090,torch_threads=10;polars_threads=20;cuda=True,2026-07-14T15:58:42+00:00
02_pointwise_1d_ii,1.0,100000,binary_search,gpu,5,2,ok,54938,10000000000,5.315,5.320;5.315;5.314;5.321;5.312,,b6c0879,2.9.1+cu128,1.35.2,NVIDIA GeForce RTX 3090,torch_threads=10;polars_threads=20;cuda=True,2026-07-14T15:58:42+00:00
02_pointwise_1d_ii,1.0,100000,db_join,gpu,5,2,ok,54938,10000000000,14.706,12.425;12.778;14.706;18.326;18.753,,b6c0879,2.9.1+cu128,1.35.2,NVIDIA GeForce RTX 3090,torch_threads=10;polars_threads=20;cuda=True,2026-07-14T15:58:42+00:00
03_pointwise_1d_pi,0.0,100,dense,gpu,5,2,ok,26,10000,0.180,0.186;0.182;0.179;0.180;0.178,,b6c0879,2.9.1+cu128,1.35.2,NVIDIA GeForce RTX 3090,torch_threads=10;polars_threads=20;cuda=True,2026-07-14T15:58:42+00:00
03_pointwise_1d_pi,0.0,100,binary_search,gpu,5,2,ok,26,10000,0.476,0.480;0.481;0.476;0.472;0.473,,b6c0879,2.9.1+cu128,1.35.2,NVIDIA GeForce RTX 3090,torch_threads=10;polars_threads=20;cuda=True,2026-07-14T15:58:43+00:00
03_pointwise_1d_pi,0.0,100,db_join,gpu,5,2,ok,26,10000,0.552,0.552;0.511;0.513;0.554;0.584,,b6c0879,2.9.1+cu128,1.35.2,NVIDIA GeForce RTX 3090,torch_threads=10;polars_threads=20;cuda=True,2026-07-14T15:58:43+00:00
03_pointwise_1d_pi,0.0,300,dense,gpu,5,2,ok,69,90000,0.188,0.191;0.191;0.188;0.188;0.186,,b6c0879,2.9.1+cu128,1.35.2,NVIDIA GeForce RTX 3090,torch_threads=10;polars_threads=20;cuda=True,2026-07-14T15:58:43+00:00
03_pointwise_1d_pi,0.0,300,binary_search,gpu,5,2,ok,69,90000,0.495,0.497;0.495;0.495;0.494;0.494,,b6c0879,2.9.1+cu128,1.35.2,NVIDIA GeForce RTX 3090,torch_threads=10;polars_threads=20;cuda=True,2026-07-14T15:58:43+00:00
03_pointwise_1d_pi,0.0,300,db_join,gpu,5,2,ok,69,90000,0.583,0.637;0.763;0.583;0.580;0.575,,b6c0879,2.9.1+cu128,1.35.2,NVIDIA GeForce RTX 3090,torch_threads=10;polars_threads=20;cuda=True,2026-07-14T15:58:43+00:00
03_pointwise_1d_pi,0.0,1000,dense,gpu,5,2,ok,244,1000000,0.188,0.190;0.188;0.187;0.188;0.186,,b6c0879,2.9.1+cu128,1.35.2,NVIDIA GeForce RTX 3090,torch_threads=10;polars_threads=20;cuda=True,2026-07-14T15:58:43+00:00
03_pointwise_1d_pi,0.0,1000,binary_search,gpu,5,2,ok,244,1000000,0.505,0.508;0.505;0.505;0.506;0.504,,b6c0879,2.9.1+cu128,1.35.2,NVIDIA GeForce RTX 3090,torch_threads=10;polars_threads=20;cuda=True,2026-07-14T15:58:43+00:00
03_pointwise_1d_pi,0.0,1000,db_join,gpu,5,2,ok,244,1000000,0.593,0.663;0.593;0.593;0.613;0.567,,b6c0879,2.9.1+cu128,1.35.2,NVIDIA GeForce RTX 3090,torch_threads=10;polars_threads=20;cuda=True,2026-07-14T15:58:43+00:00
03_pointwise_1d_pi,0.0,3000,dense,gpu,5,2,ok,740,9000000,0.620,0.620;0.624;0.615;0.620;0.620,,b6c0879,2.9.1+cu128,1.35.2,NVIDIA GeForce RTX 3090,torch_threads=10;polars_threads=20;cuda=True,2026-07-14T15:58:43+00:00
03_pointwise_1d_pi,0.0,3000,binary_search,gpu,5,2,ok,740,9000000,0.594,0.593;0.595;0.594;0.600;0.591,,b6c0879,2.9.1+cu128,1.35.2,NVIDIA GeForce RTX 3090,torch_threads=10;polars_threads=20;cuda=True,2026-07-14T15:58:43+00:00
03_pointwise_1d_pi,0.0,3000,db_join,gpu,5,2,ok,740,9000000,0.807,0.807;0.733;0.752;0.825;0.857,,b6c0879,2.9.1+cu128,1.35.2,NVIDIA GeForce RTX 3090,torch_threads=10;polars_threads=20;cuda=True,2026-07-14T15:58:43+00:00
03_pointwise_1d_pi,0.0,10000,dense,gpu,5,2,ok,2512,100000000,2.803,2.803;2.803;2.804;2.804;2.803,,b6c0879,2.9.1+cu128,1.35.2,NVIDIA GeForce RTX 3090,torch_threads=10;polars_threads=20;cuda=True,2026-07-14T15:58:43+00:00
03_pointwise_1d_pi,0.0,10000,binary_search,gpu,5,2,ok,2512,100000000,0.913,0.904;0.906;0.913;0.969;0.917,,b6c0879,2.9.1+cu128,1.35.2,NVIDIA GeForce RTX 3090,torch_threads=10;polars_threads=20;cuda=True,2026-07-14T15:58:43+00:00
03_pointwise_1d_pi,0.0,10000,db_join,gpu,5,2,ok,2512,100000000,1.723,1.723;1.839;1.819;1.541;1.585,,b6c0879,2.9.1+cu128,1.35.2,NVIDIA GeForce RTX 3090,torch_threads=10;polars_threads=20;cuda=True,2026-07-14T15:58:43+00:00
03_pointwise_1d_pi,0.0,30000,dense,gpu,5,2,ok,7429,900000000,14.296,14.296;14.297;13.256;13.252;14.305,,b6c0879,2.9.1+cu128,1.35.2,NVIDIA GeForce RTX 3090,torch_threads=10;polars_threads=20;cuda=True,2026-07-14T15:58:43+00:00
03_pointwise_1d_pi,0.0,30000,binary_search,gpu,5,2,ok,7429,900000000,1.757,1.760;1.757;1.753;1.760;1.755,,b6c0879,2.9.1+cu128,1.35.2,NVIDIA GeForce RTX 3090,torch_threads=10;polars_threads=20;cuda=True,2026-07-14T15:58:43+00:00
03_pointwise_1d_pi,0.0,30000,db_join,gpu,5,2,ok,7429,900000000,3.974,4.092;3.914;3.974;3.967;5.410,,b6c0879,2.9.1+cu128,1.35.2,NVIDIA GeForce RTX 3090,torch_threads=10;polars_threads=20;cuda=True,2026-07-14T15:58:43+00:00
03_pointwise_1d_pi,0.0,100000,dense,gpu,5,2,skipped_guard,,10000000000,,,predicted 1.0e+10 B > 4.0e+09 B,b6c0879,2.9.1+cu128,1.35.2,NVIDIA GeForce RTX 3090,torch_threads=10;polars_threads=20;cuda=True,2026-07-14T15:58:43+00:00
03_pointwise_1d_pi,0.0,100000,binary_search,gpu,5,2,ok,25126,10000000000,5.261,5.258;5.261;5.346;5.256;5.327,,b6c0879,2.9.1+cu128,1.35.2,NVIDIA GeForce RTX 3090,torch_threads=10;polars_threads=20;cuda=True,2026-07-14T15:58:43+00:00
03_pointwise_1d_pi,0.0,100000,db_join,gpu,5,2,ok,25126,10000000000,15.393,14.501;13.479;15.393;24.540;22.262,,b6c0879,2.9.1+cu128,1.35.2,NVIDIA GeForce RTX 3090,torch_threads=10;polars_threads=20;cuda=True,2026-07-14T15:58:43+00:00
03_pointwise_1d_pi,0.5,100,dense,gpu,5,2,ok,39,10000,0.190,0.191;0.190;0.194;0.188;0.188,,b6c0879,2.9.1+cu128,1.35.2,NVIDIA GeForce RTX 3090,torch_threads=10;polars_threads=20;cuda=True,2026-07-14T15:58:43+00:00
03_pointwise_1d_pi,0.5,100,binary_search,gpu,5,2,ok,39,10000,0.492,0.495;0.490;0.497;0.490;0.492,,b6c0879,2.9.1+cu128,1.35.2,NVIDIA GeForce RTX 3090,torch_threads=10;polars_threads=20;cuda=True,2026-07-14T15:58:43+00:00
03_pointwise_1d_pi,0.5,100,db_join,gpu,5,2,ok,39,10000,0.563,0.563;0.525;0.581;0.611;0.511,,b6c0879,2.9.1+cu128,1.35.2,NVIDIA GeForce RTX 3090,torch_threads=10;polars_threads=20;cuda=True,2026-07-14T15:58:43+00:00
03_pointwise_1d_pi,0.5,300,dense,gpu,5,2,ok,96,90000,0.191,0.194;0.193;0.191;0.190;0.190,,b6c0879,2.9.1+cu128,1.35.2,NVIDIA GeForce RTX 3090,torch_threads=10;polars_threads=20;cuda=True,2026-07-14T15:58:43+00:00
03_pointwise_1d_pi,0.5,300,binary_search,gpu,5,2,ok,96,90000,0.503,0.502;0.509;0.503;0.501;0.503,,b6c0879,2.9.1+cu128,1.35.2,NVIDIA GeForce RTX 3090,torch_threads=10;polars_threads=20;cuda=True,2026-07-14T15:58:44+00:00
03_pointwise_1d_pi,0.5,300,db_join,gpu,5,2,ok,96,90000,0.594,0.594;0.646;0.626;0.557;0.546,,b6c0879,2.9.1+cu128,1.35.2,NVIDIA GeForce RTX 3090,torch_threads=10;polars_threads=20;cuda=True,2026-07-14T15:58:44+00:00
03_pointwise_1d_pi,0.5,1000,dense,gpu,5,2,ok,342,1000000,0.182,0.185;0.181;0.182;0.182;0.181,,b6c0879,2.9.1+cu128,1.35.2,NVIDIA GeForce RTX 3090,torch_threads=10;polars_threads=20;cuda=True,2026-07-14T15:58:44+00:00
03_pointwise_1d_pi,0.5,1000,binary_search,gpu,5,2,ok,342,1000000,0.494,0.502;0.498;0.491;0.491;0.494,,b6c0879,2.9.1+cu128,1.35.2,NVIDIA GeForce RTX 3090,torch_threads=10;polars_threads=20;cuda=True,2026-07-14T15:58:44+00:00
03_pointwise_1d_pi,0.5,1000,db_join,gpu,5,2,ok,342,1000000,0.678,0.609;0.838;0.874;0.678;0.677,,b6c0879,2.9.1+cu128,1.35.2,NVIDIA GeForce RTX 3090,torch_threads=10;polars_threads=20;cuda=True,2026-07-14T15:58:44+00:00
03_pointwise_1d_pi,0.5,3000,dense,gpu,5,2,ok,1045,9000000,0.641,0.613;0.641;0.644;0.647;0.625,,b6c0879,2.9.1+cu128,1.35.2,NVIDIA GeForce RTX 3090,torch_threads=10;polars_threads=20;cuda=True,2026-07-14T15:58:44+00:00
03_pointwise_1d_pi,0.5,3000,binary_search,gpu,5,2,ok,1045,9000000,0.582,0.582;0.583;0.574;0.580;0.583,,b6c0879,2.9.1+cu128,1.35.2,NVIDIA GeForce RTX 3090,torch_threads=10;polars_threads=20;cuda=True,2026-07-14T15:58:44+00:00
03_pointwise_1d_pi,0.5,3000,db_join,gpu,5,2,ok,1045,9000000,0.853,0.926;0.790;0.862;0.826;0.853,,b6c0879,2.9.1+cu128,1.35.2,NVIDIA GeForce RTX 3090,torch_threads=10;polars_threads=20;cuda=True,2026-07-14T15:58:44+00:00
03_pointwise_1d_pi,0.5,10000,dense,gpu,5,2,ok,3497,100000000,2.802,2.797;2.802;2.802;2.805;2.794,,b6c0879,2.9.1+cu128,1.35.2,NVIDIA GeForce RTX 3090,torch_threads=10;polars_threads=20;cuda=True,2026-07-14T15:58:44+00:00
03_pointwise_1d_pi,0.5,10000,binary_search,gpu,5,2,ok,3497,100000000,0.921,0.921;0.939;0.918;0.947;0.920,,b6c0879,2.9.1+cu128,1.35.2,NVIDIA GeForce RTX 3090,torch_threads=10;polars_threads=20;cuda=True,2026-07-14T15:58:44+00:00
03_pointwise_1d_pi,0.5,10000,db_join,gpu,5,2,ok,3497,100000000,1.689,1.659;1.832;1.689;1.656;1.829,,b6c0879,2.9.1+cu128,1.35.2,NVIDIA GeForce RTX 3090,torch_threads=10;polars_threads=20;cuda=True,2026-07-14T15:58:44+00:00
03_pointwise_1d_pi,0.5,30000,dense,gpu,5,2,ok,10375,900000000,14.295,14.296;14.301;13.255;13.248;14.295,,b6c0879,2.9.1+cu128,1.35.2,NVIDIA GeForce RTX 3090,torch_threads=10;polars_threads=20;cuda=True,2026-07-14T15:58:44+00:00
03_pointwise_1d_pi,0.5,30000,binary_search,gpu,5,2,ok,10375,900000000,1.777,1.774;1.777;1.788;1.785;1.777,,b6c0879,2.9.1+cu128,1.35.2,NVIDIA GeForce RTX 3090,torch_threads=10;polars_threads=20;cuda=True,2026-07-14T15:58:44+00:00
03_pointwise_1d_pi,0.5,30000,db_join,gpu,5,2,ok,10375,900000000,4.206,6.319;6.907;4.195;4.026;4.206,,b6c0879,2.9.1+cu128,1.35.2,NVIDIA GeForce RTX 3090,torch_threads=10;polars_threads=20;cuda=True,2026-07-14T15:58:44+00:00
03_pointwise_1d_pi,0.5,100000,dense,gpu,5,2,skipped_guard,,10000000000,,,predicted 1.0e+10 B > 4.0e+09 B,b6c0879,2.9.1+cu128,1.35.2,NVIDIA GeForce RTX 3090,torch_threads=10;polars_threads=20;cuda=True,2026-07-14T15:58:44+00:00
03_pointwise_1d_pi,0.5,100000,binary_search,gpu,5,2,ok,34695,10000000000,5.368,5.368;5.369;5.372;5.363;5.363,,b6c0879,2.9.1+cu128,1.35.2,NVIDIA GeForce RTX 3090,torch_threads=10;polars_threads=20;cuda=True,2026-07-14T15:58:44+00:00
03_pointwise_1d_pi,0.5,100000,db_join,gpu,5,2,ok,34695,10000000000,15.781,12.876;17.298;13.745;16.395;15.781,,b6c0879,2.9.1+cu128,1.35.2,NVIDIA GeForce RTX 3090,torch_threads=10;polars_threads=20;cuda=True,2026-07-14T15:58:44+00:00
03_pointwise_1d_pi,1.0,100,dense,gpu,5,2,ok,47,10000,0.182,0.184;0.184;0.182;0.180;0.179,,b6c0879,2.9.1+cu128,1.35.2,NVIDIA GeForce RTX 3090,torch_threads=10;polars_threads=20;cuda=True,2026-07-14T15:58:44+00:00
03_pointwise_1d_pi,1.0,100,binary_search,gpu,5,2,ok,47,10000,0.480,0.480;0.493;0.543;0.480;0.480,,b6c0879,2.9.1+cu128,1.35.2,NVIDIA GeForce RTX 3090,torch_threads=10;polars_threads=20;cuda=True,2026-07-14T15:58:44+00:00
03_pointwise_1d_pi,1.0,100,db_join,gpu,5,2,ok,47,10000,0.551,0.515;0.710;0.770;0.551;0.551,,b6c0879,2.9.1+cu128,1.35.2,NVIDIA GeForce RTX 3090,torch_threads=10;polars_threads=20;cuda=True,2026-07-14T15:58:44+00:00
03_pointwise_1d_pi,1.0,300,dense,gpu,5,2,ok,123,90000,0.183,0.187;0.186;0.183;0.183;0.183,,b6c0879,2.9.1+cu128,1.35.2,NVIDIA GeForce RTX 3090,torch_threads=10;polars_threads=20;cuda=True,2026-07-14T15:58:44+00:00
03_pointwise_1d_pi,1.0,300,binary_search,gpu,5,2,ok,123,90000,0.498,0.496;0.498;0.497;0.500;0.506,,b6c0879,2.9.1+cu128,1.35.2,NVIDIA GeForce RTX 3090,torch_threads=10;polars_threads=20;cuda=True,2026-07-14T15:58:44+00:00
03_pointwise_1d_pi,1.0,300,db_join,gpu,5,2,ok,123,90000,0.597,0.664;0.520;0.537;0.648;0.597,,b6c0879,2.9.1+cu128,1.35.2,NVIDIA GeForce RTX 3090,torch_threads=10;polars_threads=20;cuda=True,2026-07-14T15:58:44+00:00
03_pointwise_1d_pi,1.0,1000,dense,gpu,5,2,ok,414,1000000,0.182,0.185;0.182;0.181;0.180;0.187,,b6c0879,2.9.1+cu128,1.35.2,NVIDIA GeForce RTX 3090,torch_threads=10;polars_threads=20;cuda=True,2026-07-14T15:58:44+00:00
03_pointwise_1d_pi,1.0,1000,binary_search,gpu,5,2,ok,414,1000000,0.491,0.494;0.491;0.487;0.496;0.490,,b6c0879,2.9.1+cu128,1.35.2,NVIDIA GeForce RTX 3090,torch_threads=10;polars_threads=20;cuda=True,2026-07-14T15:58:44+00:00
03_pointwise_1d_pi,1.0,1000,db_join,gpu,5,2,ok,414,1000000,0.654,0.654;0.664;0.571;0.590;0.683,,b6c0879,2.9.1+cu128,1.35.2,NVIDIA GeForce RTX 3090,torch_threads=10;polars_threads=20;cuda=True,2026-07-14T15:58:44+00:00
03_pointwise_1d_pi,1.0,3000,dense,gpu,5,2,ok,1245,9000000,0.619,0.619;0.621;0.616;0.619;0.620,,b6c0879,2.9.1+cu128,1.35.2,NVIDIA GeForce RTX 3090,torch_threads=10;polars_threads=20;cuda=True,2026-07-14T15:58:44+00:00
03_pointwise_1d_pi,1.0,3000,binary_search,gpu,5,2,ok,1245,9000000,0.568,0.571;0.567;0.565;0.568;0.568,,b6c0879,2.9.1+cu128,1.35.2,NVIDIA GeForce RTX 3090,torch_threads=10;polars_threads=20;cuda=True,2026-07-14T15:58:44+00:00
03_pointwise_1d_pi,1.0,3000,db_join,gpu,5,2,ok,1245,9000000,0.788,0.788;0.773;0.881;0.788;0.748,,b6c0879,2.9.1+cu128,1.35.2,NVIDIA GeForce RTX 3090,torch_threads=10;polars_threads=20;cuda=True,2026-07-14T15:58:44+00:00
03_pointwise_1d_pi,1.0,10000,dense,gpu,5,2,ok,4189,100000000,2.803,2.802;2.800;2.805;2.803;2.804,,b6c0879,2.9.1+cu128,1.35.2,NVIDIA GeForce RTX 3090,torch_threads=10;polars_threads=20;cuda=True,2026-07-14T15:58:44+00:00
03_pointwise_1d_pi,1.0,10000,binary_search,gpu,5,2,ok,4189,100000000,0.904,0.901;0.905;0.901;0.906;0.904,,b6c0879,2.9.1+cu128,1.35.2,NVIDIA GeForce RTX 3090,torch_threads=10;polars_threads=20;cuda=True,2026-07-14T15:58:44+00:00
03_pointwise_1d_pi,1.0,10000,db_join,gpu,5,2,ok,4189,100000000,1.727,1.642;1.830;1.581;2.130;1.727,,b6c0879,2.9.1+cu128,1.35.2,NVIDIA GeForce RTX 3090,torch_threads=10;polars_threads=20;cuda=True,2026-07-14T15:58:44+00:00
03_pointwise_1d_pi,1.0,30000,dense,gpu,5,2,ok,12400,900000000,14.293,14.293;14.304;13.254;13.244;14.303,,b6c0879,2.9.1+cu128,1.35.2,NVIDIA GeForce RTX 3090,torch_threads=10;polars_threads=20;cuda=True,2026-07-14T15:58:44+00:00
03_pointwise_1d_pi,1.0,30000,binary_search,gpu,5,2,ok,12400,900000000,2.324,2.323;2.325;2.325;2.324;2.216,,b6c0879,2.9.1+cu128,1.35.2,NVIDIA GeForce RTX 3090,torch_threads=10;polars_threads=20;cuda=True,2026-07-14T15:58:44+00:00
03_pointwise_1d_pi,1.0,30000,db_join,gpu,5,2,ok,12400,900000000,4.730,5.525;7.140;4.730;4.441;4.369,,b6c0879,2.9.1+cu128,1.35.2,NVIDIA GeForce RTX 3090,torch_threads=10;polars_threads=20;cuda=True,2026-07-14T15:58:44+00:00
03_pointwise_1d_pi,1.0,100000,dense,gpu,5,2,skipped_guard,,10000000000,,,predicted 1.0e+10 B > 4.0e+09 B,b6c0879,2.9.1+cu128,1.35.2,NVIDIA GeForce RTX 3090,torch_threads=10;polars_threads=20;cuda=True,2026-07-14T15:58:44+00:00
03_pointwise_1d_pi,1.0,100000,binary_search,gpu,5,2,ok,41564,10000000000,5.243,5.243;5.245;5.242;5.245;5.243,,b6c0879,2.9.1+cu128,1.35.2,NVIDIA GeForce RTX 3090,torch_threads=10;polars_threads=20;cuda=True,2026-07-14T15:58:44+00:00
03_pointwise_1d_pi,1.0,100000,db_join,gpu,5,2,ok,41564,10000000000,14.887,14.712;16.698;14.887;14.462;16.902,,b6c0879,2.9.1+cu128,1.35.2,NVIDIA GeForce RTX 3090,torch_threads=10;polars_threads=20;cuda=True,2026-07-14T15:58:44+00:00
04_pointwise_2d_pp,0.0,100,dense,gpu,5,2,ok,45,10000,0.186,0.190;0.186;0.185;0.182;0.189,,b6c0879,2.9.1+cu128,1.35.2,NVIDIA GeForce RTX 3090,torch_threads=10;polars_threads=20;cuda=True,2026-07-14T15:58:45+00:00
04_pointwise_2d_pp,0.0,100,binary_search,gpu,5,2,ok,45,10000,0.320,0.333;0.321;0.320;0.318;0.320,,b6c0879,2.9.1+cu128,1.35.2,NVIDIA GeForce RTX 3090,torch_threads=10;polars_threads=20;cuda=True,2026-07-14T15:58:46+00:00
04_pointwise_2d_pp,0.0,100,db_join,gpu,5,2,ok,45,10000,0.693,0.757;0.693;0.694;0.656;0.656,,b6c0879,2.9.1+cu128,1.35.2,NVIDIA GeForce RTX 3090,torch_threads=10;polars_threads=20;cuda=True,2026-07-14T15:58:46+00:00
04_pointwise_2d_pp,0.0,300,dense,gpu,5,2,ok,136,90000,0.182,0.185;0.182;0.181;0.182;0.180,,b6c0879,2.9.1+cu128,1.35.2,NVIDIA GeForce RTX 3090,torch_threads=10;polars_threads=20;cuda=True,2026-07-14T15:58:46+00:00
04_pointwise_2d_pp,0.0,300,binary_search,gpu,5,2,ok,136,90000,0.317,0.317;0.314;0.317;0.314;0.317,,b6c0879,2.9.1+cu128,1.35.2,NVIDIA GeForce RTX 3090,torch_threads=10;polars_threads=20;cuda=True,2026-07-14T15:58:46+00:00
04_pointwise_2d_pp,0.0,300,db_join,gpu,5,2,ok,136,90000,0.766,0.781;0.777;0.757;0.765;0.766,,b6c0879,2.9.1+cu128,1.35.2,NVIDIA GeForce RTX 3090,torch_threads=10;polars_threads=20;cuda=True,2026-07-14T15:58:46+00:00
04_pointwise_2d_pp,0.0,1000,dense,gpu,5,2,ok,498,1000000,0.195,0.196;0.195;0.193;0.193;0.200,,b6c0879,2.9.1+cu128,1.35.2,NVIDIA GeForce RTX 3090,torch_threads=10;polars_threads=20;cuda=True,2026-07-14T15:58:46+00:00
04_pointwise_2d_pp,0.0,1000,binary_search,gpu,5,2,ok,498,1000000,0.336,0.337;0.336;0.337;0.334;0.334,,b6c0879,2.9.1+cu128,1.35.2,NVIDIA GeForce RTX 3090,torch_threads=10;polars_threads=20;cuda=True,2026-07-14T15:58:46+00:00
04_pointwise_2d_pp,0.0,1000,db_join,gpu,5,2,ok,498,1000000,0.808,0.816;0.808;0.788;0.833;0.792,,b6c0879,2.9.1+cu128,1.35.2,NVIDIA GeForce RTX 3090,torch_threads=10;polars_threads=20;cuda=True,2026-07-14T15:58:46+00:00
04_pointwise_2d_pp,0.0,3000,dense,gpu,5,2,ok,1483,9000000,0.622,0.621;0.621;0.622;0.625;0.625,,b6c0879,2.9.1+cu128,1.35.2,NVIDIA GeForce RTX 3090,torch_threads=10;polars_threads=20;cuda=True,2026-07-14T15:58:46+00:00
04_pointwise_2d_pp,0.0,3000,binary_search,gpu,5,2,ok,1483,9000000,0.373,0.374;0.373;0.373;0.371;0.379,,b6c0879,2.9.1+cu128,1.35.2,NVIDIA GeForce RTX 3090,torch_threads=10;polars_threads=20;cuda=True,2026-07-14T15:58:46+00:00
04_pointwise_2d_pp,0.0,3000,db_join,gpu,5,2,ok,1483,9000000,0.844,0.848;0.844;0.846;0.791;0.714,,b6c0879,2.9.1+cu128,1.35.2,NVIDIA GeForce RTX 3090,torch_threads=10;polars_threads=20;cuda=True,2026-07-14T15:58:46+00:00
04_pointwise_2d_pp,0.0,10000,dense,gpu,5,2,ok,4950,100000000,2.803,2.802;2.803;2.808;2.805;2.803,,b6c0879,2.9.1+cu128,1.35.2,NVIDIA GeForce RTX 3090,torch_threads=10;polars_threads=20;cuda=True,2026-07-14T15:58:46+00:00
04_pointwise_2d_pp,0.0,10000,binary_search,gpu,5,2,ok,4950,100000000,0.528,0.536;0.526;0.533;0.528;0.527,,b6c0879,2.9.1+cu128,1.35.2,NVIDIA GeForce RTX 3090,torch_threads=10;polars_threads=20;cuda=True,2026-07-14T15:58:46+00:00
04_pointwise_2d_pp,0.0,10000,db_join,gpu,5,2,ok,4950,100000000,1.000,1.185;1.000;1.008;0.969;0.983,,b6c0879,2.9.1+cu128,1.35.2,NVIDIA GeForce RTX 3090,torch_threads=10;polars_threads=20;cuda=True,2026-07-14T15:58:46+00:00
04_pointwise_2d_pp,0.0,30000,dense,gpu,5,2,ok,14921,900000000,14.300,14.299;14.301;14.302;14.300;14.293,,b6c0879,2.9.1+cu128,1.35.2,NVIDIA GeForce RTX 3090,torch_threads=10;polars_threads=20;cuda=True,2026-07-14T15:58:46+00:00
04_pointwise_2d_pp,0.0,30000,binary_search,gpu,5,2,ok,14921,900000000,1.267,1.267;1.266;1.266;1.267;1.292,,b6c0879,2.9.1+cu128,1.35.2,NVIDIA GeForce RTX 3090,torch_threads=10;polars_threads=20;cuda=True,2026-07-14T15:58:46+00:00
04_pointwise_2d_pp,0.0,30000,db_join,gpu,5,2,ok,14921,900000000,3.181,3.181;3.183;3.180;3.180;3.183,,b6c0879,2.9.1+cu128,1.35.2,NVIDIA GeForce RTX 3090,torch_threads=10;polars_threads=20;cuda=True,2026-07-14T15:58:46+00:00
04_pointwise_2d_pp,0.0,100000,dense,gpu,5,2,skipped_guard,,10000000000,,,predicted 1.0e+10 B > 4.0e+09 B,b6c0879,2.9.1+cu128,1.35.2,NVIDIA GeForce RTX 3090,torch_threads=10;polars_threads=20;cuda=True,2026-07-14T15:58:46+00:00
04_pointwise_2d_pp,0.0,100000,binary_search,gpu,5,2,ok,49836,10000000000,5.183,5.181;5.192;5.183;5.179;5.191,,b6c0879,2.9.1+cu128,1.35.2,NVIDIA GeForce RTX 3090,torch_threads=10;polars_threads=20;cuda=True,2026-07-14T15:58:46+00:00
04_pointwise_2d_pp,0.0,100000,db_join,gpu,5,2,ok,49836,10000000000,4.681,5.013;4.681;4.448;4.251;5.101,,b6c0879,2.9.1+cu128,1.35.2,NVIDIA GeForce RTX 3090,torch_threads=10;polars_threads=20;cuda=True,2026-07-14T15:58:46+00:00
04_pointwise_2d_pp,0.5,100,dense,gpu,5,2,ok,55,10000,0.184,0.190;0.186;0.184;0.183;0.184,,b6c0879,2.9.1+cu128,1.35.2,NVIDIA GeForce RTX 3090,torch_threads=10;polars_threads=20;cuda=True,2026-07-14T15:58:46+00:00
04_pointwise_2d_pp,0.5,100,binary_search,gpu,5,2,ok,55,10000,0.320,0.321;0.320;0.318;0.325;0.318,,b6c0879,2.9.1+cu128,1.35.2,NVIDIA GeForce RTX 3090,torch_threads=10;polars_threads=20;cuda=True,2026-07-14T15:58:46+00:00
04_pointwise_2d_pp,0.5,100,db_join,gpu,5,2,ok,55,10000,0.615,0.719;0.646;0.601;0.615;0.566,,b6c0879,2.9.1+cu128,1.35.2,NVIDIA GeForce RTX 3090,torch_threads=10;polars_threads=20;cuda=True,2026-07-14T15:58:46+00:00
04_pointwise_2d_pp,0.5,300,dense,gpu,5,2,ok,176,90000,0.185,0.188;0.186;0.185;0.184;0.184,,b6c0879,2.9.1+cu128,1.35.2,NVIDIA GeForce RTX 3090,torch_threads=10;polars_threads=20;cuda=True,2026-07-14T15:58:46+00:00
04_pointwise_2d_pp,0.5,300,binary_search,gpu,5,2,ok,176,90000,0.322,0.323;0.324;0.322;0.318;0.321,,b6c0879,2.9.1+cu128,1.35.2,NVIDIA GeForce RTX 3090,torch_threads=10;polars_threads=20;cuda=True,2026-07-14T15:58:46+00:00
04_pointwise_2d_pp,0.5,300,db_join,gpu,5,2,ok,176,90000,0.617,0.617;0.651;0.616;0.617;0.665,,b6c0879,2.9.1+cu128,1.35.2,NVIDIA GeForce RTX 3090,torch_threads=10;polars_threads=20;cuda=True,2026-07-14T15:58:46+00:00
04_pointwise_2d_pp,0.5,1000,dense,gpu,5,2,ok,618,1000000,0.180,0.184;0.182;0.180;0.179;0.180,,b6c0879,2.9.1+cu128,1.35.2,NVIDIA GeForce RTX 3090,torch_threads=10;polars_threads=20;cuda=True,2026-07-14T15:58:46+00:00
04_pointwise_2d_pp,0.5,1000,binary_search,gpu,5,2,ok,618,1000000,0.314,0.317;0.314;0.313;0.312;0.314,,b6c0879,2.9.1+cu128,1.35.2,NVIDIA GeForce RTX 3090,torch_threads=10;polars_threads=20;cuda=True,2026-07-14T15:58:46+00:00
04_pointwise_2d_pp,0.5,1000,db_join,gpu,5,2,ok,618,1000000,0.692,0.715;0.706;0.692;0.634;0.692,,b6c0879,2.9.1+cu128,1.35.2,NVIDIA GeForce RTX 3090,torch_threads=10;polars_threads=20;cuda=True,2026-07-14T15:58:46+00:00
04_pointwise_2d_pp,0.5,3000,dense,gpu,5,2,ok,1840,9000000,0.623,0.622;0.624;0.620;0.623;0.623,,b6c0879,2.9.1+cu128,1.35.2,NVIDIA GeForce RTX 3090,torch_threads=10;polars_threads=20;cuda=True,2026-07-14T15:58:46+00:00
04_pointwise_2d_pp,0.5,3000,binary_search,gpu,5,2,ok,1840,9000000,0.382,0.382;0.380;0.380;1.224;0.383,,b6c0879,2.9.1+cu128,1.35.2,NVIDIA GeForce RTX 3090,torch_threads=10;polars_threads=20;cuda=True,2026-07-14T15:58:46+00:00
04_pointwise_2d_pp,0.5,3000,db_join,gpu,5,2,ok,1840,9000000,0.794,0.794;0.804;0.743;0.733;0.872,,b6c0879,2.9.1+cu128,1.35.2,NVIDIA GeForce RTX 3090,torch_threads=10;polars_threads=20;cuda=True,2026-07-14T15:58:46+00:00
04_pointwise_2d_pp,0.5,10000,dense,gpu,5,2,ok,6144,100000000,2.802,2.799;2.803;2.796;2.802;2.804,,b6c0879,2.9.1+cu128,1.35.2,NVIDIA GeForce RTX 3090,torch_threads=10;polars_threads=20;cuda=True,2026-07-14T15:58:46+00:00
04_pointwise_2d_pp,0.5,10000,binary_search,gpu,5,2,ok,6144,100000000,0.532,0.541;0.535;0.532;0.531;0.530,,b6c0879,2.9.1+cu128,1.35.2,NVIDIA GeForce RTX 3090,torch_threads=10;polars_threads=20;cuda=True,2026-07-14T15:58:46+00:00
04_pointwise_2d_pp,0.5,10000,db_join,gpu,5,2,ok,6144,100000000,0.933,0.927;0.933;0.847;1.047;0.973,,b6c0879,2.9.1+cu128,1.35.2,NVIDIA GeForce RTX 3090,torch_threads=10;polars_threads=20;cuda=True,2026-07-14T15:58:46+00:00
04_pointwise_2d_pp,0.5,30000,dense,gpu,5,2,ok,18316,900000000,14.299,14.297;14.300;14.299;14.299;14.310,,b6c0879,2.9.1+cu128,1.35.2,NVIDIA GeForce RTX 3090,torch_threads=10;polars_threads=20;cuda=True,2026-07-14T15:58:46+00:00
04_pointwise_2d_pp,0.5,30000,binary_search,gpu,5,2,ok,18316,900000000,1.225,1.240;1.223;1.225;1.225;1.229,,b6c0879,2.9.1+cu128,1.35.2,NVIDIA GeForce RTX 3090,torch_threads=10;polars_threads=20;cuda=True,2026-07-14T15:58:46+00:00
04_pointwise_2d_pp,0.5,30000,db_join,gpu,5,2,ok,18316,900000000,3.189,3.188;3.188;3.192;3.189;3.197,,b6c0879,2.9.1+cu128,1.35.2,NVIDIA GeForce RTX 3090,torch_threads=10;polars_threads=20;cuda=True,2026-07-14T15:58:46+00:00
04_pointwise_2d_pp,0.5,100000,dense,gpu,5,2,skipped_guard,,10000000000,,,predicted 1.0e+10 B > 4.0e+09 B,b6c0879,2.9.1+cu128,1.35.2,NVIDIA GeForce RTX 3090,torch_threads=10;polars_threads=20;cuda=True,2026-07-14T15:58:46+00:00
04_pointwise_2d_pp,0.5,100000,binary_search,gpu,5,2,ok,61328,10000000000,5.423,5.422;5.430;5.443;5.423;5.419,,b6c0879,2.9.1+cu128,1.35.2,NVIDIA GeForce RTX 3090,torch_threads=10;polars_threads=20;cuda=True,2026-07-14T15:58:46+00:00
04_pointwise_2d_pp,0.5,100000,db_join,gpu,5,2,ok,61328,10000000000,4.438,4.558;4.438;4.565;4.165;4.435,,b6c0879,2.9.1+cu128,1.35.2,NVIDIA GeForce RTX 3090,torch_threads=10;polars_threads=20;cuda=True,2026-07-14T15:58:46+00:00
04_pointwise_2d_pp,1.0,100,dense,gpu,5,2,ok,72,10000,0.187,0.191;0.187;0.187;0.185;0.187,,b6c0879,2.9.1+cu128,1.35.2,NVIDIA GeForce RTX 3090,torch_threads=10;polars_threads=20;cuda=True,2026-07-14T15:58:46+00:00
04_pointwise_2d_pp,1.0,100,binary_search,gpu,5,2,ok,72,10000,0.318,0.323;0.319;0.318;0.317;0.318,,b6c0879,2.9.1+cu128,1.35.2,NVIDIA GeForce RTX 3090,torch_threads=10;polars_threads=20;cuda=True,2026-07-14T15:58:46+00:00
04_pointwise_2d_pp,1.0,100,db_join,gpu,5,2,ok,72,10000,0.694,0.596;0.711;0.699;0.674;0.694,,b6c0879,2.9.1+cu128,1.35.2,NVIDIA GeForce RTX 3090,torch_threads=10;polars_threads=20;cuda=True,2026-07-14T15:58:46+00:00
04_pointwise_2d_pp,1.0,300,dense,gpu,5,2,ok,221,90000,0.191,0.194;0.191;0.189;0.196;0.189,,b6c0879,2.9.1+cu128,1.35.2,NVIDIA GeForce RTX 3090,torch_threads=10;polars_threads=20;cuda=True,2026-07-14T15:58:46+00:00
04_pointwise_2d_pp,1.0,300,binary_search,gpu,5,2,ok,221,90000,0.333,0.334;0.330;0.333;0.327;0.333,,b6c0879,2.9.1+cu128,1.35.2,NVIDIA GeForce RTX 3090,torch_threads=10;polars_threads=20;cuda=True,2026-07-14T15:58:46+00:00
04_pointwise_2d_pp,1.0,300,db_join,gpu,5,2,ok,221,90000,0.678,0.640;0.678;0.693;0.621;0.685,,b6c0879,2.9.1+cu128,1.35.2,NVIDIA GeForce RTX 3090,torch_threads=10;polars_threads=20;cuda=True,2026-07-14T15:58:46+00:00
04_pointwise_2d_pp,1.0,1000,dense,gpu,5,2,ok,741,1000000,0.193,0.205;0.196;0.193;0.191;0.190,,b6c0879,2.9.1+cu128,1.35.2,NVIDIA GeForce RTX 3090,torch_threads=10;polars_threads=20;cuda=True,2026-07-14T15:58:46+00:00
04_pointwise_2d_pp,1.0,1000,binary_search,gpu,5,2,ok,741,1000000,0.338,0.338;0.337;0.341;0.340;0.337,,b6c0879,2.9.1+cu128,1.35.2,NVIDIA GeForce RTX 3090,torch_threads=10;polars_threads=20;cuda=True,2026-07-14T15:58:46+00:00
04_pointwise_2d_pp,1.0,1000,db_join,gpu,5,2,ok,741,1000000,0.782,0.637;0.788;0.788;0.782;0.763,,b6c0879,2.9.1+cu128,1.35.2,NVIDIA GeForce RTX 3090,torch_threads=10;polars_threads=20;cuda=True,2026-07-14T15:58:46+00:00
04_pointwise_2d_pp,1.0,3000,dense,gpu,5,2,ok,2192,9000000,0.619,0.619;0.619;0.619;0.619;0.621,,b6c0879,2.9.1+cu128,1.35.2,NVIDIA GeForce RTX 3090,torch_threads=10;polars_threads=20;cuda=True,2026-07-14T15:58:46+00:00
04_pointwise_2d_pp,1.0,3000,binary_search,gpu,5,2,ok,2192,9000000,0.374,0.374;0.374;0.381;0.372;0.372,,b6c0879,2.9.1+cu128,1.35.2,NVIDIA GeForce RTX 3090,torch_threads=10;polars_threads=20;cuda=True,2026-07-14T15:58:46+00:00
04_pointwise_2d_pp,1.0,3000,db_join,gpu,5,2,ok,2192,9000000,0.775,0.745;0.893;0.775;0.732;0.793,,b6c0879,2.9.1+cu128,1.35.2,NVIDIA GeForce RTX 3090,torch_threads=10;polars_threads=20;cuda=True,2026-07-14T15:58:46+00:00
04_pointwise_2d_pp,1.0,10000,dense,gpu,5,2,ok,7340,100000000,2.804,2.803;2.805;2.806;2.804;2.800,,b6c0879,2.9.1+cu128,1.35.2,NVIDIA GeForce RTX 3090,torch_threads=10;polars_threads=20;cuda=True,2026-07-14T15:58:46+00:00
04_pointwise_2d_pp,1.0,10000,binary_search,gpu,5,2,ok,7340,100000000,0.535,0.554;0.535;0.535;0.534;0.527,,b6c0879,2.9.1+cu128,1.35.2,NVIDIA GeForce RTX 3090,torch_threads=10;polars_threads=20;cuda=True,2026-07-14T15:58:46+00:00
04_pointwise_2d_pp,1.0,10000,db_join,gpu,5,2,ok,7340,100000000,0.932,0.898;0.951;0.981;0.932;0.886,,b6c0879,2.9.1+cu128,1.35.2,NVIDIA GeForce RTX 3090,torch_threads=10;polars_threads=20;cuda=True,2026-07-14T15:58:46+00:00
04_pointwise_2d_pp,1.0,30000,dense,gpu,5,2,ok,22092,900000000,14.301,14.330;14.301;14.299;14.301;14.303,,b6c0879,2.9.1+cu128,1.35.2,NVIDIA GeForce RTX 3090,torch_threads=10;polars_threads=20;cuda=True,2026-07-14T15:58:46+00:00
04_pointwise_2d_pp,1.0,30000,binary_search,gpu,5,2,ok,22092,900000000,1.213,1.211;1.219;1.213;1.207;1.215,,b6c0879,2.9.1+cu128,1.35.2,NVIDIA GeForce RTX 3090,torch_threads=10;polars_threads=20;cuda=True,2026-07-14T15:58:46+00:00
04_pointwise_2d_pp,1.0,30000,db_join,gpu,5,2,ok,22092,900000000,3.199,3.205;3.204;3.196;3.198;3.199,,b6c0879,2.9.1+cu128,1.35.2,NVIDIA GeForce RTX 3090,torch_threads=10;polars_threads=20;cuda=True,2026-07-14T15:58:46+00:00
04_pointwise_2d_pp,1.0,100000,dense,gpu,5,2,skipped_guard,,10000000000,,,predicted 1.0e+10 B > 4.0e+09 B,b6c0879,2.9.1+cu128,1.35.2,NVIDIA GeForce RTX 3090,torch_threads=10;polars_threads=20;cuda=True,2026-07-14T15:58:46+00:00
04_pointwise_2d_pp,1.0,100000,binary_search,gpu,5,2,ok,73760,10000000000,5.069,5.074;5.064;5.072;5.065;5.069,,b6c0879,2.9.1+cu128,1.35.2,NVIDIA GeForce RTX 3090,torch_threads=10;polars_threads=20;cuda=True,2026-07-14T15:58:46+00:00
04_pointwise_2d_pp,1.0,100000,db_join,gpu,5,2,ok,73760,10000000000,4.449,4.449;4.466;4.313;5.777;4.391,,b6c0879,2.9.1+cu128,1.35.2,NVIDIA GeForce RTX 3090,torch_threads=10;polars_threads=20;cuda=True,2026-07-14T15:58:46+00:00
12_matmul_ii,0.0,100,dense,gpu,5,2,ok,29,10000,0.187,0.192;0.188;0.187;0.185;0.185,,b6c0879,2.9.1+cu128,1.35.2,NVIDIA GeForce RTX 3090,torch_threads=10;polars_threads=20;cuda=True,2026-07-14T15:58:47+00:00
12_matmul_ii,0.0,100,binary_search,gpu,5,2,ok,29,10000,0.492,0.493;0.492;0.492;0.494;0.490,,b6c0879,2.9.1+cu128,1.35.2,NVIDIA GeForce RTX 3090,torch_threads=10;polars_threads=20;cuda=True,2026-07-14T15:58:48+00:00
12_matmul_ii,0.0,100,db_join,gpu,5,2,ok,29,10000,0.583,0.583;0.571;0.620;0.684;0.580,,b6c0879,2.9.1+cu128,1.35.2,NVIDIA GeForce RTX 3090,torch_threads=10;polars_threads=20;cuda=True,2026-07-14T15:58:48+00:00
12_matmul_ii,0.0,300,dense,gpu,5,2,ok,97,90000,0.183,0.185;0.184;0.183;0.182;0.180,,b6c0879,2.9.1+cu128,1.35.2,NVIDIA GeForce RTX 3090,torch_threads=10;polars_threads=20;cuda=True,2026-07-14T15:58:48+00:00
12_matmul_ii,0.0,300,binary_search,gpu,5,2,ok,97,90000,0.484,0.486;0.487;0.479;0.484;0.482,,b6c0879,2.9.1+cu128,1.35.2,NVIDIA GeForce RTX 3090,torch_threads=10;polars_threads=20;cuda=True,2026-07-14T15:58:48+00:00
12_matmul_ii,0.0,300,db_join,gpu,5,2,ok,97,90000,0.651,0.578;0.651;0.831;0.675;0.597,,b6c0879,2.9.1+cu128,1.35.2,NVIDIA GeForce RTX 3090,torch_threads=10;polars_threads=20;cuda=True,2026-07-14T15:58:48+00:00
12_matmul_ii,0.0,1000,dense,gpu,5,2,ok,323,1000000,0.191,0.194;0.190;0.190;0.191;0.191,,b6c0879,2.9.1+cu128,1.35.2,NVIDIA GeForce RTX 3090,torch_threads=10;polars_threads=20;cuda=True,2026-07-14T15:58:48+00:00
12_matmul_ii,0.0,1000,binary_search,gpu,5,2,ok,323,1000000,0.511,0.512;0.512;0.511;0.511;0.511,,b6c0879,2.9.1+cu128,1.35.2,NVIDIA GeForce RTX 3090,torch_threads=10;polars_threads=20;cuda=True,2026-07-14T15:58:48+00:00
12_matmul_ii,0.0,1000,db_join,gpu,5,2,ok,323,1000000,0.622,0.612;0.622;0.628;0.722;0.605,,b6c0879,2.9.1+cu128,1.35.2,NVIDIA GeForce RTX 3090,torch_threads=10;polars_threads=20;cuda=True,2026-07-14T15:58:48+00:00
12_matmul_ii,0.0,3000,dense,gpu,5,2,ok,1014,9000000,0.620,0.618;0.622;0.620;0.623;0.619,,b6c0879,2.9.1+cu128,1.35.2,NVIDIA GeForce RTX 3090,torch_threads=10;polars_threads=20;cuda=True,2026-07-14T15:58:48+00:00
12_matmul_ii,0.0,3000,binary_search,gpu,5,2,ok,1014,9000000,0.573,0.576;0.573;0.573;0.597;0.571,,b6c0879,2.9.1+cu128,1.35.2,NVIDIA GeForce RTX 3090,torch_threads=10;polars_threads=20;cuda=True,2026-07-14T15:58:48+00:00
12_matmul_ii,0.0,3000,db_join,gpu,5,2,ok,1014,9000000,0.838,0.838;0.819;0.910;0.866;0.803,,b6c0879,2.9.1+cu128,1.35.2,NVIDIA GeForce RTX 3090,torch_threads=10;polars_threads=20;cuda=True,2026-07-14T15:58:48+00:00
12_matmul_ii,0.0,10000,dense,gpu,5,2,ok,3298,100000000,2.803,2.804;2.800;2.803;2.803;2.803,,b6c0879,2.9.1+cu128,1.35.2,NVIDIA GeForce RTX 3090,torch_threads=10;polars_threads=20;cuda=True,2026-07-14T15:58:48+00:00
12_matmul_ii,0.0,10000,binary_search,gpu,5,2,ok,3298,100000000,0.916,0.918;0.914;0.923;0.916;0.914,,b6c0879,2.9.1+cu128,1.35.2,NVIDIA GeForce RTX 3090,torch_threads=10;polars_threads=20;cuda=True,2026-07-14T15:58:48+00:00
12_matmul_ii,0.0,10000,db_join,gpu,5,2,ok,3298,100000000,1.819,1.819;1.859;1.689;1.823;1.755,,b6c0879,2.9.1+cu128,1.35.2,NVIDIA GeForce RTX 3090,torch_threads=10;polars_threads=20;cuda=True,2026-07-14T15:58:48+00:00
12_matmul_ii,0.0,30000,dense,gpu,5,2,ok,9891,900000000,14.303,14.305;14.296;14.306;14.299;14.303,,b6c0879,2.9.1+cu128,1.35.2,NVIDIA GeForce RTX 3090,torch_threads=10;polars_threads=20;cuda=True,2026-07-14T15:58:48+00:00
12_matmul_ii,0.0,30000,binary_search,gpu,5,2,ok,9891,900000000,1.766,1.765;1.772;1.801;1.766;1.758,,b6c0879,2.9.1+cu128,1.35.2,NVIDIA GeForce RTX 3090,torch_threads=10;polars_threads=20;cuda=True,2026-07-14T15:58:48+00:00
12_matmul_ii,0.0,30000,db_join,gpu,5,2,ok,9891,900000000,4.164,5.267;5.275;2.998;3.922;4.164,,b6c0879,2.9.1+cu128,1.35.2,NVIDIA GeForce RTX 3090,torch_threads=10;polars_threads=20;cuda=True,2026-07-14T15:58:48+00:00
12_matmul_ii,0.0,100000,dense,gpu,5,2,skipped_guard,,10000000000,,,predicted 1.0e+10 B > 4.0e+09 B,b6c0879,2.9.1+cu128,1.35.2,NVIDIA GeForce RTX 3090,torch_threads=10;polars_threads=20;cuda=True,2026-07-14T15:58:48+00:00
12_matmul_ii,0.0,100000,binary_search,gpu,5,2,ok,33204,10000000000,5.273,5.276;5.270;5.277;5.271;5.273,,b6c0879,2.9.1+cu128,1.35.2,NVIDIA GeForce RTX 3090,torch_threads=10;polars_threads=20;cuda=True,2026-07-14T15:58:48+00:00
12_matmul_ii,0.0,100000,db_join,gpu,5,2,ok,33204,10000000000,15.237,16.663;12.848;15.237;12.506;16.428,,b6c0879,2.9.1+cu128,1.35.2,NVIDIA GeForce RTX 3090,torch_threads=10;polars_threads=20;cuda=True,2026-07-14T15:58:48+00:00
12_matmul_ii,0.5,100,dense,gpu,5,2,ok,50,10000,0.185,0.208;0.190;0.185;0.184;0.182,,b6c0879,2.9.1+cu128,1.35.2,NVIDIA GeForce RTX 3090,torch_threads=10;polars_threads=20;cuda=True,2026-07-14T15:58:48+00:00
12_matmul_ii,0.5,100,binary_search,gpu,5,2,ok,50,10000,1.106,1.333;1.327;1.106;1.066;1.077,,b6c0879,2.9.1+cu128,1.35.2,NVIDIA GeForce RTX 3090,torch_threads=10;polars_threads=20;cuda=True,2026-07-14T15:58:48+00:00
12_matmul_ii,0.5,100,db_join,gpu,5,2,ok,50,10000,1.041,1.041;1.114;1.029;1.119;0.959,,b6c0879,2.9.1+cu128,1.35.2,NVIDIA GeForce RTX 3090,torch_threads=10;polars_threads=20;cuda=True,2026-07-14T15:58:48+00:00
12_matmul_ii,0.5,300,dense,gpu,5,2,ok,132,90000,0.275,0.278;0.275;0.282;0.273;0.273,,b6c0879,2.9.1+cu128,1.35.2,NVIDIA GeForce RTX 3090,torch_threads=10;polars_threads=20;cuda=True,2026-07-14T15:58:48+00:00
12_matmul_ii,0.5,300,binary_search,gpu,5,2,ok,132,90000,0.716,0.727;0.716;0.713;0.718;0.713,,b6c0879,2.9.1+cu128,1.35.2,NVIDIA GeForce RTX 3090,torch_threads=10;polars_threads=20;cuda=True,2026-07-14T15:58:48+00:00
12_matmul_ii,0.5,300,db_join,gpu,5,2,ok,132,90000,0.857,0.860;0.859;0.854;0.857;0.826,,b6c0879,2.9.1+cu128,1.35.2,NVIDIA GeForce RTX 3090,torch_threads=10;polars_threads=20;cuda=True,2026-07-14T15:58:48+00:00
12_matmul_ii,0.5,1000,dense,gpu,5,2,ok,450,1000000,0.269,0.274;0.271;0.269;0.269;0.267,,b6c0879,2.9.1+cu128,1.35.2,NVIDIA GeForce RTX 3090,torch_threads=10;polars_threads=20;cuda=True,2026-07-14T15:58:48+00:00
12_matmul_ii,0.5,1000,binary_search,gpu,5,2,ok,450,1000000,0.703,0.705;0.703;0.702;0.711;0.703,,b6c0879,2.9.1+cu128,1.35.2,NVIDIA GeForce RTX 3090,torch_threads=10;polars_threads=20;cuda=True,2026-07-14T15:58:48+00:00
12_matmul_ii,0.5,1000,db_join,gpu,5,2,ok,450,1000000,0.845,0.855;0.960;0.834;0.840;0.845,,b6c0879,2.9.1+cu128,1.35.2,NVIDIA GeForce RTX 3090,torch_threads=10;polars_threads=20;cuda=True,2026-07-14T15:58:48+00:00
12_matmul_ii,0.5,3000,dense,gpu,5,2,ok,1354,9000000,0.655,0.655;0.655;0.656;0.655;0.656,,b6c0879,2.9.1+cu128,1.35.2,NVIDIA GeForce RTX 3090,torch_threads=10;polars_threads=20;cuda=True,2026-07-14T15:58:48+00:00
12_matmul_ii,0.5,3000,binary_search,gpu,5,2,ok,1354,9000000,0.776,0.775;0.783;0.775;0.778;0.776,,b6c0879,2.9.1+cu128,1.35.2,NVIDIA GeForce RTX 3090,torch_threads=10;polars_threads=20;cuda=True,2026-07-14T15:58:48+00:00
12_matmul_ii,0.5,3000,db_join,gpu,5,2,ok,1354,9000000,1.272,1.272;1.237;1.184;1.470;1.530,,b6c0879,2.9.1+cu128,1.35.2,NVIDIA GeForce RTX 3090,torch_threads=10;polars_threads=20;cuda=True,2026-07-14T15:58:48+00:00
12_matmul_ii,0.5,10000,dense,gpu,5,2,ok,4566,100000000,2.802,2.799;2.801;2.804;2.803;2.802,,b6c0879,2.9.1+cu128,1.35.2,NVIDIA GeForce RTX 3090,torch_threads=10;polars_threads=20;cuda=True,2026-07-14T15:58:48+00:00
12_matmul_ii,0.5,10000,binary_search,gpu,5,2,ok,4566,100000000,0.907,0.907;0.901;0.902;0.910;0.944,,b6c0879,2.9.1+cu128,1.35.2,NVIDIA GeForce RTX 3090,torch_threads=10;polars_threads=20;cuda=True,2026-07-14T15:58:48+00:00
12_matmul_ii,0.5,10000,db_join,gpu,5,2,ok,4566,100000000,1.773,1.659;1.617;1.834;1.773;1.794,,b6c0879,2.9.1+cu128,1.35.2,NVIDIA GeForce RTX 3090,torch_threads=10;polars_threads=20;cuda=True,2026-07-14T15:58:48+00:00
12_matmul_ii,0.5,30000,dense,gpu,5,2,ok,13654,900000000,14.299,14.296;14.299;14.302;14.294;14.299,,b6c0879,2.9.1+cu128,1.35.2,NVIDIA GeForce RTX 3090,torch_threads=10;polars_threads=20;cuda=True,2026-07-14T15:58:48+00:00
12_matmul_ii,0.5,30000,binary_search,gpu,5,2,ok,13654,900000000,1.760,1.909;1.760;1.769;1.757;1.751,,b6c0879,2.9.1+cu128,1.35.2,NVIDIA GeForce RTX 3090,torch_threads=10;polars_threads=20;cuda=True,2026-07-14T15:58:48+00:00
12_matmul_ii,0.5,30000,db_join,gpu,5,2,ok,13654,900000000,4.869,5.244;4.869;5.857;4.167;4.185,,b6c0879,2.9.1+cu128,1.35.2,NVIDIA GeForce RTX 3090,torch_threads=10;polars_threads=20;cuda=True,2026-07-14T15:58:48+00:00
12_matmul_ii,0.5,100000,dense,gpu,5,2,skipped_guard,,10000000000,,,predicted 1.0e+10 B > 4.0e+09 B,b6c0879,2.9.1+cu128,1.35.2,NVIDIA GeForce RTX 3090,torch_threads=10;polars_threads=20;cuda=True,2026-07-14T15:58:48+00:00
12_matmul_ii,0.5,100000,binary_search,gpu,5,2,ok,46002,10000000000,5.275,5.316;5.271;5.272;5.275;5.286,,b6c0879,2.9.1+cu128,1.35.2,NVIDIA GeForce RTX 3090,torch_threads=10;polars_threads=20;cuda=True,2026-07-14T15:58:48+00:00
12_matmul_ii,0.5,100000,db_join,gpu,5,2,ok,46002,10000000000,14.585,15.974;14.382;14.585;16.121;13.827,,b6c0879,2.9.1+cu128,1.35.2,NVIDIA GeForce RTX 3090,torch_threads=10;polars_threads=20;cuda=True,2026-07-14T15:58:48+00:00
12_matmul_ii,1.0,100,dense,gpu,5,2,ok,54,10000,0.182,0.186;0.184;0.182;0.182;0.181,,b6c0879,2.9.1+cu128,1.35.2,NVIDIA GeForce RTX 3090,torch_threads=10;polars_threads=20;cuda=True,2026-07-14T15:58:48+00:00
12_matmul_ii,1.0,100,binary_search,gpu,5,2,ok,54,10000,0.479,0.479;0.479;0.476;0.476;0.483,,b6c0879,2.9.1+cu128,1.35.2,NVIDIA GeForce RTX 3090,torch_threads=10;polars_threads=20;cuda=True,2026-07-14T15:58:48+00:00
12_matmul_ii,1.0,100,db_join,gpu,5,2,ok,54,10000,0.581,0.587;0.578;0.587;0.581;0.558,,b6c0879,2.9.1+cu128,1.35.2,NVIDIA GeForce RTX 3090,torch_threads=10;polars_threads=20;cuda=True,2026-07-14T15:58:48+00:00
12_matmul_ii,1.0,300,dense,gpu,5,2,ok,162,90000,0.190,0.191;0.191;0.190;0.189;0.189,,b6c0879,2.9.1+cu128,1.35.2,NVIDIA GeForce RTX 3090,torch_threads=10;polars_threads=20;cuda=True,2026-07-14T15:58:48+00:00
12_matmul_ii,1.0,300,binary_search,gpu,5,2,ok,162,90000,0.491,0.492;0.490;0.491;0.492;0.491,,b6c0879,2.9.1+cu128,1.35.2,NVIDIA GeForce RTX 3090,torch_threads=10;polars_threads=20;cuda=True,2026-07-14T15:58:48+00:00
12_matmul_ii,1.0,300,db_join,gpu,5,2,ok,162,90000,0.679,0.846;0.716;0.557;0.663;0.679,,b6c0879,2.9.1+cu128,1.35.2,NVIDIA GeForce RTX 3090,torch_threads=10;polars_threads=20;cuda=True,2026-07-14T15:58:48+00:00
12_matmul_ii,1.0,1000,dense,gpu,5,2,ok,539,1000000,0.181,0.187;0.181;0.181;0.180;0.179,,b6c0879,2.9.1+cu128,1.35.2,NVIDIA GeForce RTX 3090,torch_threads=10;polars_threads=20;cuda=True,2026-07-14T15:58:48+00:00
12_matmul_ii,1.0,1000,binary_search,gpu,5,2,ok,539,1000000,0.485,0.485;0.486;0.490;0.484;0.483,,b6c0879,2.9.1+cu128,1.35.2,NVIDIA GeForce RTX 3090,torch_threads=10;polars_threads=20;cuda=True,2026-07-14T15:58:48+00:00
12_matmul_ii,1.0,1000,db_join,gpu,5,2,ok,539,1000000,0.621,0.636;0.588;0.621;0.678;0.603,,b6c0879,2.9.1+cu128,1.35.2,NVIDIA GeForce RTX 3090,torch_threads=10;polars_threads=20;cuda=True,2026-07-14T15:58:48+00:00
12_matmul_ii,1.0,3000,dense,gpu,5,2,ok,1665,9000000,0.618,0.618;0.619;0.622;0.617;0.618,,b6c0879,2.9.1+cu128,1.35.2,NVIDIA GeForce RTX 3090,torch_threads=10;polars_threads=20;cuda=True,2026-07-14T15:58:48+00:00
12_matmul_ii,1.0,3000,binary_search,gpu,5,2,ok,1665,9000000,0.565,0.565;0.562;0.570;0.563;0.567,,b6c0879,2.9.1+cu128,1.35.2,NVIDIA GeForce RTX 3090,torch_threads=10;polars_threads=20;cuda=True,2026-07-14T15:58:48+00:00
12_matmul_ii,1.0,3000,db_join,gpu,5,2,ok,1665,9000000,0.812,0.790;0.816;0.812;0.794;0.816,,b6c0879,2.9.1+cu128,1.35.2,NVIDIA GeForce RTX 3090,torch_threads=10;polars_threads=20;cuda=True,2026-07-14T15:58:48+00:00
12_matmul_ii,1.0,10000,dense,gpu,5,2,ok,5484,100000000,2.804,2.801;2.803;2.809;2.804;2.804,,b6c0879,2.9.1+cu128,1.35.2,NVIDIA GeForce RTX 3090,torch_threads=10;polars_threads=20;cuda=True,2026-07-14T15:58:48+00:00
12_matmul_ii,1.0,10000,binary_search,gpu,5,2,ok,5484,100000000,0.901,0.906;0.908;0.901;0.898;0.900,,b6c0879,2.9.1+cu128,1.35.2,NVIDIA GeForce RTX 3090,torch_threads=10;polars_threads=20;cuda=True,2026-07-14T15:58:48+00:00
12_matmul_ii,1.0,10000,db_join,gpu,5,2,ok,5484,100000000,1.687,1.732;1.833;1.687;1.644;1.466,,b6c0879,2.9.1+cu128,1.35.2,NVIDIA GeForce RTX 3090,torch_threads=10;polars_threads=20;cuda=True,2026-07-14T15:58:48+00:00
12_matmul_ii,1.0,30000,dense,gpu,5,2,ok,16407,900000000,14.303,14.322;14.297;14.301;14.303;14.308,,b6c0879,2.9.1+cu128,1.35.2,NVIDIA GeForce RTX 3090,torch_threads=10;polars_threads=20;cuda=True,2026-07-14T15:58:49+00:00
12_matmul_ii,1.0,30000,binary_search,gpu,5,2,ok,16407,900000000,2.311,2.319;2.311;2.308;2.201;2.311,,b6c0879,2.9.1+cu128,1.35.2,NVIDIA GeForce RTX 3090,torch_threads=10;polars_threads=20;cuda=True,2026-07-14T15:58:49+00:00
12_matmul_ii,1.0,30000,db_join,gpu,5,2,ok,16407,900000000,4.511,4.077;4.511;5.449;4.575;4.452,,b6c0879,2.9.1+cu128,1.35.2,NVIDIA GeForce RTX 3090,torch_threads=10;polars_threads=20;cuda=True,2026-07-14T15:58:49+00:00
12_matmul_ii,1.0,100000,dense,gpu,5,2,skipped_guard,,10000000000,,,predicted 1.0e+10 B > 4.0e+09 B,b6c0879,2.9.1+cu128,1.35.2,NVIDIA GeForce RTX 3090,torch_threads=10;polars_threads=20;cuda=True,2026-07-14T15:58:49+00:00
12_matmul_ii,1.0,100000,binary_search,gpu,5,2,ok,54938,10000000000,5.322,5.324;5.321;5.322;5.324;5.319,,b6c0879,2.9.1+cu128,1.35.2,NVIDIA GeForce RTX 3090,torch_threads=10;polars_threads=20;cuda=True,2026-07-14T15:58:49+00:00
12_matmul_ii,1.0,100000,db_join,gpu,5,2,ok,54938,10000000000,13.030,12.919;13.030;12.868;14.724;13.798,,b6c0879,2.9.1+cu128,1.35.2,NVIDIA GeForce RTX 3090,torch_threads=10;polars_threads=20;cuda=True,2026-07-14T15:58:49+00:00
18_bio_intersect,0.0,100,dense,gpu,5,2,ok,23,10000,0.186,0.195;0.188;0.186;0.185;0.185,,b6c0879,2.9.1+cu128,1.35.2,NVIDIA GeForce RTX 3090,torch_threads=10;polars_threads=20;cuda=True,2026-07-14T15:58:49+00:00
18_bio_intersect,0.0,100,binary_search,gpu,5,2,ok,23,10000,0.494,0.494;0.496;0.490;0.487;0.496,,b6c0879,2.9.1+cu128,1.35.2,NVIDIA GeForce RTX 3090,torch_threads=10;polars_threads=20;cuda=True,2026-07-14T15:58:50+00:00
18_bio_intersect,0.0,100,db_join,gpu,5,2,ok,23,10000,0.680,0.775;0.669;0.679;0.680;0.779,,b6c0879,2.9.1+cu128,1.35.2,NVIDIA GeForce RTX 3090,torch_threads=10;polars_threads=20;cuda=True,2026-07-14T15:58:50+00:00
18_bio_intersect,0.0,300,dense,gpu,5,2,ok,94,90000,0.193,0.196;0.194;0.193;0.193;0.192,,b6c0879,2.9.1+cu128,1.35.2,NVIDIA GeForce RTX 3090,torch_threads=10;polars_threads=20;cuda=True,2026-07-14T15:58:50+00:00
18_bio_intersect,0.0,300,binary_search,gpu,5,2,ok,94,90000,0.518,0.527;0.517;0.518;0.518;0.519,,b6c0879,2.9.1+cu128,1.35.2,NVIDIA GeForce RTX 3090,torch_threads=10;polars_threads=20;cuda=True,2026-07-14T15:58:50+00:00
18_bio_intersect,0.0,300,db_join,gpu,5,2,ok,94,90000,0.801,0.790;0.955;0.827;0.801;0.794,,b6c0879,2.9.1+cu128,1.35.2,NVIDIA GeForce RTX 3090,torch_threads=10;polars_threads=20;cuda=True,2026-07-14T15:58:50+00:00
18_bio_intersect,0.0,1000,dense,gpu,5,2,ok,316,1000000,0.188,0.190;0.188;0.198;0.187;0.187,,b6c0879,2.9.1+cu128,1.35.2,NVIDIA GeForce RTX 3090,torch_threads=10;polars_threads=20;cuda=True,2026-07-14T15:58:50+00:00
18_bio_intersect,0.0,1000,binary_search,gpu,5,2,ok,316,1000000,0.511,0.511;0.513;0.515;0.509;0.508,,b6c0879,2.9.1+cu128,1.35.2,NVIDIA GeForce RTX 3090,torch_threads=10;polars_threads=20;cuda=True,2026-07-14T15:58:50+00:00
18_bio_intersect,0.0,1000,db_join,gpu,5,2,ok,316,1000000,0.899,0.996;0.902;0.899;0.873;0.806,,b6c0879,2.9.1+cu128,1.35.2,NVIDIA GeForce RTX 3090,torch_threads=10;polars_threads=20;cuda=True,2026-07-14T15:58:50+00:00
18_bio_intersect,0.0,3000,dense,gpu,5,2,ok,991,9000000,0.631,0.629;0.632;0.631;0.631;0.634,,b6c0879,2.9.1+cu128,1.35.2,NVIDIA GeForce RTX 3090,torch_threads=10;polars_threads=20;cuda=True,2026-07-14T15:58:50+00:00
18_bio_intersect,0.0,3000,binary_search,gpu,5,2,ok,991,9000000,0.701,0.700;0.701;0.699;0.702;0.701,,b6c0879,2.9.1+cu128,1.35.2,NVIDIA GeForce RTX 3090,torch_threads=10;polars_threads=20;cuda=True,2026-07-14T15:58:50+00:00
18_bio_intersect,0.0,3000,db_join,gpu,5,2,ok,991,9000000,1.045,1.151;1.092;1.021;1.045;1.037,,b6c0879,2.9.1+cu128,1.35.2,NVIDIA GeForce RTX 3090,torch_threads=10;polars_threads=20;cuda=True,2026-07-14T15:58:50+00:00
18_bio_intersect,0.0,10000,dense,gpu,5,2,ok,3267,100000000,2.801,2.801;2.801;2.804;2.803;2.789,,b6c0879,2.9.1+cu128,1.35.2,NVIDIA GeForce RTX 3090,torch_threads=10;polars_threads=20;cuda=True,2026-07-14T15:58:50+00:00
18_bio_intersect,0.0,10000,binary_search,gpu,5,2,ok,3267,100000000,1.152,0.972;0.996;1.173;1.152;1.224,,b6c0879,2.9.1+cu128,1.35.2,NVIDIA GeForce RTX 3090,torch_threads=10;polars_threads=20;cuda=True,2026-07-14T15:58:50+00:00
18_bio_intersect,0.0,10000,db_join,gpu,5,2,ok,3267,100000000,3.969,3.678;3.693;3.992;3.969;4.257,,b6c0879,2.9.1+cu128,1.35.2,NVIDIA GeForce RTX 3090,torch_threads=10;polars_threads=20;cuda=True,2026-07-14T15:58:51+00:00
18_bio_intersect,0.0,30000,dense,gpu,5,2,ok,9984,900000000,16.106,16.099;16.106;16.106;16.106;15.903,,b6c0879,2.9.1+cu128,1.35.2,NVIDIA GeForce RTX 3090,torch_threads=10;polars_threads=20;cuda=True,2026-07-14T15:58:51+00:00
18_bio_intersect,0.0,30000,binary_search,gpu,5,2,ok,9984,900000000,5.726,5.719;5.747;5.726;5.784;5.709,,b6c0879,2.9.1+cu128,1.35.2,NVIDIA GeForce RTX 3090,torch_threads=10;polars_threads=20;cuda=True,2026-07-14T15:58:51+00:00
18_bio_intersect,0.0,30000,db_join,gpu,5,2,ok,9984,900000000,20.833,20.833;20.539;21.380;20.435;21.921,,b6c0879,2.9.1+cu128,1.35.2,NVIDIA GeForce RTX 3090,torch_threads=10;polars_threads=20;cuda=True,2026-07-14T15:58:51+00:00
18_bio_intersect,0.0,100000,dense,gpu,5,2,skipped_guard,,10000000000,,,predicted 1.0e+10 B > 4.0e+09 B,b6c0879,2.9.1+cu128,1.35.2,NVIDIA GeForce RTX 3090,torch_threads=10;polars_threads=20;cuda=True,2026-07-14T15:58:51+00:00
18_bio_intersect,0.0,100000,binary_search,gpu,5,2,ok,33307,10000000000,12.864,12.869;12.864;12.878;12.864;12.859,,b6c0879,2.9.1+cu128,1.35.2,NVIDIA GeForce RTX 3090,torch_threads=10;polars_threads=20;cuda=True,2026-07-14T15:58:51+00:00
18_bio_intersect,0.0,100000,db_join,gpu,5,2,ok,33307,10000000000,125.815,126.788;124.611;128.116;125.815;125.249,,b6c0879,2.9.1+cu128,1.35.2,NVIDIA GeForce RTX 3090,torch_threads=10;polars_threads=20;cuda=True,2026-07-14T15:58:52+00:00
18_bio_intersect,0.5,100,dense,gpu,5,2,ok,31,10000,0.192,0.205;0.192;0.198;0.191;0.188,,b6c0879,2.9.1+cu128,1.35.2,NVIDIA GeForce RTX 3090,torch_threads=10;polars_threads=20;cuda=True,2026-07-14T15:58:52+00:00
18_bio_intersect,0.5,100,binary_search,gpu,5,2,ok,31,10000,0.489,0.495;0.492;0.489;0.487;0.489,,b6c0879,2.9.1+cu128,1.35.2,NVIDIA GeForce RTX 3090,torch_threads=10;polars_threads=20;cuda=True,2026-07-14T15:58:52+00:00
18_bio_intersect,0.5,100,db_join,gpu,5,2,ok,31,10000,0.634,0.634;0.631;0.634;0.632;0.639,,b6c0879,2.9.1+cu128,1.35.2,NVIDIA GeForce RTX 3090,torch_threads=10;polars_threads=20;cuda=True,2026-07-14T15:58:52+00:00
18_bio_intersect,0.5,300,dense,gpu,5,2,ok,124,90000,0.188,0.190;0.189;0.188;0.186;0.185,,b6c0879,2.9.1+cu128,1.35.2,NVIDIA GeForce RTX 3090,torch_threads=10;polars_threads=20;cuda=True,2026-07-14T15:58:52+00:00
18_bio_intersect,0.5,300,binary_search,gpu,5,2,ok,124,90000,0.500,0.502;0.511;0.500;0.496;0.496,,b6c0879,2.9.1+cu128,1.35.2,NVIDIA GeForce RTX 3090,torch_threads=10;polars_threads=20;cuda=True,2026-07-14T15:58:52+00:00
18_bio_intersect,0.5,300,db_join,gpu,5,2,ok,124,90000,0.846,0.847;0.846;0.781;0.879;0.788,,b6c0879,2.9.1+cu128,1.35.2,NVIDIA GeForce RTX 3090,torch_threads=10;polars_threads=20;cuda=True,2026-07-14T15:58:52+00:00
18_bio_intersect,0.5,1000,dense,gpu,5,2,ok,411,1000000,0.197,0.199;0.199;0.197;0.196;0.196,,b6c0879,2.9.1+cu128,1.35.2,NVIDIA GeForce RTX 3090,torch_threads=10;polars_threads=20;cuda=True,2026-07-14T15:58:52+00:00
18_bio_intersect,0.5,1000,binary_search,gpu,5,2,ok,411,1000000,0.545,0.547;0.544;0.545;0.552;0.544,,b6c0879,2.9.1+cu128,1.35.2,NVIDIA GeForce RTX 3090,torch_threads=10;polars_threads=20;cuda=True,2026-07-14T15:58:52+00:00
18_bio_intersect,0.5,1000,db_join,gpu,5,2,ok,411,1000000,0.895,0.876;0.895;0.934;0.898;0.807,,b6c0879,2.9.1+cu128,1.35.2,NVIDIA GeForce RTX 3090,torch_threads=10;polars_threads=20;cuda=True,2026-07-14T15:58:52+00:00
18_bio_intersect,0.5,3000,dense,gpu,5,2,ok,1203,9000000,0.632,0.633;0.627;0.632;0.627;0.633,,b6c0879,2.9.1+cu128,1.35.2,NVIDIA GeForce RTX 3090,torch_threads=10;polars_threads=20;cuda=True,2026-07-14T15:58:52+00:00
18_bio_intersect,0.5,3000,binary_search,gpu,5,2,ok,1203,9000000,0.714,0.712;0.711;0.716;0.720;0.714,,b6c0879,2.9.1+cu128,1.35.2,NVIDIA GeForce RTX 3090,torch_threads=10;polars_threads=20;cuda=True,2026-07-14T15:58:52+00:00
18_bio_intersect,0.5,3000,db_join,gpu,5,2,ok,1203,9000000,1.008,1.055;1.008;0.996;0.985;1.065,,b6c0879,2.9.1+cu128,1.35.2,NVIDIA GeForce RTX 3090,torch_threads=10;polars_threads=20;cuda=True,2026-07-14T15:58:52+00:00
18_bio_intersect,0.5,10000,dense,gpu,5,2,ok,4109,100000000,2.804,2.806;2.801;2.806;2.804;2.803,,b6c0879,2.9.1+cu128,1.35.2,NVIDIA GeForce RTX 3090,torch_threads=10;polars_threads=20;cuda=True,2026-07-14T15:58:52+00:00
18_bio_intersect,0.5,10000,binary_search,gpu,5,2,ok,4109,100000000,0.943,0.938;0.935;0.943;1.009;0.950,,b6c0879,2.9.1+cu128,1.35.2,NVIDIA GeForce RTX 3090,torch_threads=10;polars_threads=20;cuda=True,2026-07-14T15:58:52+00:00
18_bio_intersect,0.5,10000,db_join,gpu,5,2,ok,4109,100000000,4.370,4.370;4.401;4.374;4.343;4.262,,b6c0879,2.9.1+cu128,1.35.2,NVIDIA GeForce RTX 3090,torch_threads=10;polars_threads=20;cuda=True,2026-07-14T15:58:52+00:00
18_bio_intersect,0.5,30000,dense,gpu,5,2,ok,12367,900000000,15.357,15.357;15.361;15.349;15.352;15.363,,b6c0879,2.9.1+cu128,1.35.2,NVIDIA GeForce RTX 3090,torch_threads=10;polars_threads=20;cuda=True,2026-07-14T15:58:52+00:00
18_bio_intersect,0.5,30000,binary_search,gpu,5,2,ok,12367,900000000,5.226,5.732;5.730;5.226;2.857;2.842,,b6c0879,2.9.1+cu128,1.35.2,NVIDIA GeForce RTX 3090,torch_threads=10;polars_threads=20;cuda=True,2026-07-14T15:58:52+00:00
18_bio_intersect,0.5,30000,db_join,gpu,5,2,ok,12367,900000000,23.516,23.238;23.181;23.762;24.060;23.516,,b6c0879,2.9.1+cu128,1.35.2,NVIDIA GeForce RTX 3090,torch_threads=10;polars_threads=20;cuda=True,2026-07-14T15:58:52+00:00
18_bio_intersect,0.5,100000,dense,gpu,5,2,skipped_guard,,10000000000,,,predicted 1.0e+10 B > 4.0e+09 B,b6c0879,2.9.1+cu128,1.35.2,NVIDIA GeForce RTX 3090,torch_threads=10;polars_threads=20;cuda=True,2026-07-14T15:58:52+00:00
18_bio_intersect,0.5,100000,binary_search,gpu,5,2,ok,41064,10000000000,14.181,14.176;14.181;14.196;14.180;14.184,,b6c0879,2.9.1+cu128,1.35.2,NVIDIA GeForce RTX 3090,torch_threads=10;polars_threads=20;cuda=True,2026-07-14T15:58:52+00:00
18_bio_intersect,0.5,100000,db_join,gpu,5,2,ok,41064,10000000000,149.213,165.435;148.536;157.437;149.213;143.564,,b6c0879,2.9.1+cu128,1.35.2,NVIDIA GeForce RTX 3090,torch_threads=10;polars_threads=20;cuda=True,2026-07-14T15:58:54+00:00
18_bio_intersect,1.0,100,dense,gpu,5,2,ok,41,10000,0.185,0.187;0.187;0.185;0.183;0.181,,b6c0879,2.9.1+cu128,1.35.2,NVIDIA GeForce RTX 3090,torch_threads=10;polars_threads=20;cuda=True,2026-07-14T15:58:54+00:00
18_bio_intersect,1.0,100,binary_search,gpu,5,2,ok,41,10000,0.492,0.496;0.491;0.494;0.492;0.492,,b6c0879,2.9.1+cu128,1.35.2,NVIDIA GeForce RTX 3090,torch_threads=10;polars_threads=20;cuda=True,2026-07-14T15:58:54+00:00
18_bio_intersect,1.0,100,db_join,gpu,5,2,ok,41,10000,0.698,0.649;0.633;0.698;0.752;0.813,,b6c0879,2.9.1+cu128,1.35.2,NVIDIA GeForce RTX 3090,torch_threads=10;polars_threads=20;cuda=True,2026-07-14T15:58:54+00:00
18_bio_intersect,1.0,300,dense,gpu,5,2,ok,147,90000,0.195,0.197;0.195;0.195;0.202;0.193,,b6c0879,2.9.1+cu128,1.35.2,NVIDIA GeForce RTX 3090,torch_threads=10;polars_threads=20;cuda=True,2026-07-14T15:58:54+00:00
18_bio_intersect,1.0,300,binary_search,gpu,5,2,ok,147,90000,0.513,0.511;0.513;0.517;0.513;0.510,,b6c0879,2.9.1+cu128,1.35.2,NVIDIA GeForce RTX 3090,torch_threads=10;polars_threads=20;cuda=True,2026-07-14T15:58:54+00:00
18_bio_intersect,1.0,300,db_join,gpu,5,2,ok,147,90000,0.806,0.804;0.867;0.806;0.816;0.797,,b6c0879,2.9.1+cu128,1.35.2,NVIDIA GeForce RTX 3090,torch_threads=10;polars_threads=20;cuda=True,2026-07-14T15:58:54+00:00
18_bio_intersect,1.0,1000,dense,gpu,5,2,ok,479,1000000,0.188,0.192;0.189;0.188;0.188;0.185,,b6c0879,2.9.1+cu128,1.35.2,NVIDIA GeForce RTX 3090,torch_threads=10;polars_threads=20;cuda=True,2026-07-14T15:58:54+00:00
18_bio_intersect,1.0,1000,binary_search,gpu,5,2,ok,479,1000000,0.508,0.508;0.507;0.508;0.507;0.509,,b6c0879,2.9.1+cu128,1.35.2,NVIDIA GeForce RTX 3090,torch_threads=10;polars_threads=20;cuda=True,2026-07-14T15:58:54+00:00
18_bio_intersect,1.0,1000,db_join,gpu,5,2,ok,479,1000000,0.907,0.828;1.699;1.047;0.835;0.907,,b6c0879,2.9.1+cu128,1.35.2,NVIDIA GeForce RTX 3090,torch_threads=10;polars_threads=20;cuda=True,2026-07-14T15:58:54+00:00
18_bio_intersect,1.0,3000,dense,gpu,5,2,ok,1447,9000000,0.633,0.633;0.629;0.647;0.630;0.633,,b6c0879,2.9.1+cu128,1.35.2,NVIDIA GeForce RTX 3090,torch_threads=10;polars_threads=20;cuda=True,2026-07-14T15:58:54+00:00
18_bio_intersect,1.0,3000,binary_search,gpu,5,2,ok,1447,9000000,0.700,0.700;0.702;0.700;0.698;0.745,,b6c0879,2.9.1+cu128,1.35.2,NVIDIA GeForce RTX 3090,torch_threads=10;polars_threads=20;cuda=True,2026-07-14T15:58:54+00:00
18_bio_intersect,1.0,3000,db_join,gpu,5,2,ok,1447,9000000,1.095,1.190;1.379;1.026;1.068;1.095,,b6c0879,2.9.1+cu128,1.35.2,NVIDIA GeForce RTX 3090,torch_threads=10;polars_threads=20;cuda=True,2026-07-14T15:58:54+00:00
18_bio_intersect,1.0,10000,dense,gpu,5,2,ok,4913,100000000,2.803,2.805;2.802;2.802;2.803;2.805,,b6c0879,2.9.1+cu128,1.35.2,NVIDIA GeForce RTX 3090,torch_threads=10;polars_threads=20;cuda=True,2026-07-14T15:58:54+00:00
18_bio_intersect,1.0,10000,binary_search,gpu,5,2,ok,4913,100000000,0.956,0.959;0.949;0.963;0.956;0.955,,b6c0879,2.9.1+cu128,1.35.2,NVIDIA GeForce RTX 3090,torch_threads=10;polars_threads=20;cuda=True,2026-07-14T15:58:54+00:00
18_bio_intersect,1.0,10000,db_join,gpu,5,2,ok,4913,100000000,4.797,4.655;4.711;5.305;5.038;4.797,,b6c0879,2.9.1+cu128,1.35.2,NVIDIA GeForce RTX 3090,torch_threads=10;polars_threads=20;cuda=True,2026-07-14T15:58:54+00:00
18_bio_intersect,1.0,30000,dense,gpu,5,2,ok,14815,900000000,15.411,15.439;15.411;15.365;15.349;16.384,,b6c0879,2.9.1+cu128,1.35.2,NVIDIA GeForce RTX 3090,torch_threads=10;polars_threads=20;cuda=True,2026-07-14T15:58:54+00:00
18_bio_intersect,1.0,30000,binary_search,gpu,5,2,ok,14815,900000000,5.673,5.749;5.751;5.673;2.888;2.887,,b6c0879,2.9.1+cu128,1.35.2,NVIDIA GeForce RTX 3090,torch_threads=10;polars_threads=20;cuda=True,2026-07-14T15:58:54+00:00
18_bio_intersect,1.0,30000,db_join,gpu,5,2,ok,14815,900000000,26.264,25.585;26.264;25.890;26.515;28.004,,b6c0879,2.9.1+cu128,1.35.2,NVIDIA GeForce RTX 3090,torch_threads=10;polars_threads=20;cuda=True,2026-07-14T15:58:54+00:00
18_bio_intersect,1.0,100000,dense,gpu,5,2,skipped_guard,,10000000000,,,predicted 1.0e+10 B > 4.0e+09 B,b6c0879,2.9.1+cu128,1.35.2,NVIDIA GeForce RTX 3090,torch_threads=10;polars_threads=20;cuda=True,2026-07-14T15:58:54+00:00
18_bio_intersect,1.0,100000,binary_search,gpu,5,2,ok,49096,10000000000,14.521,14.539;14.531;14.521;14.508;14.520,,b6c0879,2.9.1+cu128,1.35.2,NVIDIA GeForce RTX 3090,torch_threads=10;polars_threads=20;cuda=True,2026-07-14T15:58:54+00:00
18_bio_intersect,1.0,100000,db_join,gpu,5,2,ok,49096,10000000000,157.932,166.662;157.932;157.178;158.497;155.828,,b6c0879,2.9.1+cu128,1.35.2,NVIDIA GeForce RTX 3090,torch_threads=10;polars_threads=20;cuda=True,2026-07-14T15:58:55+00:00
16_triple_2d_ii,0.0,100,dense,gpu,5,2,ok,4,1000000,0.219,0.225;0.222;0.219;0.217;0.219,,b6c0879,2.9.1+cu128,1.35.2,NVIDIA GeForce RTX 3090,torch_threads=10;polars_threads=20;cuda=True,2026-07-14T15:58:57+00:00
16_triple_2d_ii,0.0,100,binary_search,gpu,5,2,ok,4,1000000,0.764,0.775;0.764;0.765;0.760;0.760,,b6c0879,2.9.1+cu128,1.35.2,NVIDIA GeForce RTX 3090,torch_threads=10;polars_threads=20;cuda=True,2026-07-14T15:58:59+00:00
16_triple_2d_ii,0.0,100,db_join,gpu,5,2,ok,4,1000000,1.936,2.046;1.936;1.982;1.675;1.469,,b6c0879,2.9.1+cu128,1.35.2,NVIDIA GeForce RTX 3090,torch_threads=10;polars_threads=20;cuda=True,2026-07-14T15:58:59+00:00
16_triple_2d_ii,0.0,300,dense,gpu,5,2,ok,6,27000000,1.371,1.369;1.371;1.374;1.368;1.371,,b6c0879,2.9.1+cu128,1.35.2,NVIDIA GeForce RTX 3090,torch_threads=10;polars_threads=20;cuda=True,2026-07-14T15:58:59+00:00
16_triple_2d_ii,0.0,300,binary_search,gpu,5,2,ok,6,27000000,0.784,0.786;0.786;0.776;0.781;0.784,,b6c0879,2.9.1+cu128,1.35.2,NVIDIA GeForce RTX 3090,torch_threads=10;polars_threads=20;cuda=True,2026-07-14T15:58:59+00:00
16_triple_2d_ii,0.0,300,db_join,gpu,5,2,ok,6,27000000,2.095,2.328;1.663;2.223;1.882;2.095,,b6c0879,2.9.1+cu128,1.35.2,NVIDIA GeForce RTX 3090,torch_threads=10;polars_threads=20;cuda=True,2026-07-14T15:58:59+00:00
16_triple_2d_ii,0.0,1000,dense,gpu,5,2,ok,38,1000000000,26.487,26.545;26.544;26.487;24.878;24.879,,b6c0879,2.9.1+cu128,1.35.2,NVIDIA GeForce RTX 3090,torch_threads=10;polars_threads=20;cuda=True,2026-07-14T15:58:59+00:00
16_triple_2d_ii,0.0,1000,binary_search,gpu,5,2,ok,38,1000000000,0.827,0.870;0.828;0.824;0.827;0.824,,b6c0879,2.9.1+cu128,1.35.2,NVIDIA GeForce RTX 3090,torch_threads=10;polars_threads=20;cuda=True,2026-07-14T15:58:59+00:00
16_triple_2d_ii,0.0,1000,db_join,gpu,5,2,ok,38,1000000000,3.148,2.426;3.070;3.881;3.148;3.299,,b6c0879,2.9.1+cu128,1.35.2,NVIDIA GeForce RTX 3090,torch_threads=10;polars_threads=20;cuda=True,2026-07-14T15:58:59+00:00
16_triple_2d_ii,0.0,3000,dense,gpu,5,2,skipped_guard,,27000000000,,,predicted 2.7e+10 B > 4.0e+09 B,b6c0879,2.9.1+cu128,1.35.2,NVIDIA GeForce RTX 3090,torch_threads=10;polars_threads=20;cuda=True,2026-07-14T15:58:59+00:00
16_triple_2d_ii,0.0,3000,binary_search,gpu,5,2,ok,115,27000000000,0.979,0.984;0.987;0.979;0.972;0.971,,b6c0879,2.9.1+cu128,1.35.2,NVIDIA GeForce RTX 3090,torch_threads=10;polars_threads=20;cuda=True,2026-07-14T15:58:59+00:00
16_triple_2d_ii,0.0,3000,db_join,gpu,5,2,ok,115,27000000000,15.206,7.325;15.206;19.892;16.515;7.195,,b6c0879,2.9.1+cu128,1.35.2,NVIDIA GeForce RTX 3090,torch_threads=10;polars_threads=20;cuda=True,2026-07-14T15:59:00+00:00
16_triple_2d_ii,0.0,10000,dense,gpu,5,2,skipped_prior_fail,,1000000000000,,,,b6c0879,2.9.1+cu128,1.35.2,NVIDIA GeForce RTX 3090,torch_threads=10;polars_threads=20;cuda=True,2026-07-14T15:59:00+00:00
16_triple_2d_ii,0.0,10000,binary_search,gpu,5,2,ok,381,1000000000000,1.719,1.720;1.714;1.703;1.719;1.756,,b6c0879,2.9.1+cu128,1.35.2,NVIDIA GeForce RTX 3090,torch_threads=10;polars_threads=20;cuda=True,2026-07-14T15:59:00+00:00
16_triple_2d_ii,0.0,10000,db_join,gpu,5,2,ok,381,1000000000000,207.914,211.445;7.613;207.914;159.496;217.067,,b6c0879,2.9.1+cu128,1.35.2,NVIDIA GeForce RTX 3090,torch_threads=10;polars_threads=20;cuda=True,2026-07-14T15:59:00+00:00
16_triple_2d_ii,0.0,30000,dense,gpu,5,2,skipped_prior_fail,,27000000000000,,,,b6c0879,2.9.1+cu128,1.35.2,NVIDIA GeForce RTX 3090,torch_threads=10;polars_threads=20;cuda=True,2026-07-14T15:59:00+00:00
16_triple_2d_ii,0.0,30000,binary_search,gpu,5,2,ok,1129,27000000000000,8.758,8.753;8.760;8.747;8.758;8.772,,b6c0879,2.9.1+cu128,1.35.2,NVIDIA GeForce RTX 3090,torch_threads=10;polars_threads=20;cuda=True,2026-07-14T15:59:01+00:00
16_triple_2d_ii,0.0,30000,db_join,gpu,5,2,ok,1129,27000000000000,1466.344,481.850;499.190;1871.778;1932.911;1466.344,,b6c0879,2.9.1+cu128,1.35.2,NVIDIA GeForce RTX 3090,torch_threads=10;polars_threads=20;cuda=True,2026-07-14T15:59:11+00:00
16_triple_2d_ii,0.0,100000,dense,gpu,5,2,skipped_prior_fail,,1000000000000000,,,,b6c0879,2.9.1+cu128,1.35.2,NVIDIA GeForce RTX 3090,torch_threads=10;polars_threads=20;cuda=True,2026-07-14T15:59:11+00:00
16_triple_2d_ii,0.0,100000,binary_search,gpu,5,2,ok,3996,1000000000000000,65.454,66.322;65.454;63.852;66.578;63.854,,b6c0879,2.9.1+cu128,1.35.2,NVIDIA GeForce RTX 3090,torch_threads=10;polars_threads=20;cuda=True,2026-07-14T15:59:11+00:00
16_triple_2d_ii,0.0,100000,db_join,gpu,5,2,skipped_guard,,1000000000000000,,,1.0e+15 candidates > 1e+14 (host-RAM kill risk),b6c0879,2.9.1+cu128,1.35.2,NVIDIA GeForce RTX 3090,torch_threads=10;polars_threads=20;cuda=True,2026-07-14T16:03:25+00:00
16_triple_2d_ii,0.5,100,dense,gpu,5,2,started,,1000000,,,,b6c0879,2.9.1+cu128,1.35.2,NVIDIA GeForce RTX 3090,torch_threads=10;polars_threads=20;cuda=True,2026-07-14T16:03:25+00:00
16_triple_2d_ii,0.5,100,dense,gpu,5,2,ok,4,1000000,0.220,0.231;0.222;0.220;0.218;0.218,,b6c0879,2.9.1+cu128,1.35.2,NVIDIA GeForce RTX 3090,torch_threads=10;polars_threads=20;cuda=True,2026-07-14T16:03:27+00:00
16_triple_2d_ii,0.5,100,binary_search,gpu,5,2,started,,1000000,,,,b6c0879,2.9.1+cu128,1.35.2,NVIDIA GeForce RTX 3090,torch_threads=10;polars_threads=20;cuda=True,2026-07-14T16:03:27+00:00
16_triple_2d_ii,0.5,100,binary_search,gpu,5,2,ok,4,1000000,0.775,0.782;0.775;0.777;0.775;0.773,,b6c0879,2.9.1+cu128,1.35.2,NVIDIA GeForce RTX 3090,torch_threads=10;polars_threads=20;cuda=True,2026-07-14T16:03:27+00:00
16_triple_2d_ii,0.5,100,db_join,gpu,5,2,started,,1000000,,,,b6c0879,2.9.1+cu128,1.35.2,NVIDIA GeForce RTX 3090,torch_threads=10;polars_threads=20;cuda=True,2026-07-14T16:03:27+00:00
16_triple_2d_ii,0.5,100,db_join,gpu,5,2,ok,4,1000000,1.689,1.921;1.686;1.688;1.798;1.689,,b6c0879,2.9.1+cu128,1.35.2,NVIDIA GeForce RTX 3090,torch_threads=10;polars_threads=20;cuda=True,2026-07-14T16:03:27+00:00
16_triple_2d_ii,0.5,300,dense,gpu,5,2,started,,27000000,,,,b6c0879,2.9.1+cu128,1.35.2,NVIDIA GeForce RTX 3090,torch_threads=10;polars_threads=20;cuda=True,2026-07-14T16:03:27+00:00
16_triple_2d_ii,0.5,300,dense,gpu,5,2,ok,25,27000000,1.372,1.378;1.372;1.375;1.367;1.370,,b6c0879,2.9.1+cu128,1.35.2,NVIDIA GeForce RTX 3090,torch_threads=10;polars_threads=20;cuda=True,2026-07-14T16:03:27+00:00
16_triple_2d_ii,0.5,300,binary_search,gpu,5,2,started,,27000000,,,,b6c0879,2.9.1+cu128,1.35.2,NVIDIA GeForce RTX 3090,torch_threads=10;polars_threads=20;cuda=True,2026-07-14T16:03:27+00:00
16_triple_2d_ii,0.5,300,binary_search,gpu,5,2,ok,25,27000000,0.851,0.798;0.923;0.899;0.851;0.780,,b6c0879,2.9.1+cu128,1.35.2,NVIDIA GeForce RTX 3090,torch_threads=10;polars_threads=20;cuda=True,2026-07-14T16:03:27+00:00
16_triple_2d_ii,0.5,300,db_join,gpu,5,2,started,,27000000,,,,b6c0879,2.9.1+cu128,1.35.2,NVIDIA GeForce RTX 3090,torch_threads=10;polars_threads=20;cuda=True,2026-07-14T16:03:27+00:00
16_triple_2d_ii,0.5,300,db_join,gpu,5,2,ok,25,27000000,2.410,2.440;2.234;2.410;2.391;2.463,,b6c0879,2.9.1+cu128,1.35.2,NVIDIA GeForce RTX 3090,torch_threads=10;polars_threads=20;cuda=True,2026-07-14T16:03:27+00:00
16_triple_2d_ii,0.5,1000,dense,gpu,5,2,started,,1000000000,,,,b6c0879,2.9.1+cu128,1.35.2,NVIDIA GeForce RTX 3090,torch_threads=10;polars_threads=20;cuda=True,2026-07-14T16:03:27+00:00
16_triple_2d_ii,0.5,1000,dense,gpu,5,2,ok,74,1000000000,26.551,26.556;26.614;26.551;25.030;24.846,,b6c0879,2.9.1+cu128,1.35.2,NVIDIA GeForce RTX 3090,torch_threads=10;polars_threads=20;cuda=True,2026-07-14T16:03:27+00:00
16_triple_2d_ii,0.5,1000,binary_search,gpu,5,2,started,,1000000000,,,,b6c0879,2.9.1+cu128,1.35.2,NVIDIA GeForce RTX 3090,torch_threads=10;polars_threads=20;cuda=True,2026-07-14T16:03:27+00:00
16_triple_2d_ii,0.5,1000,binary_search,gpu,5,2,ok,74,1000000000,0.796,0.797;0.792;0.792;0.799;0.796,,b6c0879,2.9.1+cu128,1.35.2,NVIDIA GeForce RTX 3090,torch_threads=10;polars_threads=20;cuda=True,2026-07-14T16:03:27+00:00
16_triple_2d_ii,0.5,1000,db_join,gpu,5,2,started,,1000000000,,,,b6c0879,2.9.1+cu128,1.35.2,NVIDIA GeForce RTX 3090,torch_threads=10;polars_threads=20;cuda=True,2026-07-14T16:03:27+00:00
16_triple_2d_ii,0.5,1000,db_join,gpu,5,2,ok,74,1000000000,3.882,3.327;3.345;3.882;4.057;4.057,,b6c0879,2.9.1+cu128,1.35.2,NVIDIA GeForce RTX 3090,torch_threads=10;polars_threads=20;cuda=True,2026-07-14T16:03:28+00:00
16_triple_2d_ii,0.5,3000,dense,gpu,5,2,skipped_guard,,27000000000,,,predicted 2.7e+10 B > 4.0e+09 B,b6c0879,2.9.1+cu128,1.35.2,NVIDIA GeForce RTX 3090,torch_threads=10;polars_threads=20;cuda=True,2026-07-14T16:03:28+00:00
16_triple_2d_ii,0.5,3000,binary_search,gpu,5,2,started,,27000000000,,,,b6c0879,2.9.1+cu128,1.35.2,NVIDIA GeForce RTX 3090,torch_threads=10;polars_threads=20;cuda=True,2026-07-14T16:03:28+00:00
16_triple_2d_ii,0.5,3000,binary_search,gpu,5,2,ok,205,27000000000,0.987,0.990;0.987;0.991;0.985;0.978,,b6c0879,2.9.1+cu128,1.35.2,NVIDIA GeForce RTX 3090,torch_threads=10;polars_threads=20;cuda=True,2026-07-14T16:03:28+00:00
16_triple_2d_ii,0.5,3000,db_join,gpu,5,2,started,,27000000000,,,,b6c0879,2.9.1+cu128,1.35.2,NVIDIA GeForce RTX 3090,torch_threads=10;polars_threads=20;cuda=True,2026-07-14T16:03:28+00:00
16_triple_2d_ii,0.5,3000,db_join,gpu,5,2,ok,205,27000000000,20.158,22.834;24.813;20.158;8.996;16.670,,b6c0879,2.9.1+cu128,1.35.2,NVIDIA GeForce RTX 3090,torch_threads=10;polars_threads=20;cuda=True,2026-07-14T16:03:28+00:00
16_triple_2d_ii,0.5,10000,dense,gpu,5,2,skipped_prior_fail,,1000000000000,,,,b6c0879,2.9.1+cu128,1.35.2,NVIDIA GeForce RTX 3090,torch_threads=10;polars_threads=20;cuda=True,2026-07-14T16:03:28+00:00
16_triple_2d_ii,0.5,10000,binary_search,gpu,5,2,started,,1000000000000,,,,b6c0879,2.9.1+cu128,1.35.2,NVIDIA GeForce RTX 3090,torch_threads=10;polars_threads=20;cuda=True,2026-07-14T16:03:28+00:00
16_triple_2d_ii,0.5,10000,binary_search,gpu,5,2,ok,645,1000000000000,1.813,1.817;1.809;1.813;1.813;1.816,,b6c0879,2.9.1+cu128,1.35.2,NVIDIA GeForce RTX 3090,torch_threads=10;polars_threads=20;cuda=True,2026-07-14T16:03:28+00:00
16_triple_2d_ii,0.5,10000,db_join,gpu,5,2,started,,1000000000000,,,,b6c0879,2.9.1+cu128,1.35.2,NVIDIA GeForce RTX 3090,torch_threads=10;polars_threads=20;cuda=True,2026-07-14T16:03:28+00:00
16_triple_2d_ii,0.5,10000,db_join,gpu,5,2,ok,645,1000000000000,227.534,52.245;237.056;224.520;299.800;227.534,,b6c0879,2.9.1+cu128,1.35.2,NVIDIA GeForce RTX 3090,torch_threads=10;polars_threads=20;cuda=True,2026-07-14T16:03:29+00:00
16_triple_2d_ii,0.5,30000,dense,gpu,5,2,skipped_prior_fail,,27000000000000,,,,b6c0879,2.9.1+cu128,1.35.2,NVIDIA GeForce RTX 3090,torch_threads=10;polars_threads=20;cuda=True,2026-07-14T16:03:29+00:00
16_triple_2d_ii,0.5,30000,binary_search,gpu,5,2,started,,27000000000000,,,,b6c0879,2.9.1+cu128,1.35.2,NVIDIA GeForce RTX 3090,torch_threads=10;polars_threads=20;cuda=True,2026-07-14T16:03:29+00:00
16_triple_2d_ii,0.5,30000,binary_search,gpu,5,2,ok,2074,27000000000000,10.533,10.529;10.564;10.544;10.533;10.533,,b6c0879,2.9.1+cu128,1.35.2,NVIDIA GeForce RTX 3090,torch_threads=10;polars_threads=20;cuda=True,2026-07-14T16:03:29+00:00
16_triple_2d_ii,0.5,30000,db_join,gpu,5,2,started,,27000000000000,,,,b6c0879,2.9.1+cu128,1.35.2,NVIDIA GeForce RTX 3090,torch_threads=10;polars_threads=20;cuda=True,2026-07-14T16:03:29+00:00
16_triple_2d_ii,0.5,30000,db_join,gpu,5,2,ok,2074,27000000000000,1540.503,2124.539;1540.503;2122.905;1392.648;31.031,,b6c0879,2.9.1+cu128,1.35.2,NVIDIA GeForce RTX 3090,torch_threads=10;polars_threads=20;cuda=True,2026-07-14T16:03:39+00:00
16_triple_2d_ii,0.5,100000,dense,gpu,5,2,skipped_prior_fail,,1000000000000000,,,,b6c0879,2.9.1+cu128,1.35.2,NVIDIA GeForce RTX 3090,torch_threads=10;polars_threads=20;cuda=True,2026-07-14T16:03:39+00:00
16_triple_2d_ii,0.5,100000,binary_search,gpu,5,2,started,,1000000000000000,,,,b6c0879,2.9.1+cu128,1.35.2,NVIDIA GeForce RTX 3090,torch_threads=10;polars_threads=20;cuda=True,2026-07-14T16:03:39+00:00
16_triple_2d_ii,0.5,100000,binary_search,gpu,5,2,ok,6722,1000000000000000,73.486,85.386;75.995;73.486;73.294;73.379,,b6c0879,2.9.1+cu128,1.35.2,NVIDIA GeForce RTX 3090,torch_threads=10;polars_threads=20;cuda=True,2026-07-14T16:03:39+00:00
16_triple_2d_ii,0.5,100000,db_join,gpu,5,2,skipped_guard,,1000000000000000,,,1.0e+15 candidates > 1e+14 (host-RAM kill risk),b6c0879,2.9.1+cu128,1.35.2,NVIDIA GeForce RTX 3090,torch_threads=10;polars_threads=20;cuda=True,2026-07-14T16:03:39+00:00
16_triple_2d_ii,1.0,100,dense,gpu,5,2,started,,1000000,,,,b6c0879,2.9.1+cu128,1.35.2,NVIDIA GeForce RTX 3090,torch_threads=10;polars_threads=20;cuda=True,2026-07-14T16:03:40+00:00
16_triple_2d_ii,1.0,100,dense,gpu,5,2,ok,11,1000000,0.220,0.223;0.220;0.269;0.218;0.219,,b6c0879,2.9.1+cu128,1.35.2,NVIDIA GeForce RTX 3090,torch_threads=10;polars_threads=20;cuda=True,2026-07-14T16:03:40+00:00
16_triple_2d_ii,1.0,100,binary_search,gpu,5,2,started,,1000000,,,,b6c0879,2.9.1+cu128,1.35.2,NVIDIA GeForce RTX 3090,torch_threads=10;polars_threads=20;cuda=True,2026-07-14T16:03:40+00:00
16_triple_2d_ii,1.0,100,binary_search,gpu,5,2,ok,11,1000000,0.759,0.807;0.759;0.755;0.760;0.757,,b6c0879,2.9.1+cu128,1.35.2,NVIDIA GeForce RTX 3090,torch_threads=10;polars_threads=20;cuda=True,2026-07-14T16:03:40+00:00
16_triple_2d_ii,1.0,100,db_join,gpu,5,2,started,,1000000,,,,b6c0879,2.9.1+cu128,1.35.2,NVIDIA GeForce RTX 3090,torch_threads=10;polars_threads=20;cuda=True,2026-07-14T16:03:40+00:00
16_triple_2d_ii,1.0,100,db_join,gpu,5,2,ok,11,1000000,1.994,2.042;1.684;2.145;1.994;1.794,,b6c0879,2.9.1+cu128,1.35.2,NVIDIA GeForce RTX 3090,torch_threads=10;polars_threads=20;cuda=True,2026-07-14T16:03:40+00:00
16_triple_2d_ii,1.0,300,dense,gpu,5,2,started,,27000000,,,,b6c0879,2.9.1+cu128,1.35.2,NVIDIA GeForce RTX 3090,torch_threads=10;polars_threads=20;cuda=True,2026-07-14T16:03:40+00:00
16_triple_2d_ii,1.0,300,dense,gpu,5,2,ok,36,27000000,1.652,1.659;1.652;1.651;1.683;1.649,,b6c0879,2.9.1+cu128,1.35.2,NVIDIA GeForce RTX 3090,torch_threads=10;polars_threads=20;cuda=True,2026-07-14T16:03:40+00:00
16_triple_2d_ii,1.0,300,binary_search,gpu,5,2,started,,27000000,,,,b6c0879,2.9.1+cu128,1.35.2,NVIDIA GeForce RTX 3090,torch_threads=10;polars_threads=20;cuda=True,2026-07-14T16:03:40+00:00
16_triple_2d_ii,1.0,300,binary_search,gpu,5,2,ok,36,27000000,0.769,0.775;0.779;0.769;0.765;0.765,,b6c0879,2.9.1+cu128,1.35.2,NVIDIA GeForce RTX 3090,torch_threads=10;polars_threads=20;cuda=True,2026-07-14T16:03:40+00:00
16_triple_2d_ii,1.0,300,db_join,gpu,5,2,started,,27000000,,,,b6c0879,2.9.1+cu128,1.35.2,NVIDIA GeForce RTX 3090,torch_threads=10;polars_threads=20;cuda=True,2026-07-14T16:03:40+00:00
16_triple_2d_ii,1.0,300,db_join,gpu,5,2,ok,36,27000000,2.212,2.283;2.212;1.827;2.289;2.149,,b6c0879,2.9.1+cu128,1.35.2,NVIDIA GeForce RTX 3090,torch_threads=10;polars_threads=20;cuda=True,2026-07-14T16:03:40+00:00
16_triple_2d_ii,1.0,1000,dense,gpu,5,2,started,,1000000000,,,,b6c0879,2.9.1+cu128,1.35.2,NVIDIA GeForce RTX 3090,torch_threads=10;polars_threads=20;cuda=True,2026-07-14T16:03:40+00:00
16_triple_2d_ii,1.0,1000,dense,gpu,5,2,ok,103,1000000000,24.796,24.810;24.779;24.771;24.917;24.796,,b6c0879,2.9.1+cu128,1.35.2,NVIDIA GeForce RTX 3090,torch_threads=10;polars_threads=20;cuda=True,2026-07-14T16:03:40+00:00
16_triple_2d_ii,1.0,1000,binary_search,gpu,5,2,started,,1000000000,,,,b6c0879,2.9.1+cu128,1.35.2,NVIDIA GeForce RTX 3090,torch_threads=10;polars_threads=20;cuda=True,2026-07-14T16:03:40+00:00
16_triple_2d_ii,1.0,1000,binary_search,gpu,5,2,ok,103,1000000000,0.813,0.812;0.814;0.808;0.813;0.817,,b6c0879,2.9.1+cu128,1.35.2,NVIDIA GeForce RTX 3090,torch_threads=10;polars_threads=20;cuda=True,2026-07-14T16:03:40+00:00
16_triple_2d_ii,1.0,1000,db_join,gpu,5,2,started,,1000000000,,,,b6c0879,2.9.1+cu128,1.35.2,NVIDIA GeForce RTX 3090,torch_threads=10;polars_threads=20;cuda=True,2026-07-14T16:03:40+00:00
16_triple_2d_ii,1.0,1000,db_join,gpu,5,2,ok,103,1000000000,4.034,3.291;3.141;4.432;4.034;4.291,,b6c0879,2.9.1+cu128,1.35.2,NVIDIA GeForce RTX 3090,torch_threads=10;polars_threads=20;cuda=True,2026-07-14T16:03:40+00:00
16_triple_2d_ii,1.0,3000,dense,gpu,5,2,skipped_guard,,27000000000,,,predicted 2.7e+10 B > 4.0e+09 B,b6c0879,2.9.1+cu128,1.35.2,NVIDIA GeForce RTX 3090,torch_threads=10;polars_threads=20;cuda=True,2026-07-14T16:03:40+00:00
16_triple_2d_ii,1.0,3000,binary_search,gpu,5,2,started,,27000000000,,,,b6c0879,2.9.1+cu128,1.35.2,NVIDIA GeForce RTX 3090,torch_threads=10;polars_threads=20;cuda=True,2026-07-14T16:03:40+00:00
16_triple_2d_ii,1.0,3000,binary_search,gpu,5,2,ok,303,27000000000,0.941,0.936;0.940;0.956;0.941;0.944,,b6c0879,2.9.1+cu128,1.35.2,NVIDIA GeForce RTX 3090,torch_threads=10;polars_threads=20;cuda=True,2026-07-14T16:03:40+00:00
16_triple_2d_ii,1.0,3000,db_join,gpu,5,2,started,,27000000000,,,,b6c0879,2.9.1+cu128,1.35.2,NVIDIA GeForce RTX 3090,torch_threads=10;polars_threads=20;cuda=True,2026-07-14T16:03:40+00:00
16_triple_2d_ii,1.0,3000,db_join,gpu,5,2,ok,303,27000000000,19.912,27.953;19.912;24.262;17.726;17.841,,b6c0879,2.9.1+cu128,1.35.2,NVIDIA GeForce RTX 3090,torch_threads=10;polars_threads=20;cuda=True,2026-07-14T16:03:40+00:00
16_triple_2d_ii,1.0,10000,dense,gpu,5,2,skipped_prior_fail,,1000000000000,,,,b6c0879,2.9.1+cu128,1.35.2,NVIDIA GeForce RTX 3090,torch_threads=10;polars_threads=20;cuda=True,2026-07-14T16:03:40+00:00
16_triple_2d_ii,1.0,10000,binary_search,gpu,5,2,started,,1000000000000,,,,b6c0879,2.9.1+cu128,1.35.2,NVIDIA GeForce RTX 3090,torch_threads=10;polars_threads=20;cuda=True,2026-07-14T16:03:40+00:00
16_triple_2d_ii,1.0,10000,binary_search,gpu,5,2,ok,967,1000000000000,1.872,1.877;1.872;1.866;1.870;1.874,,b6c0879,2.9.1+cu128,1.35.2,NVIDIA GeForce RTX 3090,torch_threads=10;polars_threads=20;cuda=True,2026-07-14T16:03:40+00:00
16_triple_2d_ii,1.0,10000,db_join,gpu,5,2,started,,1000000000000,,,,b6c0879,2.9.1+cu128,1.35.2,NVIDIA GeForce RTX 3090,torch_threads=10;polars_threads=20;cuda=True,2026-07-14T16:03:40+00:00
16_triple_2d_ii,1.0,10000,db_join,gpu,5,2,ok,967,1000000000000,272.407,357.377;265.946;272.407;136.228;352.215,,b6c0879,2.9.1+cu128,1.35.2,NVIDIA GeForce RTX 3090,torch_threads=10;polars_threads=20;cuda=True,2026-07-14T16:03:42+00:00
16_triple_2d_ii,1.0,30000,dense,gpu,5,2,skipped_prior_fail,,27000000000000,,,,b6c0879,2.9.1+cu128,1.35.2,NVIDIA GeForce RTX 3090,torch_threads=10;polars_threads=20;cuda=True,2026-07-14T16:03:42+00:00
16_triple_2d_ii,1.0,30000,binary_search,gpu,5,2,started,,27000000000000,,,,b6c0879,2.9.1+cu128,1.35.2,NVIDIA GeForce RTX 3090,torch_threads=10;polars_threads=20;cuda=True,2026-07-14T16:03:42+00:00
16_triple_2d_ii,1.0,30000,binary_search,gpu,5,2,ok,2918,27000000000000,11.973,11.974;11.972;11.973;11.977;11.966,,b6c0879,2.9.1+cu128,1.35.2,NVIDIA GeForce RTX 3090,torch_threads=10;polars_threads=20;cuda=True,2026-07-14T16:03:42+00:00
16_triple_2d_ii,1.0,30000,db_join,gpu,5,2,started,,27000000000000,,,,b6c0879,2.9.1+cu128,1.35.2,NVIDIA GeForce RTX 3090,torch_threads=10;polars_threads=20;cuda=True,2026-07-14T16:03:42+00:00
16_triple_2d_ii,1.0,30000,db_join,gpu,5,2,ok,2918,27000000000000,1339.731,1296.312;2527.850;845.990;1339.731;2041.797,,b6c0879,2.9.1+cu128,1.35.2,NVIDIA GeForce RTX 3090,torch_threads=10;polars_threads=20;cuda=True,2026-07-14T16:03:53+00:00
16_triple_2d_ii,1.0,100000,dense,gpu,5,2,skipped_prior_fail,,1000000000000000,,,,b6c0879,2.9.1+cu128,1.35.2,NVIDIA GeForce RTX 3090,torch_threads=10;polars_threads=20;cuda=True,2026-07-14T16:03:53+00:00
16_triple_2d_ii,1.0,100000,binary_search,gpu,5,2,started,,1000000000000000,,,,b6c0879,2.9.1+cu128,1.35.2,NVIDIA GeForce RTX 3090,torch_threads=10;polars_threads=20;cuda=True,2026-07-14T16:03:53+00:00
16_triple_2d_ii,1.0,100000,binary_search,gpu,5,2,ok,9867,1000000000000000,87.575,92.442;87.962;86.840;86.555;87.575,,b6c0879,2.9.1+cu128,1.35.2,NVIDIA GeForce RTX 3090,torch_threads=10;polars_threads=20;cuda=True,2026-07-14T16:03:54+00:00
16_triple_2d_ii,1.0,100000,db_join,gpu,5,2,skipped_guard,,1000000000000000,,,1.0e+15 candidates > 1e+14 (host-RAM kill risk),b6c0879,2.9.1+cu128,1.35.2,NVIDIA GeForce RTX 3090,torch_threads=10;polars_threads=20;cuda=True,2026-07-14T16:03:54+00:00
04_pointwise_2d_pp,0.5,300000,dense,gpu,5,2,skipped_guard,,90000000000,,,predicted 9.0e+10 B > 4.0e+09 B,b6c0879,2.9.1+cu128,1.35.2,NVIDIA GeForce RTX 3090,torch_threads=10;polars_threads=20;cuda=True,2026-07-14T18:21:36+00:00
04_pointwise_2d_pp,0.5,300000,binary_search,gpu,5,2,started,,90000000000,,,,b6c0879,2.9.1+cu128,1.35.2,NVIDIA GeForce RTX 3090,torch_threads=10;polars_threads=20;cuda=True,2026-07-14T18:21:36+00:00
04_pointwise_2d_pp,0.5,300000,binary_search,gpu,5,2,ok,184157,90000000000,19.407,19.407;19.368;19.378;19.410;19.630,,b6c0879,2.9.1+cu128,1.35.2,NVIDIA GeForce RTX 3090,torch_threads=10;polars_threads=20;cuda=True,2026-07-14T18:21:38+00:00
04_pointwise_2d_pp,0.5,300000,db_join,gpu,5,2,started,,90000000000,,,,b6c0879,2.9.1+cu128,1.35.2,NVIDIA GeForce RTX 3090,torch_threads=10;polars_threads=20;cuda=True,2026-07-14T18:21:38+00:00
04_pointwise_2d_pp,0.5,300000,db_join,gpu,5,2,ok,184157,90000000000,14.238,15.423;14.719;14.171;14.238;13.111,,b6c0879,2.9.1+cu128,1.35.2,NVIDIA GeForce RTX 3090,torch_threads=10;polars_threads=20;cuda=True,2026-07-14T18:21:38+00:00
04_pointwise_2d_pp,0.5,1000000,dense,gpu,5,2,skipped_prior_fail,,1000000000000,,,,b6c0879,2.9.1+cu128,1.35.2,NVIDIA GeForce RTX 3090,torch_threads=10;polars_threads=20;cuda=True,2026-07-14T18:21:38+00:00
04_pointwise_2d_pp,0.5,1000000,binary_search,gpu,5,2,started,,1000000000000,,,,b6c0879,2.9.1+cu128,1.35.2,NVIDIA GeForce RTX 3090,torch_threads=10;polars_threads=20;cuda=True,2026-07-14T18:21:38+00:00
04_pointwise_2d_pp,0.5,1000000,binary_search,gpu,5,2,ok,613872,1000000000000,61.266,61.310;61.201;61.266;61.296;61.208,,b6c0879,2.9.1+cu128,1.35.2,NVIDIA GeForce RTX 3090,torch_threads=10;polars_threads=20;cuda=True,2026-07-14T18:21:38+00:00
04_pointwise_2d_pp,0.5,1000000,db_join,gpu,5,2,started,,1000000000000,,,,b6c0879,2.9.1+cu128,1.35.2,NVIDIA GeForce RTX 3090,torch_threads=10;polars_threads=20;cuda=True,2026-07-14T18:21:38+00:00
04_pointwise_2d_pp,0.5,1000000,db_join,gpu,5,2,ok,613872,1000000000000,40.683,42.546;38.631;40.240;40.683;43.442,,b6c0879,2.9.1+cu128,1.35.2,NVIDIA GeForce RTX 3090,torch_threads=10;polars_threads=20;cuda=True,2026-07-14T18:21:39+00:00
05_pointwise_2d_ii,0.5,100,dense,gpu,5,2,started,,10000,,,,b6c0879,2.9.1+cu128,1.35.2,NVIDIA GeForce RTX 3090,torch_threads=10;polars_threads=20;cuda=True,2026-07-14T18:21:39+00:00
05_pointwise_2d_ii,0.5,100,dense,gpu,5,2,ok,19,10000,0.198,0.209;0.199;0.198;0.197;0.198,,b6c0879,2.9.1+cu128,1.35.2,NVIDIA GeForce RTX 3090,torch_threads=10;polars_threads=20;cuda=True,2026-07-14T18:21:39+00:00
05_pointwise_2d_ii,0.5,100,binary_search,gpu,5,2,started,,10000,,,,b6c0879,2.9.1+cu128,1.35.2,NVIDIA GeForce RTX 3090,torch_threads=10;polars_threads=20;cuda=True,2026-07-14T18:21:39+00:00
05_pointwise_2d_ii,0.5,100,binary_search,gpu,5,2,ok,19,10000,0.528,0.533;0.525;0.528;0.532;0.520,,b6c0879,2.9.1+cu128,1.35.2,NVIDIA GeForce RTX 3090,torch_threads=10;polars_threads=20;cuda=True,2026-07-14T18:21:41+00:00
05_pointwise_2d_ii,0.5,100,db_join,gpu,5,2,started,,10000,,,,b6c0879,2.9.1+cu128,1.35.2,NVIDIA GeForce RTX 3090,torch_threads=10;polars_threads=20;cuda=True,2026-07-14T18:21:41+00:00
05_pointwise_2d_ii,0.5,100,db_join,gpu,5,2,ok,19,10000,0.991,1.381;0.991;1.053;0.956;0.969,,b6c0879,2.9.1+cu128,1.35.2,NVIDIA GeForce RTX 3090,torch_threads=10;polars_threads=20;cuda=True,2026-07-14T18:21:41+00:00
05_pointwise_2d_ii,0.5,300,dense,gpu,5,2,started,,90000,,,,b6c0879,2.9.1+cu128,1.35.2,NVIDIA GeForce RTX 3090,torch_threads=10;polars_threads=20;cuda=True,2026-07-14T18:21:41+00:00
05_pointwise_2d_ii,0.5,300,dense,gpu,5,2,ok,80,90000,0.205,0.208;0.207;0.205;0.205;0.203,,b6c0879,2.9.1+cu128,1.35.2,NVIDIA GeForce RTX 3090,torch_threads=10;polars_threads=20;cuda=True,2026-07-14T18:21:41+00:00
05_pointwise_2d_ii,0.5,300,binary_search,gpu,5,2,started,,90000,,,,b6c0879,2.9.1+cu128,1.35.2,NVIDIA GeForce RTX 3090,torch_threads=10;polars_threads=20;cuda=True,2026-07-14T18:21:41+00:00
05_pointwise_2d_ii,0.5,300,binary_search,gpu,5,2,ok,80,90000,0.548,0.551;0.552;0.548;0.548;0.547,,b6c0879,2.9.1+cu128,1.35.2,NVIDIA GeForce RTX 3090,torch_threads=10;polars_threads=20;cuda=True,2026-07-14T18:21:41+00:00
05_pointwise_2d_ii,0.5,300,db_join,gpu,5,2,started,,90000,,,,b6c0879,2.9.1+cu128,1.35.2,NVIDIA GeForce RTX 3090,torch_threads=10;polars_threads=20;cuda=True,2026-07-14T18:21:41+00:00
05_pointwise_2d_ii,0.5,300,db_join,gpu,5,2,ok,80,90000,1.020,0.961;0.957;1.341;1.020;1.314,,b6c0879,2.9.1+cu128,1.35.2,NVIDIA GeForce RTX 3090,torch_threads=10;polars_threads=20;cuda=True,2026-07-14T18:21:41+00:00
05_pointwise_2d_ii,0.5,1000,dense,gpu,5,2,started,,1000000,,,,b6c0879,2.9.1+cu128,1.35.2,NVIDIA GeForce RTX 3090,torch_threads=10;polars_threads=20;cuda=True,2026-07-14T18:21:41+00:00
05_pointwise_2d_ii,0.5,1000,dense,gpu,5,2,ok,287,1000000,0.192,0.196;0.194;0.192;0.191;0.192,,b6c0879,2.9.1+cu128,1.35.2,NVIDIA GeForce RTX 3090,torch_threads=10;polars_threads=20;cuda=True,2026-07-14T18:21:41+00:00
05_pointwise_2d_ii,0.5,1000,binary_search,gpu,5,2,started,,1000000,,,,b6c0879,2.9.1+cu128,1.35.2,NVIDIA GeForce RTX 3090,torch_threads=10;polars_threads=20;cuda=True,2026-07-14T18:21:41+00:00
05_pointwise_2d_ii,0.5,1000,binary_search,gpu,5,2,ok,287,1000000,0.532,0.534;0.531;0.532;0.535;0.530,,b6c0879,2.9.1+cu128,1.35.2,NVIDIA GeForce RTX 3090,torch_threads=10;polars_threads=20;cuda=True,2026-07-14T18:21:41+00:00
05_pointwise_2d_ii,0.5,1000,db_join,gpu,5,2,started,,1000000,,,,b6c0879,2.9.1+cu128,1.35.2,NVIDIA GeForce RTX 3090,torch_threads=10;polars_threads=20;cuda=True,2026-07-14T18:21:41+00:00
05_pointwise_2d_ii,0.5,1000,db_join,gpu,5,2,ok,287,1000000,2.357,2.585;3.678;2.357;2.337;1.422,,b6c0879,2.9.1+cu128,1.35.2,NVIDIA GeForce RTX 3090,torch_threads=10;polars_threads=20;cuda=True,2026-07-14T18:21:41+00:00
05_pointwise_2d_ii,0.5,3000,dense,gpu,5,2,started,,9000000,,,,b6c0879,2.9.1+cu128,1.35.2,NVIDIA GeForce RTX 3090,torch_threads=10;polars_threads=20;cuda=True,2026-07-14T18:21:41+00:00
05_pointwise_2d_ii,0.5,3000,dense,gpu,5,2,ok,813,9000000,0.734,0.732;0.734;0.734;0.735;0.732,,b6c0879,2.9.1+cu128,1.35.2,NVIDIA GeForce RTX 3090,torch_threads=10;polars_threads=20;cuda=True,2026-07-14T18:21:41+00:00
05_pointwise_2d_ii,0.5,3000,binary_search,gpu,5,2,started,,9000000,,,,b6c0879,2.9.1+cu128,1.35.2,NVIDIA GeForce RTX 3090,torch_threads=10;polars_threads=20;cuda=True,2026-07-14T18:21:41+00:00
05_pointwise_2d_ii,0.5,3000,binary_search,gpu,5,2,ok,813,9000000,0.785,0.784;0.786;0.785;0.786;0.782,,b6c0879,2.9.1+cu128,1.35.2,NVIDIA GeForce RTX 3090,torch_threads=10;polars_threads=20;cuda=True,2026-07-14T18:21:41+00:00
05_pointwise_2d_ii,0.5,3000,db_join,gpu,5,2,started,,9000000,,,,b6c0879,2.9.1+cu128,1.35.2,NVIDIA GeForce RTX 3090,torch_threads=10;polars_threads=20;cuda=True,2026-07-14T18:21:41+00:00
05_pointwise_2d_ii,0.5,3000,db_join,gpu,5,2,ok,813,9000000,1.954,2.100;1.954;2.004;1.854;1.795,,b6c0879,2.9.1+cu128,1.35.2,NVIDIA GeForce RTX 3090,torch_threads=10;polars_threads=20;cuda=True,2026-07-14T18:21:41+00:00
05_pointwise_2d_ii,0.5,10000,dense,gpu,5,2,started,,100000000,,,,b6c0879,2.9.1+cu128,1.35.2,NVIDIA GeForce RTX 3090,torch_threads=10;polars_threads=20;cuda=True,2026-07-14T18:21:41+00:00
05_pointwise_2d_ii,0.5,10000,dense,gpu,5,2,ok,2722,100000000,2.886,2.883;2.885;2.886;2.887;2.887,,b6c0879,2.9.1+cu128,1.35.2,NVIDIA GeForce RTX 3090,torch_threads=10;polars_threads=20;cuda=True,2026-07-14T18:21:41+00:00
05_pointwise_2d_ii,0.5,10000,binary_search,gpu,5,2,started,,100000000,,,,b6c0879,2.9.1+cu128,1.35.2,NVIDIA GeForce RTX 3090,torch_threads=10;polars_threads=20;cuda=True,2026-07-14T18:21:41+00:00
05_pointwise_2d_ii,0.5,10000,binary_search,gpu,5,2,ok,2722,100000000,1.111,1.104;1.113;1.099;1.111;1.115,,b6c0879,2.9.1+cu128,1.35.2,NVIDIA GeForce RTX 3090,torch_threads=10;polars_threads=20;cuda=True,2026-07-14T18:21:41+00:00
05_pointwise_2d_ii,0.5,10000,db_join,gpu,5,2,started,,100000000,,,,b6c0879,2.9.1+cu128,1.35.2,NVIDIA GeForce RTX 3090,torch_threads=10;polars_threads=20;cuda=True,2026-07-14T18:21:41+00:00
05_pointwise_2d_ii,0.5,10000,db_join,gpu,5,2,ok,2722,100000000,154.498,174.445;154.498;156.134;149.021;150.286,,b6c0879,2.9.1+cu128,1.35.2,NVIDIA GeForce RTX 3090,torch_threads=10;polars_threads=20;cuda=True,2026-07-14T18:21:42+00:00
05_pointwise_2d_ii,0.5,30000,dense,gpu,5,2,started,,900000000,,,,b6c0879,2.9.1+cu128,1.35.2,NVIDIA GeForce RTX 3090,torch_threads=10;polars_threads=20;cuda=True,2026-07-14T18:21:42+00:00
05_pointwise_2d_ii,0.5,30000,dense,gpu,5,2,ok,8119,900000000,18.206,18.209;18.206;18.216;18.200;18.188,,b6c0879,2.9.1+cu128,1.35.2,NVIDIA GeForce RTX 3090,torch_threads=10;polars_threads=20;cuda=True,2026-07-14T18:21:42+00:00
05_pointwise_2d_ii,0.5,30000,binary_search,gpu,5,2,started,,900000000,,,,b6c0879,2.9.1+cu128,1.35.2,NVIDIA GeForce RTX 3090,torch_threads=10;polars_threads=20;cuda=True,2026-07-14T18:21:42+00:00
05_pointwise_2d_ii,0.5,30000,binary_search,gpu,5,2,ok,8119,900000000,5.866,5.873;5.875;5.866;3.284;3.075,,b6c0879,2.9.1+cu128,1.35.2,NVIDIA GeForce RTX 3090,torch_threads=10;polars_threads=20;cuda=True,2026-07-14T18:21:42+00:00
05_pointwise_2d_ii,0.5,30000,db_join,gpu,5,2,started,,900000000,,,,b6c0879,2.9.1+cu128,1.35.2,NVIDIA GeForce RTX 3090,torch_threads=10;polars_threads=20;cuda=True,2026-07-14T18:21:42+00:00
05_pointwise_2d_ii,0.5,30000,db_join,gpu,5,2,ok,8119,900000000,21.323,20.075;1129.442;21.637;20.748;21.323,,b6c0879,2.9.1+cu128,1.35.2,NVIDIA GeForce RTX 3090,torch_threads=10;polars_threads=20;cuda=True,2026-07-14T18:21:43+00:00
05_pointwise_2d_ii,0.5,100000,dense,gpu,5,2,skipped_guard,,10000000000,,,predicted 1.0e+10 B > 4.0e+09 B,b6c0879,2.9.1+cu128,1.35.2,NVIDIA GeForce RTX 3090,torch_threads=10;polars_threads=20;cuda=True,2026-07-14T18:21:43+00:00
05_pointwise_2d_ii,0.5,100000,binary_search,gpu,5,2,started,,10000000000,,,,b6c0879,2.9.1+cu128,1.35.2,NVIDIA GeForce RTX 3090,torch_threads=10;polars_threads=20;cuda=True,2026-07-14T18:21:43+00:00
05_pointwise_2d_ii,0.5,100000,binary_search,gpu,5,2,ok,27286,10000000000,14.779,14.801;14.794;14.734;14.779;14.773,,b6c0879,2.9.1+cu128,1.35.2,NVIDIA GeForce RTX 3090,torch_threads=10;polars_threads=20;cuda=True,2026-07-14T18:21:43+00:00
05_pointwise_2d_ii,0.5,100000,db_join,gpu,5,2,started,,10000000000,,,,b6c0879,2.9.1+cu128,1.35.2,NVIDIA GeForce RTX 3090,torch_threads=10;polars_threads=20;cuda=True,2026-07-14T18:21:43+00:00
05_pointwise_2d_ii,0.5,100000,db_join,gpu,5,2,ok,27286,10000000000,19412.645,132.053;19412.645;216.354;24389.961;24255.386,,b6c0879,2.9.1+cu128,1.35.2,NVIDIA GeForce RTX 3090,torch_threads=10;polars_threads=20;cuda=True,2026-07-14T18:22:52+00:00
05_pointwise_2d_ii,0.5,300000,dense,gpu,5,2,skipped_prior_fail,,90000000000,,,,b6c0879,2.9.1+cu128,1.35.2,NVIDIA GeForce RTX 3090,torch_threads=10;polars_threads=20;cuda=True,2026-07-14T18:22:52+00:00
05_pointwise_2d_ii,0.5,300000,binary_search,gpu,5,2,started,,90000000000,,,,b6c0879,2.9.1+cu128,1.35.2,NVIDIA GeForce RTX 3090,torch_threads=10;polars_threads=20;cuda=True,2026-07-14T18:22:52+00:00
05_pointwise_2d_ii,0.5,300000,binary_search,gpu,5,2,ok,82053,90000000000,60.484,1056.386;60.484;478.281;57.267;55.092,,b6c0879,2.9.1+cu128,1.35.2,NVIDIA GeForce RTX 3090,torch_threads=10;polars_threads=20;cuda=True,2026-07-14T18:22:56+00:00
05_pointwise_2d_ii,0.5,300000,db_join,gpu,5,2,started,,90000000000,,,,b6c0879,2.9.1+cu128,1.35.2,NVIDIA GeForce RTX 3090,torch_threads=10;polars_threads=20;cuda=True,2026-07-14T18:22:56+00:00
05_pointwise_2d_ii,0.5,300000,db_join,gpu,5,2,killed,,90000000000,,,left in 'started' state by a previous run,b6c0879,2.9.1+cu128,1.35.2,NVIDIA GeForce RTX 3090,torch_threads=10;polars_threads=20;cuda=True,2026-07-14T18:24:39+00:00
05_pointwise_2d_ii,0.5,1000000,dense,gpu,5,2,skipped_guard,,1000000000000,,,predicted 1.0e+12 B > 4.0e+09 B,b6c0879,2.9.1+cu128,1.35.2,NVIDIA GeForce RTX 3090,torch_threads=10;polars_threads=20;cuda=True,2026-07-14T18:24:39+00:00
05_pointwise_2d_ii,0.5,1000000,binary_search,gpu,5,2,started,,1000000000000,,,,b6c0879,2.9.1+cu128,1.35.2,NVIDIA GeForce RTX 3090,torch_threads=10;polars_threads=20;cuda=True,2026-07-14T18:24:39+00:00
05_pointwise_2d_ii,0.5,1000000,binary_search,gpu,5,2,ok,272908,1000000000000,549.671,541.353;552.090;549.996;549.436;549.671,,b6c0879,2.9.1+cu128,1.35.2,NVIDIA GeForce RTX 3090,torch_threads=10;polars_threads=20;cuda=True,2026-07-14T18:24:45+00:00
05_pointwise_2d_ii,0.5,1000000,db_join,gpu,5,2,skipped_prior_fail,,1000000000000,,,,b6c0879,2.9.1+cu128,1.35.2,NVIDIA GeForce RTX 3090,torch_threads=10;polars_threads=20;cuda=True,2026-07-14T18:24:45+00:00
20_pointwise_2d_ppii,0.5,100,dense,gpu,5,2,started,,10000,,,,b6c0879,2.9.1+cu128,1.35.2,NVIDIA GeForce RTX 3090,torch_threads=10;polars_threads=20;cuda=True,2026-07-14T18:24:45+00:00
20_pointwise_2d_ppii,0.5,100,dense,gpu,5,2,ok,15,10000,0.195,0.201;0.196;0.195;0.193;0.192,,b6c0879,2.9.1+cu128,1.35.2,NVIDIA GeForce RTX 3090,torch_threads=10;polars_threads=20;cuda=True,2026-07-14T18:24:45+00:00
20_pointwise_2d_ppii,0.5,100,binary_search,gpu,5,2,started,,10000,,,,b6c0879,2.9.1+cu128,1.35.2,NVIDIA GeForce RTX 3090,torch_threads=10;polars_threads=20;cuda=True,2026-07-14T18:24:45+00:00
20_pointwise_2d_ppii,0.5,100,binary_search,gpu,5,2,ok,15,10000,0.521,0.525;0.521;0.525;0.520;0.521,,b6c0879,2.9.1+cu128,1.35.2,NVIDIA GeForce RTX 3090,torch_threads=10;polars_threads=20;cuda=True,2026-07-14T18:24:45+00:00
20_pointwise_2d_ppii,0.5,100,db_join,gpu,5,2,started,,10000,,,,b6c0879,2.9.1+cu128,1.35.2,NVIDIA GeForce RTX 3090,torch_threads=10;polars_threads=20;cuda=True,2026-07-14T18:24:45+00:00
20_pointwise_2d_ppii,0.5,100,db_join,gpu,5,2,ok,15,10000,0.993,1.170;0.944;0.887;0.993;1.114,,b6c0879,2.9.1+cu128,1.35.2,NVIDIA GeForce RTX 3090,torch_threads=10;polars_threads=20;cuda=True,2026-07-14T18:24:45+00:00
20_pointwise_2d_ppii,0.5,300,dense,gpu,5,2,started,,90000,,,,b6c0879,2.9.1+cu128,1.35.2,NVIDIA GeForce RTX 3090,torch_threads=10;polars_threads=20;cuda=True,2026-07-14T18:24:45+00:00
20_pointwise_2d_ppii,0.5,300,dense,gpu,5,2,ok,46,90000,0.198,0.199;0.198;0.198;0.196;0.197,,b6c0879,2.9.1+cu128,1.35.2,NVIDIA GeForce RTX 3090,torch_threads=10;polars_threads=20;cuda=True,2026-07-14T18:24:45+00:00
20_pointwise_2d_ppii,0.5,300,binary_search,gpu,5,2,started,,90000,,,,b6c0879,2.9.1+cu128,1.35.2,NVIDIA GeForce RTX 3090,torch_threads=10;polars_threads=20;cuda=True,2026-07-14T18:24:45+00:00
20_pointwise_2d_ppii,0.5,300,binary_search,gpu,5,2,ok,46,90000,0.521,0.522;0.523;0.521;0.520;0.518,,b6c0879,2.9.1+cu128,1.35.2,NVIDIA GeForce RTX 3090,torch_threads=10;polars_threads=20;cuda=True,2026-07-14T18:24:45+00:00
20_pointwise_2d_ppii,0.5,300,db_join,gpu,5,2,started,,90000,,,,b6c0879,2.9.1+cu128,1.35.2,NVIDIA GeForce RTX 3090,torch_threads=10;polars_threads=20;cuda=True,2026-07-14T18:24:45+00:00
20_pointwise_2d_ppii,0.5,300,db_join,gpu,5,2,ok,46,90000,1.157,1.045;1.349;0.974;1.330;1.157,,b6c0879,2.9.1+cu128,1.35.2,NVIDIA GeForce RTX 3090,torch_threads=10;polars_threads=20;cuda=True,2026-07-14T18:24:45+00:00
20_pointwise_2d_ppii,0.5,1000,dense,gpu,5,2,started,,1000000,,,,b6c0879,2.9.1+cu128,1.35.2,NVIDIA GeForce RTX 3090,torch_threads=10;polars_threads=20;cuda=True,2026-07-14T18:24:45+00:00
20_pointwise_2d_ppii,0.5,1000,dense,gpu,5,2,ok,164,1000000,0.187,0.189;0.187;0.194;0.187;0.187,,b6c0879,2.9.1+cu128,1.35.2,NVIDIA GeForce RTX 3090,torch_threads=10;polars_threads=20;cuda=True,2026-07-14T18:24:45+00:00
20_pointwise_2d_ppii,0.5,1000,binary_search,gpu,5,2,started,,1000000,,,,b6c0879,2.9.1+cu128,1.35.2,NVIDIA GeForce RTX 3090,torch_threads=10;polars_threads=20;cuda=True,2026-07-14T18:24:45+00:00
20_pointwise_2d_ppii,0.5,1000,binary_search,gpu,5,2,ok,164,1000000,0.512,0.517;0.512;0.556;0.501;0.501,,b6c0879,2.9.1+cu128,1.35.2,NVIDIA GeForce RTX 3090,torch_threads=10;polars_threads=20;cuda=True,2026-07-14T18:24:46+00:00
20_pointwise_2d_ppii,0.5,1000,db_join,gpu,5,2,started,,1000000,,,,b6c0879,2.9.1+cu128,1.35.2,NVIDIA GeForce RTX 3090,torch_threads=10;polars_threads=20;cuda=True,2026-07-14T18:24:46+00:00
20_pointwise_2d_ppii,0.5,1000,db_join,gpu,5,2,ok,164,1000000,1.919,2.259;1.982;1.394;1.912;1.919,,b6c0879,2.9.1+cu128,1.35.2,NVIDIA GeForce RTX 3090,torch_threads=10;polars_threads=20;cuda=True,2026-07-14T18:24:46+00:00
20_pointwise_2d_ppii,0.5,3000,dense,gpu,5,2,started,,9000000,,,,b6c0879,2.9.1+cu128,1.35.2,NVIDIA GeForce RTX 3090,torch_threads=10;polars_threads=20;cuda=True,2026-07-14T18:24:46+00:00
20_pointwise_2d_ppii,0.5,3000,dense,gpu,5,2,ok,475,9000000,0.646,0.646;0.643;0.647;0.650;0.646,,b6c0879,2.9.1+cu128,1.35.2,NVIDIA GeForce RTX 3090,torch_threads=10;polars_threads=20;cuda=True,2026-07-14T18:24:46+00:00
20_pointwise_2d_ppii,0.5,3000,binary_search,gpu,5,2,started,,9000000,,,,b6c0879,2.9.1+cu128,1.35.2,NVIDIA GeForce RTX 3090,torch_threads=10;polars_threads=20;cuda=True,2026-07-14T18:24:46+00:00
20_pointwise_2d_ppii,0.5,3000,binary_search,gpu,5,2,ok,475,9000000,0.610,0.610;0.617;0.606;0.607;0.612,,b6c0879,2.9.1+cu128,1.35.2,NVIDIA GeForce RTX 3090,torch_threads=10;polars_threads=20;cuda=True,2026-07-14T18:24:46+00:00
20_pointwise_2d_ppii,0.5,3000,db_join,gpu,5,2,started,,9000000,,,,b6c0879,2.9.1+cu128,1.35.2,NVIDIA GeForce RTX 3090,torch_threads=10;polars_threads=20;cuda=True,2026-07-14T18:24:46+00:00
20_pointwise_2d_ppii,0.5,3000,db_join,gpu,5,2,ok,475,9000000,11.820,11.724;12.715;13.178;11.820;1.671,,b6c0879,2.9.1+cu128,1.35.2,NVIDIA GeForce RTX 3090,torch_threads=10;polars_threads=20;cuda=True,2026-07-14T18:24:46+00:00
20_pointwise_2d_ppii,0.5,10000,dense,gpu,5,2,started,,100000000,,,,b6c0879,2.9.1+cu128,1.35.2,NVIDIA GeForce RTX 3090,torch_threads=10;polars_threads=20;cuda=True,2026-07-14T18:24:46+00:00
20_pointwise_2d_ppii,0.5,10000,dense,gpu,5,2,ok,1531,100000000,2.806,2.806;2.809;2.807;2.804;2.806,,b6c0879,2.9.1+cu128,1.35.2,NVIDIA GeForce RTX 3090,torch_threads=10;polars_threads=20;cuda=True,2026-07-14T18:24:46+00:00
20_pointwise_2d_ppii,0.5,10000,binary_search,gpu,5,2,started,,100000000,,,,b6c0879,2.9.1+cu128,1.35.2,NVIDIA GeForce RTX 3090,torch_threads=10;polars_threads=20;cuda=True,2026-07-14T18:24:46+00:00
20_pointwise_2d_ppii,0.5,10000,binary_search,gpu,5,2,ok,1531,100000000,0.726,0.732;0.733;0.726;0.726;0.725,,b6c0879,2.9.1+cu128,1.35.2,NVIDIA GeForce RTX 3090,torch_threads=10;polars_threads=20;cuda=True,2026-07-14T18:24:46+00:00
20_pointwise_2d_ppii,0.5,10000,db_join,gpu,5,2,started,,100000000,,,,b6c0879,2.9.1+cu128,1.35.2,NVIDIA GeForce RTX 3090,torch_threads=10;polars_threads=20;cuda=True,2026-07-14T18:24:46+00:00
20_pointwise_2d_ppii,0.5,10000,db_join,gpu,5,2,ok,1531,100000000,3.784,4.092;124.447;3.470;3.784;3.679,,b6c0879,2.9.1+cu128,1.35.2,NVIDIA GeForce RTX 3090,torch_threads=10;polars_threads=20;cuda=True,2026-07-14T18:24:46+00:00
20_pointwise_2d_ppii,0.5,30000,dense,gpu,5,2,started,,900000000,,,,b6c0879,2.9.1+cu128,1.35.2,NVIDIA GeForce RTX 3090,torch_threads=10;polars_threads=20;cuda=True,2026-07-14T18:24:46+00:00
20_pointwise_2d_ppii,0.5,30000,dense,gpu,5,2,ok,4565,900000000,16.454,16.454;16.453;16.454;16.350;16.462,,b6c0879,2.9.1+cu128,1.35.2,NVIDIA GeForce RTX 3090,torch_threads=10;polars_threads=20;cuda=True,2026-07-14T18:24:46+00:00
20_pointwise_2d_ppii,0.5,30000,binary_search,gpu,5,2,started,,900000000,,,,b6c0879,2.9.1+cu128,1.35.2,NVIDIA GeForce RTX 3090,torch_threads=10;polars_threads=20;cuda=True,2026-07-14T18:24:46+00:00
20_pointwise_2d_ppii,0.5,30000,binary_search,gpu,5,2,ok,4565,900000000,3.610,3.602;3.621;3.612;3.610;1.367,,b6c0879,2.9.1+cu128,1.35.2,NVIDIA GeForce RTX 3090,torch_threads=10;polars_threads=20;cuda=True,2026-07-14T18:24:46+00:00
20_pointwise_2d_ppii,0.5,30000,db_join,gpu,5,2,started,,900000000,,,,b6c0879,2.9.1+cu128,1.35.2,NVIDIA GeForce RTX 3090,torch_threads=10;polars_threads=20;cuda=True,2026-07-14T18:24:46+00:00
20_pointwise_2d_ppii,0.5,30000,db_join,gpu,5,2,ok,4565,900000000,15.354,1359.587;14.712;15.354;14.111;1219.776,,b6c0879,2.9.1+cu128,1.35.2,NVIDIA GeForce RTX 3090,torch_threads=10;polars_threads=20;cuda=True,2026-07-14T18:24:50+00:00
20_pointwise_2d_ppii,0.5,100000,dense,gpu,5,2,skipped_guard,,10000000000,,,predicted 1.0e+10 B > 4.0e+09 B,b6c0879,2.9.1+cu128,1.35.2,NVIDIA GeForce RTX 3090,torch_threads=10;polars_threads=20;cuda=True,2026-07-14T18:24:50+00:00
20_pointwise_2d_ppii,0.5,100000,binary_search,gpu,5,2,started,,10000000000,,,,b6c0879,2.9.1+cu128,1.35.2,NVIDIA GeForce RTX 3090,torch_threads=10;polars_threads=20;cuda=True,2026-07-14T18:24:50+00:00
20_pointwise_2d_ppii,0.5,100000,binary_search,gpu,5,2,ok,15389,10000000000,9.869,9.865;9.853;9.869;29.722;15.135,,b6c0879,2.9.1+cu128,1.35.2,NVIDIA GeForce RTX 3090,torch_threads=10;polars_threads=20;cuda=True,2026-07-14T18:24:50+00:00
20_pointwise_2d_ppii,0.5,100000,db_join,gpu,5,2,started,,10000000000,,,,b6c0879,2.9.1+cu128,1.35.2,NVIDIA GeForce RTX 3090,torch_threads=10;polars_threads=20;cuda=True,2026-07-14T18:24:50+00:00
20_pointwise_2d_ppii,0.5,100000,db_join,gpu,5,2,ok,15389,10000000000,16797.707,19253.033;100.763;14075.561;21423.429;16797.707,,b6c0879,2.9.1+cu128,1.35.2,NVIDIA GeForce RTX 3090,torch_threads=10;polars_threads=20;cuda=True,2026-07-14T18:26:29+00:00
20_pointwise_2d_ppii,0.5,300000,dense,gpu,5,2,skipped_prior_fail,,90000000000,,,,b6c0879,2.9.1+cu128,1.35.2,NVIDIA GeForce RTX 3090,torch_threads=10;polars_threads=20;cuda=True,2026-07-14T18:26:29+00:00
20_pointwise_2d_ppii,0.5,300000,binary_search,gpu,5,2,started,,90000000000,,,,b6c0879,2.9.1+cu128,1.35.2,NVIDIA GeForce RTX 3090,torch_threads=10;polars_threads=20;cuda=True,2026-07-14T18:26:29+00:00
20_pointwise_2d_ppii,0.5,300000,binary_search,gpu,5,2,ok,45957,90000000000,26.665,24.317;26.665;26.675;479.123;24.693,,b6c0879,2.9.1+cu128,1.35.2,NVIDIA GeForce RTX 3090,torch_threads=10;polars_threads=20;cuda=True,2026-07-14T18:26:31+00:00
20_pointwise_2d_ppii,0.5,300000,db_join,gpu,5,2,started,,90000000000,,,,b6c0879,2.9.1+cu128,1.35.2,NVIDIA GeForce RTX 3090,torch_threads=10;polars_threads=20;cuda=True,2026-07-14T18:26:31+00:00
20_pointwise_2d_ppii,0.5,300000,db_join,gpu,5,2,killed,,90000000000,,,left in 'started' state by a previous run,b6c0879,2.9.1+cu128,1.35.2,NVIDIA GeForce RTX 3090,torch_threads=10;polars_threads=20;cuda=True,2026-07-14T18:28:11+00:00
20_pointwise_2d_ppii,0.5,1000000,dense,gpu,5,2,skipped_guard,,1000000000000,,,predicted 1.0e+12 B > 4.0e+09 B,b6c0879,2.9.1+cu128,1.35.2,NVIDIA GeForce RTX 3090,torch_threads=10;polars_threads=20;cuda=True,2026-07-14T18:28:11+00:00
20_pointwise_2d_ppii,0.5,1000000,binary_search,gpu,5,2,started,,1000000000000,,,,b6c0879,2.9.1+cu128,1.35.2,NVIDIA GeForce RTX 3090,torch_threads=10;polars_threads=20;cuda=True,2026-07-14T18:28:11+00:00
20_pointwise_2d_ppii,0.5,1000000,binary_search,gpu,5,2,ok,153645,1000000000000,412.630,409.034;413.935;413.842;412.630;411.794,,b6c0879,2.9.1+cu128,1.35.2,NVIDIA GeForce RTX 3090,torch_threads=10;polars_threads=20;cuda=True,2026-07-14T18:28:17+00:00
20_pointwise_2d_ppii,0.5,1000000,db_join,gpu,5,2,skipped_prior_fail,,1000000000000,,,,b6c0879,2.9.1+cu128,1.35.2,NVIDIA GeForce RTX 3090,torch_threads=10;polars_threads=20;cuda=True,2026-07-14T18:28:17+00:00
05_pointwise_2d_ii,0.5,1000000,db_join,gpu,5,2,started,,1000000000000,,,,b6c0879,2.9.1+cu128,1.35.2,NVIDIA GeForce RTX 3090,torch_threads=10;polars_threads=20;cuda=True,2026-07-14T18:31:35+00:00
05_pointwise_2d_ii,0.5,1000000,db_join,gpu,5,2,killed,,1000000000000,,,left in 'started' state by a previous run,b6c0879,2.9.1+cu128,1.35.2,NVIDIA GeForce RTX 3090,torch_threads=10;polars_threads=20;cuda=True,2026-07-14T18:32:26+00:00
20_pointwise_2d_ppii,0.5,1000000,db_join,gpu,5,2,started,,1000000000000,,,,b6c0879,2.9.1+cu128,1.35.2,NVIDIA GeForce RTX 3090,torch_threads=10;polars_threads=20;cuda=True,2026-07-14T18:32:26+00:00
20_pointwise_2d_ppii,0.5,1000000,dense,gpu,5,2,skipped_guard,,1000000000000,,,predicted 1.0e+12 B > 4.0e+09 B,b6c0879,2.9.1+cu128,1.35.2,NVIDIA GeForce RTX 3090,torch_threads=10;polars_threads=20;cuda=True,2026-07-14T18:34:14+00:00
20_pointwise_2d_ppii,0.5,1000000,binary_search,gpu,5,2,started,,1000000000000,,,,b6c0879,2.9.1+cu128,1.35.2,NVIDIA GeForce RTX 3090,torch_threads=10;polars_threads=20;cuda=True,2026-07-14T18:34:14+00:00
20_pointwise_2d_ppii,0.5,1000000,binary_search,gpu,5,2,ok,153645,1000000000000,403.749,399.550;401.331;403.749;411.965;411.197,,b6c0879,2.9.1+cu128,1.35.2,NVIDIA GeForce RTX 3090,torch_threads=10;polars_threads=20;cuda=True,2026-07-14T18:34:19+00:00
20_pointwise_2d_ppii,0.5,1000000,db_join,gpu,5,2,started,,1000000000000,,,,b6c0879,2.9.1+cu128,1.35.2,NVIDIA GeForce RTX 3090,torch_threads=10;polars_threads=20;cuda=True,2026-07-14T18:34:19+00:00
20_pointwise_2d_ppii,0.5,1000000,db_join,gpu,5,2,killed,,1000000000000,,,left in 'started' state by a previous run,b6c0879,2.9.1+cu128,1.35.2,NVIDIA GeForce RTX 3090,torch_threads=10;polars_threads=20;cuda=True,2026-07-14T18:35:10+00:00
05_pointwise_2d_ii,0.5,3000,dense,gpu,5,2,started,,9000000,,,,b6c0879,2.9.1+cu128,1.35.2,NVIDIA GeForce RTX 3090,torch_threads=10;polars_threads=20;cuda=True,2026-07-14T18:38:46+00:00
05_pointwise_2d_ii,0.5,3000,dense,gpu,5,2,ok,813,9000000,0.733,0.730;0.737;0.733;0.736;0.718,,b6c0879,2.9.1+cu128,1.35.2,NVIDIA GeForce RTX 3090,torch_threads=10;polars_threads=20;cuda=True,2026-07-14T18:38:49+00:00
05_pointwise_2d_ii,0.5,3000,binary_search,gpu,5,2,started,,9000000,,,,b6c0879,2.9.1+cu128,1.35.2,NVIDIA GeForce RTX 3090,torch_threads=10;polars_threads=20;cuda=True,2026-07-14T18:38:49+00:00
05_pointwise_2d_ii,0.5,3000,binary_search,gpu,5,2,ok,813,9000000,0.771,0.771;0.770;0.771;0.772;0.770,,b6c0879,2.9.1+cu128,1.35.2,NVIDIA GeForce RTX 3090,torch_threads=10;polars_threads=20;cuda=True,2026-07-14T18:38:49+00:00
05_pointwise_2d_ii,0.5,3000,db_join,gpu,5,2,started,,9000000,,,,b6c0879,2.9.1+cu128,1.35.2,NVIDIA GeForce RTX 3090,torch_threads=10;polars_threads=20;cuda=True,2026-07-14T18:38:49+00:00
05_pointwise_2d_ii,0.5,3000,db_join,gpu,5,2,ok,813,9000000,12.955,2.073;2.057;12.955;15.122;13.510,,b6c0879,2.9.1+cu128,1.35.2,NVIDIA GeForce RTX 3090,torch_threads=10;polars_threads=20;cuda=True,2026-07-14T18:38:49+00:00
05_pointwise_2d_ii,0.5,10000,dense,gpu,5,2,started,,100000000,,,,b6c0879,2.9.1+cu128,1.35.2,NVIDIA GeForce RTX 3090,torch_threads=10;polars_threads=20;cuda=True,2026-07-14T18:38:49+00:00
05_pointwise_2d_ii,0.5,10000,dense,gpu,5,2,ok,2722,100000000,2.886,2.885;2.890;2.886;2.886;2.885,,b6c0879,2.9.1+cu128,1.35.2,NVIDIA GeForce RTX 3090,torch_threads=10;polars_threads=20;cuda=True,2026-07-14T18:38:49+00:00
05_pointwise_2d_ii,0.5,10000,binary_search,gpu,5,2,started,,100000000,,,,b6c0879,2.9.1+cu128,1.35.2,NVIDIA GeForce RTX 3090,torch_threads=10;polars_threads=20;cuda=True,2026-07-14T18:38:49+00:00
05_pointwise_2d_ii,0.5,10000,binary_search,gpu,5,2,ok,2722,100000000,1.100,1.100;1.103;1.101;1.098;1.098,,b6c0879,2.9.1+cu128,1.35.2,NVIDIA GeForce RTX 3090,torch_threads=10;polars_threads=20;cuda=True,2026-07-14T18:38:49+00:00
05_pointwise_2d_ii,0.5,10000,db_join,gpu,5,2,started,,100000000,,,,b6c0879,2.9.1+cu128,1.35.2,NVIDIA GeForce RTX 3090,torch_threads=10;polars_threads=20;cuda=True,2026-07-14T18:38:49+00:00
05_pointwise_2d_ii,0.5,10000,db_join,gpu,5,2,ok,2722,100000000,171.829,171.829;152.036;181.712;161.955;173.434,,b6c0879,2.9.1+cu128,1.35.2,NVIDIA GeForce RTX 3090,torch_threads=10;polars_threads=20;cuda=True,2026-07-14T18:38:50+00:00
05_pointwise_2d_ii,0.5,30000,dense,gpu,5,2,started,,900000000,,,,b6c0879,2.9.1+cu128,1.35.2,NVIDIA GeForce RTX 3090,torch_threads=10;polars_threads=20;cuda=True,2026-07-14T18:38:50+00:00
05_pointwise_2d_ii,0.5,30000,dense,gpu,5,2,ok,8119,900000000,18.195,19.296;18.451;18.189;18.195;17.781,,b6c0879,2.9.1+cu128,1.35.2,NVIDIA GeForce RTX 3090,torch_threads=10;polars_threads=20;cuda=True,2026-07-14T18:38:50+00:00
05_pointwise_2d_ii,0.5,30000,binary_search,gpu,5,2,started,,900000000,,,,b6c0879,2.9.1+cu128,1.35.2,NVIDIA GeForce RTX 3090,torch_threads=10;polars_threads=20;cuda=True,2026-07-14T18:38:50+00:00
05_pointwise_2d_ii,0.5,30000,binary_search,gpu,5,2,ok,8119,900000000,2.994,5.839;5.726;2.994;2.961;2.934,,b6c0879,2.9.1+cu128,1.35.2,NVIDIA GeForce RTX 3090,torch_threads=10;polars_threads=20;cuda=True,2026-07-14T18:38:51+00:00
05_pointwise_2d_ii,0.5,30000,db_join,gpu,5,2,started,,900000000,,,,b6c0879,2.9.1+cu128,1.35.2,NVIDIA GeForce RTX 3090,torch_threads=10;polars_threads=20;cuda=True,2026-07-14T18:38:51+00:00
05_pointwise_2d_ii,0.5,30000,db_join,gpu,5,2,ok,8119,900000000,1538.403,1538.403;21.924;1527.869;1542.849;1549.696,,b6c0879,2.9.1+cu128,1.35.2,NVIDIA GeForce RTX 3090,torch_threads=10;polars_threads=20;cuda=True,2026-07-14T18:38:58+00:00
20_pointwise_2d_ppii,0.5,3000,dense,gpu,5,2,started,,9000000,,,,b6c0879,2.9.1+cu128,1.35.2,NVIDIA GeForce RTX 3090,torch_threads=10;polars_threads=20;cuda=True,2026-07-14T18:38:58+00:00
20_pointwise_2d_ppii,0.5,3000,dense,gpu,5,2,ok,475,9000000,0.721,0.721;0.723;0.723;0.719;0.721,,b6c0879,2.9.1+cu128,1.35.2,NVIDIA GeForce RTX 3090,torch_threads=10;polars_threads=20;cuda=True,2026-07-14T18:38:58+00:00
20_pointwise_2d_ppii,0.5,3000,binary_search,gpu,5,2,started,,9000000,,,,b6c0879,2.9.1+cu128,1.35.2,NVIDIA GeForce RTX 3090,torch_threads=10;polars_threads=20;cuda=True,2026-07-14T18:38:58+00:00
20_pointwise_2d_ppii,0.5,3000,binary_search,gpu,5,2,ok,475,9000000,0.529,0.532;0.533;0.524;0.529;0.525,,b6c0879,2.9.1+cu128,1.35.2,NVIDIA GeForce RTX 3090,torch_threads=10;polars_threads=20;cuda=True,2026-07-14T18:38:58+00:00
20_pointwise_2d_ppii,0.5,3000,db_join,gpu,5,2,started,,9000000,,,,b6c0879,2.9.1+cu128,1.35.2,NVIDIA GeForce RTX 3090,torch_threads=10;polars_threads=20;cuda=True,2026-07-14T18:38:58+00:00
20_pointwise_2d_ppii,0.5,3000,db_join,gpu,5,2,ok,475,9000000,13.362,13.186;13.362;13.363;12.672;13.425,,b6c0879,2.9.1+cu128,1.35.2,NVIDIA GeForce RTX 3090,torch_threads=10;polars_threads=20;cuda=True,2026-07-14T18:38:58+00:00
20_pointwise_2d_ppii,0.5,10000,dense,gpu,5,2,started,,100000000,,,,b6c0879,2.9.1+cu128,1.35.2,NVIDIA GeForce RTX 3090,torch_threads=10;polars_threads=20;cuda=True,2026-07-14T18:38:58+00:00
20_pointwise_2d_ppii,0.5,10000,dense,gpu,5,2,ok,1531,100000000,2.886,2.885;2.888;2.886;2.884;2.888,,b6c0879,2.9.1+cu128,1.35.2,NVIDIA GeForce RTX 3090,torch_threads=10;polars_threads=20;cuda=True,2026-07-14T18:38:59+00:00
20_pointwise_2d_ppii,0.5,10000,binary_search,gpu,5,2,started,,100000000,,,,b6c0879,2.9.1+cu128,1.35.2,NVIDIA GeForce RTX 3090,torch_threads=10;polars_threads=20;cuda=True,2026-07-14T18:38:59+00:00
20_pointwise_2d_ppii,0.5,10000,binary_search,gpu,5,2,ok,1531,100000000,0.813,0.801;0.820;0.813;0.810;0.813,,b6c0879,2.9.1+cu128,1.35.2,NVIDIA GeForce RTX 3090,torch_threads=10;polars_threads=20;cuda=True,2026-07-14T18:38:59+00:00
20_pointwise_2d_ppii,0.5,10000,db_join,gpu,5,2,started,,100000000,,,,b6c0879,2.9.1+cu128,1.35.2,NVIDIA GeForce RTX 3090,torch_threads=10;polars_threads=20;cuda=True,2026-07-14T18:38:59+00:00
20_pointwise_2d_ppii,0.5,10000,db_join,gpu,5,2,ok,1531,100000000,151.471,3.675;151.471;152.291;152.698;3.819,,b6c0879,2.9.1+cu128,1.35.2,NVIDIA GeForce RTX 3090,torch_threads=10;polars_threads=20;cuda=True,2026-07-14T18:38:59+00:00
20_pointwise_2d_ppii,0.5,30000,dense,gpu,5,2,started,,900000000,,,,b6c0879,2.9.1+cu128,1.35.2,NVIDIA GeForce RTX 3090,torch_threads=10;polars_threads=20;cuda=True,2026-07-14T18:38:59+00:00
20_pointwise_2d_ppii,0.5,30000,dense,gpu,5,2,ok,4565,900000000,17.152,17.157;17.152;17.157;16.575;15.480,,b6c0879,2.9.1+cu128,1.35.2,NVIDIA GeForce RTX 3090,torch_threads=10;polars_threads=20;cuda=True,2026-07-14T18:38:59+00:00
20_pointwise_2d_ppii,0.5,30000,binary_search,gpu,5,2,started,,900000000,,,,b6c0879,2.9.1+cu128,1.35.2,NVIDIA GeForce RTX 3090,torch_threads=10;polars_threads=20;cuda=True,2026-07-14T18:38:59+00:00
20_pointwise_2d_ppii,0.5,30000,binary_search,gpu,5,2,ok,4565,900000000,3.625,3.628;3.625;3.632;3.520;3.624,,b6c0879,2.9.1+cu128,1.35.2,NVIDIA GeForce RTX 3090,torch_threads=10;polars_threads=20;cuda=True,2026-07-14T18:38:59+00:00
20_pointwise_2d_ppii,0.5,30000,db_join,gpu,5,2,started,,900000000,,,,b6c0879,2.9.1+cu128,1.35.2,NVIDIA GeForce RTX 3090,torch_threads=10;polars_threads=20;cuda=True,2026-07-14T18:38:59+00:00
20_pointwise_2d_ppii,0.5,30000,db_join,gpu,5,2,ok,4565,900000000,1358.995,1387.316;1358.995;1410.204;1249.356;15.092,,b6c0879,2.9.1+cu128,1.35.2,NVIDIA GeForce RTX 3090,torch_threads=10;polars_threads=20;cuda=True,2026-07-14T18:39:06+00:00
02_pointwise_1d_ii,0.0,100,db_join,gpu,5,2,started,,10000,,,,b6c0879,2.9.1+cu128,1.35.2,NVIDIA GeForce RTX 3090,torch_threads=10;polars_threads=20;cuda=True,2026-07-14T18:52:25+00:00
02_pointwise_1d_ii,0.0,100,db_join,gpu,5,2,ok,29,10000,2.251,2.468;2.314;2.238;2.240;2.251,engine=gpu,b6c0879,2.9.1+cu128,1.35.2,NVIDIA GeForce RTX 3090,torch_threads=10;polars_threads=20;cuda=True,2026-07-14T18:52:25+00:00
02_pointwise_1d_ii,0.0,300,db_join,gpu,5,2,started,,90000,,,,b6c0879,2.9.1+cu128,1.35.2,NVIDIA GeForce RTX 3090,torch_threads=10;polars_threads=20;cuda=True,2026-07-14T18:52:25+00:00
02_pointwise_1d_ii,0.0,300,db_join,gpu,5,2,ok,97,90000,3.003,3.006;3.003;2.967;3.013;2.968,engine=gpu,b6c0879,2.9.1+cu128,1.35.2,NVIDIA GeForce RTX 3090,torch_threads=10;polars_threads=20;cuda=True,2026-07-14T18:52:25+00:00
02_pointwise_1d_ii,0.0,1000,db_join,gpu,5,2,started,,1000000,,,,b6c0879,2.9.1+cu128,1.35.2,NVIDIA GeForce RTX 3090,torch_threads=10;polars_threads=20;cuda=True,2026-07-14T18:52:25+00:00
02_pointwise_1d_ii,0.0,1000,db_join,gpu,5,2,ok,323,1000000,5.529,5.529;5.491;5.481;5.615;5.666,engine=gpu,b6c0879,2.9.1+cu128,1.35.2,NVIDIA GeForce RTX 3090,torch_threads=10;polars_threads=20;cuda=True,2026-07-14T18:52:25+00:00
02_pointwise_1d_ii,0.0,3000,db_join,gpu,5,2,started,,9000000,,,,b6c0879,2.9.1+cu128,1.35.2,NVIDIA GeForce RTX 3090,torch_threads=10;polars_threads=20;cuda=True,2026-07-14T18:52:25+00:00
02_pointwise_1d_ii,0.0,3000,db_join,gpu,5,2,ok,1014,9000000,12.945,12.960;13.027;12.945;12.931;12.928,engine=gpu,b6c0879,2.9.1+cu128,1.35.2,NVIDIA GeForce RTX 3090,torch_threads=10;polars_threads=20;cuda=True,2026-07-14T18:52:25+00:00
02_pointwise_1d_ii,0.0,10000,db_join,gpu,5,2,started,,100000000,,,,b6c0879,2.9.1+cu128,1.35.2,NVIDIA GeForce RTX 3090,torch_threads=10;polars_threads=20;cuda=True,2026-07-14T18:52:25+00:00
02_pointwise_1d_ii,0.0,10000,db_join,gpu,5,2,ok,3298,100000000,33.352,33.458;33.417;33.334;33.269;33.352,engine=gpu,b6c0879,2.9.1+cu128,1.35.2,NVIDIA GeForce RTX 3090,torch_threads=10;polars_threads=20;cuda=True,2026-07-14T18:52:25+00:00
02_pointwise_1d_ii,0.0,30000,db_join,gpu,5,2,started,,900000000,,,,b6c0879,2.9.1+cu128,1.35.2,NVIDIA GeForce RTX 3090,torch_threads=10;polars_threads=20;cuda=True,2026-07-14T18:52:25+00:00
02_pointwise_1d_ii,0.0,30000,db_join,gpu,5,2,ok,9891,900000000,101.770,101.689;101.921;101.770;102.030;101.618,engine=gpu,b6c0879,2.9.1+cu128,1.35.2,NVIDIA GeForce RTX 3090,torch_threads=10;polars_threads=20;cuda=True,2026-07-14T18:52:26+00:00
02_pointwise_1d_ii,0.0,100000,db_join,gpu,5,2,started,,10000000000,,,,b6c0879,2.9.1+cu128,1.35.2,NVIDIA GeForce RTX 3090,torch_threads=10;polars_threads=20;cuda=True,2026-07-14T18:52:26+00:00
02_pointwise_1d_ii,0.0,100000,db_join,gpu,5,2,ok,33204,10000000000,761.734,762.257;760.596;761.734;760.271;761.906,engine=gpu,b6c0879,2.9.1+cu128,1.35.2,NVIDIA GeForce RTX 3090,torch_threads=10;polars_threads=20;cuda=True,2026-07-14T18:52:31+00:00
02_pointwise_1d_ii,0.5,100,db_join,gpu,5,2,started,,10000,,,,b6c0879,2.9.1+cu128,1.35.2,NVIDIA GeForce RTX 3090,torch_threads=10;polars_threads=20;cuda=True,2026-07-14T18:52:31+00:00
02_pointwise_1d_ii,0.5,100,db_join,gpu,5,2,ok,50,10000,2.147,2.154;2.208;2.142;2.132;2.147,engine=gpu,b6c0879,2.9.1+cu128,1.35.2,NVIDIA GeForce RTX 3090,torch_threads=10;polars_threads=20;cuda=True,2026-07-14T18:52:31+00:00
02_pointwise_1d_ii,0.5,300,db_join,gpu,5,2,started,,90000,,,,b6c0879,2.9.1+cu128,1.35.2,NVIDIA GeForce RTX 3090,torch_threads=10;polars_threads=20;cuda=True,2026-07-14T18:52:31+00:00
02_pointwise_1d_ii,0.5,300,db_join,gpu,5,2,ok,132,90000,2.674,2.767;2.676;2.674;2.660;2.664,engine=gpu,b6c0879,2.9.1+cu128,1.35.2,NVIDIA GeForce RTX 3090,torch_threads=10;polars_threads=20;cuda=True,2026-07-14T18:52:31+00:00
02_pointwise_1d_ii,0.5,1000,db_join,gpu,5,2,started,,1000000,,,,b6c0879,2.9.1+cu128,1.35.2,NVIDIA GeForce RTX 3090,torch_threads=10;polars_threads=20;cuda=True,2026-07-14T18:52:31+00:00
02_pointwise_1d_ii,0.5,1000,db_join,gpu,5,2,ok,450,1000000,4.883,4.884;4.864;4.883;4.876;4.983,engine=gpu,b6c0879,2.9.1+cu128,1.35.2,NVIDIA GeForce RTX 3090,torch_threads=10;polars_threads=20;cuda=True,2026-07-14T18:52:31+00:00
02_pointwise_1d_ii,0.5,3000,db_join,gpu,5,2,started,,9000000,,,,b6c0879,2.9.1+cu128,1.35.2,NVIDIA GeForce RTX 3090,torch_threads=10;polars_threads=20;cuda=True,2026-07-14T18:52:31+00:00
02_pointwise_1d_ii,0.5,3000,db_join,gpu,5,2,ok,1354,9000000,11.515,11.430;11.395;11.515;11.656;11.586,engine=gpu,b6c0879,2.9.1+cu128,1.35.2,NVIDIA GeForce RTX 3090,torch_threads=10;polars_threads=20;cuda=True,2026-07-14T18:52:31+00:00
02_pointwise_1d_ii,0.5,10000,db_join,gpu,5,2,started,,100000000,,,,b6c0879,2.9.1+cu128,1.35.2,NVIDIA GeForce RTX 3090,torch_threads=10;polars_threads=20;cuda=True,2026-07-14T18:52:31+00:00
02_pointwise_1d_ii,0.5,10000,db_join,gpu,5,2,ok,4566,100000000,33.873,33.624;33.813;34.072;34.035;33.873,engine=gpu,b6c0879,2.9.1+cu128,1.35.2,NVIDIA GeForce RTX 3090,torch_threads=10;polars_threads=20;cuda=True,2026-07-14T18:52:32+00:00
02_pointwise_1d_ii,0.5,30000,db_join,gpu,5,2,started,,900000000,,,,b6c0879,2.9.1+cu128,1.35.2,NVIDIA GeForce RTX 3090,torch_threads=10;polars_threads=20;cuda=True,2026-07-14T18:52:32+00:00
02_pointwise_1d_ii,0.5,30000,db_join,gpu,5,2,ok,13654,900000000,102.428,102.526;102.407;102.304;102.454;102.428,engine=gpu,b6c0879,2.9.1+cu128,1.35.2,NVIDIA GeForce RTX 3090,torch_threads=10;polars_threads=20;cuda=True,2026-07-14T18:52:32+00:00
02_pointwise_1d_ii,0.5,100000,db_join,gpu,5,2,started,,10000000000,,,,b6c0879,2.9.1+cu128,1.35.2,NVIDIA GeForce RTX 3090,torch_threads=10;polars_threads=20;cuda=True,2026-07-14T18:52:32+00:00
02_pointwise_1d_ii,0.5,100000,db_join,gpu,5,2,ok,46002,10000000000,756.990,760.203;755.280;757.294;756.990;755.801,engine=gpu,b6c0879,2.9.1+cu128,1.35.2,NVIDIA GeForce RTX 3090,torch_threads=10;polars_threads=20;cuda=True,2026-07-14T18:52:38+00:00
02_pointwise_1d_ii,1.0,100,db_join,gpu,5,2,started,,10000,,,,b6c0879,2.9.1+cu128,1.35.2,NVIDIA GeForce RTX 3090,torch_threads=10;polars_threads=20;cuda=True,2026-07-14T18:52:38+00:00
02_pointwise_1d_ii,1.0,100,db_join,gpu,5,2,ok,54,10000,2.256,2.256;2.284;2.557;2.140;2.120,engine=gpu,b6c0879,2.9.1+cu128,1.35.2,NVIDIA GeForce RTX 3090,torch_threads=10;polars_threads=20;cuda=True,2026-07-14T18:52:38+00:00
02_pointwise_1d_ii,1.0,300,db_join,gpu,5,2,started,,90000,,,,b6c0879,2.9.1+cu128,1.35.2,NVIDIA GeForce RTX 3090,torch_threads=10;polars_threads=20;cuda=True,2026-07-14T18:52:38+00:00
02_pointwise_1d_ii,1.0,300,db_join,gpu,5,2,ok,162,90000,2.747,2.747;2.882;3.023;2.653;2.638,engine=gpu,b6c0879,2.9.1+cu128,1.35.2,NVIDIA GeForce RTX 3090,torch_threads=10;polars_threads=20;cuda=True,2026-07-14T18:52:38+00:00
02_pointwise_1d_ii,1.0,1000,db_join,gpu,5,2,started,,1000000,,,,b6c0879,2.9.1+cu128,1.35.2,NVIDIA GeForce RTX 3090,torch_threads=10;polars_threads=20;cuda=True,2026-07-14T18:52:38+00:00
02_pointwise_1d_ii,1.0,1000,db_join,gpu,5,2,ok,539,1000000,4.869,4.838;4.829;4.869;4.985;5.042,engine=gpu,b6c0879,2.9.1+cu128,1.35.2,NVIDIA GeForce RTX 3090,torch_threads=10;polars_threads=20;cuda=True,2026-07-14T18:52:38+00:00
02_pointwise_1d_ii,1.0,3000,db_join,gpu,5,2,started,,9000000,,,,b6c0879,2.9.1+cu128,1.35.2,NVIDIA GeForce RTX 3090,torch_threads=10;polars_threads=20;cuda=True,2026-07-14T18:52:38+00:00
02_pointwise_1d_ii,1.0,3000,db_join,gpu,5,2,ok,1665,9000000,11.527,11.513;11.417;11.531;11.536;11.527,engine=gpu,b6c0879,2.9.1+cu128,1.35.2,NVIDIA GeForce RTX 3090,torch_threads=10;polars_threads=20;cuda=True,2026-07-14T18:52:38+00:00
02_pointwise_1d_ii,1.0,10000,db_join,gpu,5,2,started,,100000000,,,,b6c0879,2.9.1+cu128,1.35.2,NVIDIA GeForce RTX 3090,torch_threads=10;polars_threads=20;cuda=True,2026-07-14T18:52:38+00:00
02_pointwise_1d_ii,1.0,10000,db_join,gpu,5,2,ok,5484,100000000,33.697,33.506;33.697;33.917;33.567;33.715,engine=gpu,b6c0879,2.9.1+cu128,1.35.2,NVIDIA GeForce RTX 3090,torch_threads=10;polars_threads=20;cuda=True,2026-07-14T18:52:38+00:00
02_pointwise_1d_ii,1.0,30000,db_join,gpu,5,2,started,,900000000,,,,b6c0879,2.9.1+cu128,1.35.2,NVIDIA GeForce RTX 3090,torch_threads=10;polars_threads=20;cuda=True,2026-07-14T18:52:38+00:00
02_pointwise_1d_ii,1.0,30000,db_join,gpu,5,2,ok,16407,900000000,101.620,101.447;101.620;101.620;101.092;101.730,engine=gpu,b6c0879,2.9.1+cu128,1.35.2,NVIDIA GeForce RTX 3090,torch_threads=10;polars_threads=20;cuda=True,2026-07-14T18:52:39+00:00
02_pointwise_1d_ii,1.0,100000,db_join,gpu,5,2,started,,10000000000,,,,b6c0879,2.9.1+cu128,1.35.2,NVIDIA GeForce RTX 3090,torch_threads=10;polars_threads=20;cuda=True,2026-07-14T18:52:39+00:00
02_pointwise_1d_ii,1.0,100000,db_join,gpu,5,2,ok,54938,10000000000,756.350,756.374;755.663;756.446;756.350;756.127,engine=gpu,b6c0879,2.9.1+cu128,1.35.2,NVIDIA GeForce RTX 3090,torch_threads=10;polars_threads=20;cuda=True,2026-07-14T18:52:44+00:00
03_pointwise_1d_pi,0.0,100,db_join,gpu,5,2,started,,10000,,,,b6c0879,2.9.1+cu128,1.35.2,NVIDIA GeForce RTX 3090,torch_threads=10;polars_threads=20;cuda=True,2026-07-14T18:52:44+00:00
03_pointwise_1d_pi,0.0,100,db_join,gpu,5,2,ok,26,10000,2.113,2.150;2.127;2.064;2.113;2.045,engine=gpu,b6c0879,2.9.1+cu128,1.35.2,NVIDIA GeForce RTX 3090,torch_threads=10;polars_threads=20;cuda=True,2026-07-14T18:52:44+00:00
03_pointwise_1d_pi,0.0,300,db_join,gpu,5,2,started,,90000,,,,b6c0879,2.9.1+cu128,1.35.2,NVIDIA GeForce RTX 3090,torch_threads=10;polars_threads=20;cuda=True,2026-07-14T18:52:44+00:00
03_pointwise_1d_pi,0.0,300,db_join,gpu,5,2,ok,69,90000,2.745,2.692;2.760;2.745;2.709;2.785,engine=gpu,b6c0879,2.9.1+cu128,1.35.2,NVIDIA GeForce RTX 3090,torch_threads=10;polars_threads=20;cuda=True,2026-07-14T18:52:44+00:00
03_pointwise_1d_pi,0.0,1000,db_join,gpu,5,2,started,,1000000,,,,b6c0879,2.9.1+cu128,1.35.2,NVIDIA GeForce RTX 3090,torch_threads=10;polars_threads=20;cuda=True,2026-07-14T18:52:44+00:00
03_pointwise_1d_pi,0.0,1000,db_join,gpu,5,2,ok,244,1000000,4.855,4.846;4.843;4.855;4.864;4.855,engine=gpu,b6c0879,2.9.1+cu128,1.35.2,NVIDIA GeForce RTX 3090,torch_threads=10;polars_threads=20;cuda=True,2026-07-14T18:52:44+00:00
03_pointwise_1d_pi,0.0,3000,db_join,gpu,5,2,started,,9000000,,,,b6c0879,2.9.1+cu128,1.35.2,NVIDIA GeForce RTX 3090,torch_threads=10;polars_threads=20;cuda=True,2026-07-14T18:52:44+00:00
03_pointwise_1d_pi,0.0,3000,db_join,gpu,5,2,ok,740,9000000,11.067,11.087;11.055;11.057;11.107;11.067,engine=gpu,b6c0879,2.9.1+cu128,1.35.2,NVIDIA GeForce RTX 3090,torch_threads=10;polars_threads=20;cuda=True,2026-07-14T18:52:44+00:00
03_pointwise_1d_pi,0.0,10000,db_join,gpu,5,2,started,,100000000,,,,b6c0879,2.9.1+cu128,1.35.2,NVIDIA GeForce RTX 3090,torch_threads=10;polars_threads=20;cuda=True,2026-07-14T18:52:44+00:00
03_pointwise_1d_pi,0.0,10000,db_join,gpu,5,2,ok,2512,100000000,33.003,32.840;33.050;33.003;33.035;32.973,engine=gpu,b6c0879,2.9.1+cu128,1.35.2,NVIDIA GeForce RTX 3090,torch_threads=10;polars_threads=20;cuda=True,2026-07-14T18:52:44+00:00
03_pointwise_1d_pi,0.0,30000,db_join,gpu,5,2,started,,900000000,,,,b6c0879,2.9.1+cu128,1.35.2,NVIDIA GeForce RTX 3090,torch_threads=10;polars_threads=20;cuda=True,2026-07-14T18:52:44+00:00
03_pointwise_1d_pi,0.0,30000,db_join,gpu,5,2,ok,7429,900000000,100.457,100.421;100.464;100.457;100.484;100.375,engine=gpu,b6c0879,2.9.1+cu128,1.35.2,NVIDIA GeForce RTX 3090,torch_threads=10;polars_threads=20;cuda=True,2026-07-14T18:52:45+00:00
03_pointwise_1d_pi,0.0,100000,db_join,gpu,5,2,started,,10000000000,,,,b6c0879,2.9.1+cu128,1.35.2,NVIDIA GeForce RTX 3090,torch_threads=10;polars_threads=20;cuda=True,2026-07-14T18:52:45+00:00
03_pointwise_1d_pi,0.0,100000,db_join,gpu,5,2,ok,25126,10000000000,747.978,747.978;747.757;746.155;748.624;748.705,engine=gpu,b6c0879,2.9.1+cu128,1.35.2,NVIDIA GeForce RTX 3090,torch_threads=10;polars_threads=20;cuda=True,2026-07-14T18:52:50+00:00
03_pointwise_1d_pi,0.5,100,db_join,gpu,5,2,started,,10000,,,,b6c0879,2.9.1+cu128,1.35.2,NVIDIA GeForce RTX 3090,torch_threads=10;polars_threads=20;cuda=True,2026-07-14T18:52:50+00:00
03_pointwise_1d_pi,0.5,100,db_join,gpu,5,2,ok,39,10000,2.246,2.198;2.139;2.246;2.284;2.380,engine=gpu,b6c0879,2.9.1+cu128,1.35.2,NVIDIA GeForce RTX 3090,torch_threads=10;polars_threads=20;cuda=True,2026-07-14T18:52:50+00:00
03_pointwise_1d_pi,0.5,300,db_join,gpu,5,2,started,,90000,,,,b6c0879,2.9.1+cu128,1.35.2,NVIDIA GeForce RTX 3090,torch_threads=10;polars_threads=20;cuda=True,2026-07-14T18:52:50+00:00
03_pointwise_1d_pi,0.5,300,db_join,gpu,5,2,ok,96,90000,2.719,2.729;2.719;2.746;2.714;2.704,engine=gpu,b6c0879,2.9.1+cu128,1.35.2,NVIDIA GeForce RTX 3090,torch_threads=10;polars_threads=20;cuda=True,2026-07-14T18:52:50+00:00
03_pointwise_1d_pi,0.5,1000,db_join,gpu,5,2,started,,1000000,,,,b6c0879,2.9.1+cu128,1.35.2,NVIDIA GeForce RTX 3090,torch_threads=10;polars_threads=20;cuda=True,2026-07-14T18:52:50+00:00
03_pointwise_1d_pi,0.5,1000,db_join,gpu,5,2,ok,342,1000000,4.950,4.956;4.965;4.945;4.950;4.906,engine=gpu,b6c0879,2.9.1+cu128,1.35.2,NVIDIA GeForce RTX 3090,torch_threads=10;polars_threads=20;cuda=True,2026-07-14T18:52:50+00:00
03_pointwise_1d_pi,0.5,3000,db_join,gpu,5,2,started,,9000000,,,,b6c0879,2.9.1+cu128,1.35.2,NVIDIA GeForce RTX 3090,torch_threads=10;polars_threads=20;cuda=True,2026-07-14T18:52:50+00:00
03_pointwise_1d_pi,0.5,3000,db_join,gpu,5,2,ok,1045,9000000,11.233,11.084;11.238;11.233;11.236;11.198,engine=gpu,b6c0879,2.9.1+cu128,1.35.2,NVIDIA GeForce RTX 3090,torch_threads=10;polars_threads=20;cuda=True,2026-07-14T18:52:51+00:00
03_pointwise_1d_pi,0.5,10000,db_join,gpu,5,2,started,,100000000,,,,b6c0879,2.9.1+cu128,1.35.2,NVIDIA GeForce RTX 3090,torch_threads=10;polars_threads=20;cuda=True,2026-07-14T18:52:51+00:00
03_pointwise_1d_pi,0.5,10000,db_join,gpu,5,2,ok,3497,100000000,32.993,33.101;33.030;32.993;32.952;32.992,engine=gpu,b6c0879,2.9.1+cu128,1.35.2,NVIDIA GeForce RTX 3090,torch_threads=10;polars_threads=20;cuda=True,2026-07-14T18:52:51+00:00
03_pointwise_1d_pi,0.5,30000,db_join,gpu,5,2,started,,900000000,,,,b6c0879,2.9.1+cu128,1.35.2,NVIDIA GeForce RTX 3090,torch_threads=10;polars_threads=20;cuda=True,2026-07-14T18:52:51+00:00
03_pointwise_1d_pi,0.5,30000,db_join,gpu,5,2,ok,10375,900000000,100.582,100.582;100.806;100.527;100.479;101.042,engine=gpu,b6c0879,2.9.1+cu128,1.35.2,NVIDIA GeForce RTX 3090,torch_threads=10;polars_threads=20;cuda=True,2026-07-14T18:52:51+00:00
03_pointwise_1d_pi,0.5,100000,db_join,gpu,5,2,started,,10000000000,,,,b6c0879,2.9.1+cu128,1.35.2,NVIDIA GeForce RTX 3090,torch_threads=10;polars_threads=20;cuda=True,2026-07-14T18:52:51+00:00
03_pointwise_1d_pi,0.5,100000,db_join,gpu,5,2,ok,34695,10000000000,748.911,746.366;748.911;747.833;749.437;750.729,engine=gpu,b6c0879,2.9.1+cu128,1.35.2,NVIDIA GeForce RTX 3090,torch_threads=10;polars_threads=20;cuda=True,2026-07-14T18:52:57+00:00
03_pointwise_1d_pi,1.0,100,db_join,gpu,5,2,started,,10000,,,,b6c0879,2.9.1+cu128,1.35.2,NVIDIA GeForce RTX 3090,torch_threads=10;polars_threads=20;cuda=True,2026-07-14T18:52:57+00:00
03_pointwise_1d_pi,1.0,100,db_join,gpu,5,2,ok,47,10000,2.036,2.073;2.094;2.036;2.023;1.951,engine=gpu,b6c0879,2.9.1+cu128,1.35.2,NVIDIA GeForce RTX 3090,torch_threads=10;polars_threads=20;cuda=True,2026-07-14T18:52:57+00:00
03_pointwise_1d_pi,1.0,300,db_join,gpu,5,2,started,,90000,,,,b6c0879,2.9.1+cu128,1.35.2,NVIDIA GeForce RTX 3090,torch_threads=10;polars_threads=20;cuda=True,2026-07-14T18:52:57+00:00
03_pointwise_1d_pi,1.0,300,db_join,gpu,5,2,ok,123,90000,2.658,2.653;2.658;2.640;2.711;2.658,engine=gpu,b6c0879,2.9.1+cu128,1.35.2,NVIDIA GeForce RTX 3090,torch_threads=10;polars_threads=20;cuda=True,2026-07-14T18:52:57+00:00
03_pointwise_1d_pi,1.0,1000,db_join,gpu,5,2,started,,1000000,,,,b6c0879,2.9.1+cu128,1.35.2,NVIDIA GeForce RTX 3090,torch_threads=10;polars_threads=20;cuda=True,2026-07-14T18:52:57+00:00
03_pointwise_1d_pi,1.0,1000,db_join,gpu,5,2,ok,414,1000000,4.837,4.857;4.822;4.845;4.807;4.837,engine=gpu,b6c0879,2.9.1+cu128,1.35.2,NVIDIA GeForce RTX 3090,torch_threads=10;polars_threads=20;cuda=True,2026-07-14T18:52:57+00:00
03_pointwise_1d_pi,1.0,3000,db_join,gpu,5,2,started,,9000000,,,,b6c0879,2.9.1+cu128,1.35.2,NVIDIA GeForce RTX 3090,torch_threads=10;polars_threads=20;cuda=True,2026-07-14T18:52:57+00:00
03_pointwise_1d_pi,1.0,3000,db_join,gpu,5,2,ok,1245,9000000,11.187,11.135;11.231;11.183;11.187;11.211,engine=gpu,b6c0879,2.9.1+cu128,1.35.2,NVIDIA GeForce RTX 3090,torch_threads=10;polars_threads=20;cuda=True,2026-07-14T18:52:57+00:00
03_pointwise_1d_pi,1.0,10000,db_join,gpu,5,2,started,,100000000,,,,b6c0879,2.9.1+cu128,1.35.2,NVIDIA GeForce RTX 3090,torch_threads=10;polars_threads=20;cuda=True,2026-07-14T18:52:57+00:00
03_pointwise_1d_pi,1.0,10000,db_join,gpu,5,2,ok,4189,100000000,33.036,32.948;33.050;33.036;33.028;33.071,engine=gpu,b6c0879,2.9.1+cu128,1.35.2,NVIDIA GeForce RTX 3090,torch_threads=10;polars_threads=20;cuda=True,2026-07-14T18:52:57+00:00
03_pointwise_1d_pi,1.0,30000,db_join,gpu,5,2,started,,900000000,,,,b6c0879,2.9.1+cu128,1.35.2,NVIDIA GeForce RTX 3090,torch_threads=10;polars_threads=20;cuda=True,2026-07-14T18:52:57+00:00
03_pointwise_1d_pi,1.0,30000,db_join,gpu,5,2,ok,12400,900000000,100.694,101.100;100.694;101.054;100.442;100.642,engine=gpu,b6c0879,2.9.1+cu128,1.35.2,NVIDIA GeForce RTX 3090,torch_threads=10;polars_threads=20;cuda=True,2026-07-14T18:52:58+00:00
03_pointwise_1d_pi,1.0,100000,db_join,gpu,5,2,started,,10000000000,,,,b6c0879,2.9.1+cu128,1.35.2,NVIDIA GeForce RTX 3090,torch_threads=10;polars_threads=20;cuda=True,2026-07-14T18:52:58+00:00
03_pointwise_1d_pi,1.0,100000,db_join,gpu,5,2,ok,41564,10000000000,752.827,752.999;752.827;754.647;752.374;750.940,engine=gpu,b6c0879,2.9.1+cu128,1.35.2,NVIDIA GeForce RTX 3090,torch_threads=10;polars_threads=20;cuda=True,2026-07-14T18:53:03+00:00
04_pointwise_2d_pp,0.0,100,db_join,gpu,5,2,started,,10000,,,,b6c0879,2.9.1+cu128,1.35.2,NVIDIA GeForce RTX 3090,torch_threads=10;polars_threads=20;cuda=True,2026-07-14T18:53:03+00:00
04_pointwise_2d_pp,0.0,100,db_join,gpu,5,2,ok,45,10000,1.899,2.000;2.014;1.874;1.899;1.891,engine=gpu,b6c0879,2.9.1+cu128,1.35.2,NVIDIA GeForce RTX 3090,torch_threads=10;polars_threads=20;cuda=True,2026-07-14T18:53:03+00:00
04_pointwise_2d_pp,0.0,300,db_join,gpu,5,2,started,,90000,,,,b6c0879,2.9.1+cu128,1.35.2,NVIDIA GeForce RTX 3090,torch_threads=10;polars_threads=20;cuda=True,2026-07-14T18:53:03+00:00
04_pointwise_2d_pp,0.0,300,db_join,gpu,5,2,ok,136,90000,1.890,1.890;1.962;1.861;1.919;1.883,engine=gpu,b6c0879,2.9.1+cu128,1.35.2,NVIDIA GeForce RTX 3090,torch_threads=10;polars_threads=20;cuda=True,2026-07-14T18:53:03+00:00
04_pointwise_2d_pp,0.0,1000,db_join,gpu,5,2,started,,1000000,,,,b6c0879,2.9.1+cu128,1.35.2,NVIDIA GeForce RTX 3090,torch_threads=10;polars_threads=20;cuda=True,2026-07-14T18:53:03+00:00
04_pointwise_2d_pp,0.0,1000,db_join,gpu,5,2,ok,498,1000000,1.811,1.811;1.854;1.901;1.807;1.776,engine=gpu,b6c0879,2.9.1+cu128,1.35.2,NVIDIA GeForce RTX 3090,torch_threads=10;polars_threads=20;cuda=True,2026-07-14T18:53:03+00:00
04_pointwise_2d_pp,0.0,3000,db_join,gpu,5,2,started,,9000000,,,,b6c0879,2.9.1+cu128,1.35.2,NVIDIA GeForce RTX 3090,torch_threads=10;polars_threads=20;cuda=True,2026-07-14T18:53:03+00:00
04_pointwise_2d_pp,0.0,3000,db_join,gpu,5,2,ok,1483,9000000,1.830,1.838;1.810;1.830;1.843;1.811,engine=gpu,b6c0879,2.9.1+cu128,1.35.2,NVIDIA GeForce RTX 3090,torch_threads=10;polars_threads=20;cuda=True,2026-07-14T18:53:03+00:00
04_pointwise_2d_pp,0.0,10000,db_join,gpu,5,2,started,,100000000,,,,b6c0879,2.9.1+cu128,1.35.2,NVIDIA GeForce RTX 3090,torch_threads=10;polars_threads=20;cuda=True,2026-07-14T18:53:03+00:00
04_pointwise_2d_pp,0.0,10000,db_join,gpu,5,2,ok,4950,100000000,1.847,1.837;1.853;1.843;1.847;1.849,engine=gpu,b6c0879,2.9.1+cu128,1.35.2,NVIDIA GeForce RTX 3090,torch_threads=10;polars_threads=20;cuda=True,2026-07-14T18:53:03+00:00
04_pointwise_2d_pp,0.0,30000,db_join,gpu,5,2,started,,900000000,,,,b6c0879,2.9.1+cu128,1.35.2,NVIDIA GeForce RTX 3090,torch_threads=10;polars_threads=20;cuda=True,2026-07-14T18:53:03+00:00
04_pointwise_2d_pp,0.0,30000,db_join,gpu,5,2,ok,14921,900000000,1.931,1.943;1.931;1.991;1.903;1.902,engine=gpu,b6c0879,2.9.1+cu128,1.35.2,NVIDIA GeForce RTX 3090,torch_threads=10;polars_threads=20;cuda=True,2026-07-14T18:53:03+00:00
04_pointwise_2d_pp,0.0,100000,db_join,gpu,5,2,started,,10000000000,,,,b6c0879,2.9.1+cu128,1.35.2,NVIDIA GeForce RTX 3090,torch_threads=10;polars_threads=20;cuda=True,2026-07-14T18:53:03+00:00
04_pointwise_2d_pp,0.0,100000,db_join,gpu,5,2,ok,49836,10000000000,2.346,2.205;2.347;2.765;2.346;2.215,engine=gpu,b6c0879,2.9.1+cu128,1.35.2,NVIDIA GeForce RTX 3090,torch_threads=10;polars_threads=20;cuda=True,2026-07-14T18:53:03+00:00
04_pointwise_2d_pp,0.5,100,db_join,gpu,5,2,started,,10000,,,,b6c0879,2.9.1+cu128,1.35.2,NVIDIA GeForce RTX 3090,torch_threads=10;polars_threads=20;cuda=True,2026-07-14T18:53:03+00:00
04_pointwise_2d_pp,0.5,100,db_join,gpu,5,2,ok,55,10000,1.592,1.593;1.590;1.592;1.587;1.593,engine=gpu,b6c0879,2.9.1+cu128,1.35.2,NVIDIA GeForce RTX 3090,torch_threads=10;polars_threads=20;cuda=True,2026-07-14T18:53:03+00:00
04_pointwise_2d_pp,0.5,300,db_join,gpu,5,2,started,,90000,,,,b6c0879,2.9.1+cu128,1.35.2,NVIDIA GeForce RTX 3090,torch_threads=10;polars_threads=20;cuda=True,2026-07-14T18:53:03+00:00
04_pointwise_2d_pp,0.5,300,db_join,gpu,5,2,ok,176,90000,1.596,1.598;1.605;1.596;1.595;1.592,engine=gpu,b6c0879,2.9.1+cu128,1.35.2,NVIDIA GeForce RTX 3090,torch_threads=10;polars_threads=20;cuda=True,2026-07-14T18:53:03+00:00
04_pointwise_2d_pp,0.5,1000,db_join,gpu,5,2,started,,1000000,,,,b6c0879,2.9.1+cu128,1.35.2,NVIDIA GeForce RTX 3090,torch_threads=10;polars_threads=20;cuda=True,2026-07-14T18:53:03+00:00
04_pointwise_2d_pp,0.5,1000,db_join,gpu,5,2,ok,618,1000000,1.594,1.594;1.589;1.604;1.607;1.586,engine=gpu,b6c0879,2.9.1+cu128,1.35.2,NVIDIA GeForce RTX 3090,torch_threads=10;polars_threads=20;cuda=True,2026-07-14T18:53:03+00:00
04_pointwise_2d_pp,0.5,3000,db_join,gpu,5,2,started,,9000000,,,,b6c0879,2.9.1+cu128,1.35.2,NVIDIA GeForce RTX 3090,torch_threads=10;polars_threads=20;cuda=True,2026-07-14T18:53:03+00:00
04_pointwise_2d_pp,0.5,3000,db_join,gpu,5,2,ok,1840,9000000,1.602,1.603;1.602;1.606;1.597;1.601,engine=gpu,b6c0879,2.9.1+cu128,1.35.2,NVIDIA GeForce RTX 3090,torch_threads=10;polars_threads=20;cuda=True,2026-07-14T18:53:03+00:00
04_pointwise_2d_pp,0.5,10000,db_join,gpu,5,2,started,,100000000,,,,b6c0879,2.9.1+cu128,1.35.2,NVIDIA GeForce RTX 3090,torch_threads=10;polars_threads=20;cuda=True,2026-07-14T18:53:03+00:00
04_pointwise_2d_pp,0.5,10000,db_join,gpu,5,2,ok,6144,100000000,1.620,1.616;1.633;1.613;1.669;1.620,engine=gpu,b6c0879,2.9.1+cu128,1.35.2,NVIDIA GeForce RTX 3090,torch_threads=10;polars_threads=20;cuda=True,2026-07-14T18:53:03+00:00
04_pointwise_2d_pp,0.5,30000,db_join,gpu,5,2,started,,900000000,,,,b6c0879,2.9.1+cu128,1.35.2,NVIDIA GeForce RTX 3090,torch_threads=10;polars_threads=20;cuda=True,2026-07-14T18:53:03+00:00
04_pointwise_2d_pp,0.5,30000,db_join,gpu,5,2,ok,18316,900000000,1.710,1.722;1.703;1.723;1.703;1.710,engine=gpu,b6c0879,2.9.1+cu128,1.35.2,NVIDIA GeForce RTX 3090,torch_threads=10;polars_threads=20;cuda=True,2026-07-14T18:53:03+00:00
04_pointwise_2d_pp,0.5,100000,db_join,gpu,5,2,started,,10000000000,,,,b6c0879,2.9.1+cu128,1.35.2,NVIDIA GeForce RTX 3090,torch_threads=10;polars_threads=20;cuda=True,2026-07-14T18:53:03+00:00
04_pointwise_2d_pp,0.5,100000,db_join,gpu,5,2,ok,61328,10000000000,2.487,2.487;2.373;2.447;2.606;2.618,engine=gpu,b6c0879,2.9.1+cu128,1.35.2,NVIDIA GeForce RTX 3090,torch_threads=10;polars_threads=20;cuda=True,2026-07-14T18:53:03+00:00
04_pointwise_2d_pp,1.0,100,db_join,gpu,5,2,started,,10000,,,,b6c0879,2.9.1+cu128,1.35.2,NVIDIA GeForce RTX 3090,torch_threads=10;polars_threads=20;cuda=True,2026-07-14T18:53:03+00:00
04_pointwise_2d_pp,1.0,100,db_join,gpu,5,2,ok,72,10000,1.751,1.751;1.764;1.751;1.744;1.757,engine=gpu,b6c0879,2.9.1+cu128,1.35.2,NVIDIA GeForce RTX 3090,torch_threads=10;polars_threads=20;cuda=True,2026-07-14T18:53:03+00:00
04_pointwise_2d_pp,1.0,300,db_join,gpu,5,2,started,,90000,,,,b6c0879,2.9.1+cu128,1.35.2,NVIDIA GeForce RTX 3090,torch_threads=10;polars_threads=20;cuda=True,2026-07-14T18:53:03+00:00
04_pointwise_2d_pp,1.0,300,db_join,gpu,5,2,ok,221,90000,1.752,1.723;1.752;1.753;1.752;1.738,engine=gpu,b6c0879,2.9.1+cu128,1.35.2,NVIDIA GeForce RTX 3090,torch_threads=10;polars_threads=20;cuda=True,2026-07-14T18:53:03+00:00
04_pointwise_2d_pp,1.0,1000,db_join,gpu,5,2,started,,1000000,,,,b6c0879,2.9.1+cu128,1.35.2,NVIDIA GeForce RTX 3090,torch_threads=10;polars_threads=20;cuda=True,2026-07-14T18:53:03+00:00
04_pointwise_2d_pp,1.0,1000,db_join,gpu,5,2,ok,741,1000000,1.755,1.751;1.755;1.749;1.768;1.760,engine=gpu,b6c0879,2.9.1+cu128,1.35.2,NVIDIA GeForce RTX 3090,torch_threads=10;polars_threads=20;cuda=True,2026-07-14T18:53:03+00:00
04_pointwise_2d_pp,1.0,3000,db_join,gpu,5,2,started,,9000000,,,,b6c0879,2.9.1+cu128,1.35.2,NVIDIA GeForce RTX 3090,torch_threads=10;polars_threads=20;cuda=True,2026-07-14T18:53:03+00:00
04_pointwise_2d_pp,1.0,3000,db_join,gpu,5,2,ok,2192,9000000,1.768,1.768;1.762;1.758;1.774;1.821,engine=gpu,b6c0879,2.9.1+cu128,1.35.2,NVIDIA GeForce RTX 3090,torch_threads=10;polars_threads=20;cuda=True,2026-07-14T18:53:03+00:00
04_pointwise_2d_pp,1.0,10000,db_join,gpu,5,2,started,,100000000,,,,b6c0879,2.9.1+cu128,1.35.2,NVIDIA GeForce RTX 3090,torch_threads=10;polars_threads=20;cuda=True,2026-07-14T18:53:03+00:00
04_pointwise_2d_pp,1.0,10000,db_join,gpu,5,2,ok,7340,100000000,1.777,1.779;1.792;1.777;1.777;1.775,engine=gpu,b6c0879,2.9.1+cu128,1.35.2,NVIDIA GeForce RTX 3090,torch_threads=10;polars_threads=20;cuda=True,2026-07-14T18:53:03+00:00
04_pointwise_2d_pp,1.0,30000,db_join,gpu,5,2,started,,900000000,,,,b6c0879,2.9.1+cu128,1.35.2,NVIDIA GeForce RTX 3090,torch_threads=10;polars_threads=20;cuda=True,2026-07-14T18:53:03+00:00
04_pointwise_2d_pp,1.0,30000,db_join,gpu,5,2,ok,22092,900000000,1.879,1.879;1.845;1.879;1.883;1.883,engine=gpu,b6c0879,2.9.1+cu128,1.35.2,NVIDIA GeForce RTX 3090,torch_threads=10;polars_threads=20;cuda=True,2026-07-14T18:53:03+00:00
04_pointwise_2d_pp,1.0,100000,db_join,gpu,5,2,started,,10000000000,,,,b6c0879,2.9.1+cu128,1.35.2,NVIDIA GeForce RTX 3090,torch_threads=10;polars_threads=20;cuda=True,2026-07-14T18:53:03+00:00
04_pointwise_2d_pp,1.0,100000,db_join,gpu,5,2,ok,73760,10000000000,2.516,2.516;2.502;2.813;2.561;2.396,engine=gpu,b6c0879,2.9.1+cu128,1.35.2,NVIDIA GeForce RTX 3090,torch_threads=10;polars_threads=20;cuda=True,2026-07-14T18:53:03+00:00
12_matmul_ii,0.0,100,db_join,gpu,5,2,started,,10000,,,,b6c0879,2.9.1+cu128,1.35.2,NVIDIA GeForce RTX 3090,torch_threads=10;polars_threads=20;cuda=True,2026-07-14T18:53:03+00:00
12_matmul_ii,0.0,100,db_join,gpu,5,2,ok,29,10000,2.103,2.137;2.098;2.103;2.106;2.091,engine=gpu,b6c0879,2.9.1+cu128,1.35.2,NVIDIA GeForce RTX 3090,torch_threads=10;polars_threads=20;cuda=True,2026-07-14T18:53:03+00:00
12_matmul_ii,0.0,300,db_join,gpu,5,2,started,,90000,,,,b6c0879,2.9.1+cu128,1.35.2,NVIDIA GeForce RTX 3090,torch_threads=10;polars_threads=20;cuda=True,2026-07-14T18:53:03+00:00
12_matmul_ii,0.0,300,db_join,gpu,5,2,ok,97,90000,2.748,2.766;2.734;2.748;2.744;2.798,engine=gpu,b6c0879,2.9.1+cu128,1.35.2,NVIDIA GeForce RTX 3090,torch_threads=10;polars_threads=20;cuda=True,2026-07-14T18:53:03+00:00
12_matmul_ii,0.0,1000,db_join,gpu,5,2,started,,1000000,,,,b6c0879,2.9.1+cu128,1.35.2,NVIDIA GeForce RTX 3090,torch_threads=10;polars_threads=20;cuda=True,2026-07-14T18:53:03+00:00
12_matmul_ii,0.0,1000,db_join,gpu,5,2,ok,323,1000000,5.044,4.955;4.979;5.066;5.044;5.113,engine=gpu,b6c0879,2.9.1+cu128,1.35.2,NVIDIA GeForce RTX 3090,torch_threads=10;polars_threads=20;cuda=True,2026-07-14T18:53:04+00:00
12_matmul_ii,0.0,3000,db_join,gpu,5,2,started,,9000000,,,,b6c0879,2.9.1+cu128,1.35.2,NVIDIA GeForce RTX 3090,torch_threads=10;polars_threads=20;cuda=True,2026-07-14T18:53:04+00:00
12_matmul_ii,0.0,3000,db_join,gpu,5,2,ok,1014,9000000,11.473,11.402;11.504;11.462;11.519;11.473,engine=gpu,b6c0879,2.9.1+cu128,1.35.2,NVIDIA GeForce RTX 3090,torch_threads=10;polars_threads=20;cuda=True,2026-07-14T18:53:04+00:00
12_matmul_ii,0.0,10000,db_join,gpu,5,2,started,,100000000,,,,b6c0879,2.9.1+cu128,1.35.2,NVIDIA GeForce RTX 3090,torch_threads=10;polars_threads=20;cuda=True,2026-07-14T18:53:04+00:00
12_matmul_ii,0.0,10000,db_join,gpu,5,2,ok,3298,100000000,33.699,33.712;33.680;33.699;33.653;33.836,engine=gpu,b6c0879,2.9.1+cu128,1.35.2,NVIDIA GeForce RTX 3090,torch_threads=10;polars_threads=20;cuda=True,2026-07-14T18:53:04+00:00
12_matmul_ii,0.0,30000,db_join,gpu,5,2,started,,900000000,,,,b6c0879,2.9.1+cu128,1.35.2,NVIDIA GeForce RTX 3090,torch_threads=10;polars_threads=20;cuda=True,2026-07-14T18:53:04+00:00
12_matmul_ii,0.0,30000,db_join,gpu,5,2,ok,9891,900000000,102.413,102.485;102.387;102.340;102.505;102.413,engine=gpu,b6c0879,2.9.1+cu128,1.35.2,NVIDIA GeForce RTX 3090,torch_threads=10;polars_threads=20;cuda=True,2026-07-14T18:53:05+00:00
12_matmul_ii,0.0,100000,db_join,gpu,5,2,started,,10000000000,,,,b6c0879,2.9.1+cu128,1.35.2,NVIDIA GeForce RTX 3090,torch_threads=10;polars_threads=20;cuda=True,2026-07-14T18:53:05+00:00
12_matmul_ii,0.0,100000,db_join,gpu,5,2,ok,33204,10000000000,765.633,762.916;765.378;766.773;766.858;765.633,engine=gpu,b6c0879,2.9.1+cu128,1.35.2,NVIDIA GeForce RTX 3090,torch_threads=10;polars_threads=20;cuda=True,2026-07-14T18:53:10+00:00
12_matmul_ii,0.5,100,db_join,gpu,5,2,started,,10000,,,,b6c0879,2.9.1+cu128,1.35.2,NVIDIA GeForce RTX 3090,torch_threads=10;polars_threads=20;cuda=True,2026-07-14T18:53:10+00:00
12_matmul_ii,0.5,100,db_join,gpu,5,2,ok,50,10000,2.083,2.239;2.089;2.083;2.077;2.077,engine=gpu,b6c0879,2.9.1+cu128,1.35.2,NVIDIA GeForce RTX 3090,torch_threads=10;polars_threads=20;cuda=True,2026-07-14T18:53:10+00:00
12_matmul_ii,0.5,300,db_join,gpu,5,2,started,,90000,,,,b6c0879,2.9.1+cu128,1.35.2,NVIDIA GeForce RTX 3090,torch_threads=10;polars_threads=20;cuda=True,2026-07-14T18:53:10+00:00
12_matmul_ii,0.5,300,db_join,gpu,5,2,ok,132,90000,2.719,2.730;2.733;2.719;2.702;2.713,engine=gpu,b6c0879,2.9.1+cu128,1.35.2,NVIDIA GeForce RTX 3090,torch_threads=10;polars_threads=20;cuda=True,2026-07-14T18:53:10+00:00
12_matmul_ii,0.5,1000,db_join,gpu,5,2,started,,1000000,,,,b6c0879,2.9.1+cu128,1.35.2,NVIDIA GeForce RTX 3090,torch_threads=10;polars_threads=20;cuda=True,2026-07-14T18:53:10+00:00
12_matmul_ii,0.5,1000,db_join,gpu,5,2,ok,450,1000000,5.003,5.003;4.938;4.915;5.202;5.124,engine=gpu,b6c0879,2.9.1+cu128,1.35.2,NVIDIA GeForce RTX 3090,torch_threads=10;polars_threads=20;cuda=True,2026-07-14T18:53:10+00:00
12_matmul_ii,0.5,3000,db_join,gpu,5,2,started,,9000000,,,,b6c0879,2.9.1+cu128,1.35.2,NVIDIA GeForce RTX 3090,torch_threads=10;polars_threads=20;cuda=True,2026-07-14T18:53:10+00:00
12_matmul_ii,0.5,3000,db_join,gpu,5,2,ok,1354,9000000,11.547,11.532;11.568;11.554;11.547;11.515,engine=gpu,b6c0879,2.9.1+cu128,1.35.2,NVIDIA GeForce RTX 3090,torch_threads=10;polars_threads=20;cuda=True,2026-07-14T18:53:10+00:00
12_matmul_ii,0.5,10000,db_join,gpu,5,2,started,,100000000,,,,b6c0879,2.9.1+cu128,1.35.2,NVIDIA GeForce RTX 3090,torch_threads=10;polars_threads=20;cuda=True,2026-07-14T18:53:10+00:00
12_matmul_ii,0.5,10000,db_join,gpu,5,2,ok,4566,100000000,33.785,33.769;33.856;33.785;33.775;33.933,engine=gpu,b6c0879,2.9.1+cu128,1.35.2,NVIDIA GeForce RTX 3090,torch_threads=10;polars_threads=20;cuda=True,2026-07-14T18:53:10+00:00
12_matmul_ii,0.5,30000,db_join,gpu,5,2,started,,900000000,,,,b6c0879,2.9.1+cu128,1.35.2,NVIDIA GeForce RTX 3090,torch_threads=10;polars_threads=20;cuda=True,2026-07-14T18:53:10+00:00
12_matmul_ii,0.5,30000,db_join,gpu,5,2,ok,13654,900000000,102.564,102.601;102.542;102.367;102.564;102.587,engine=gpu,b6c0879,2.9.1+cu128,1.35.2,NVIDIA GeForce RTX 3090,torch_threads=10;polars_threads=20;cuda=True,2026-07-14T18:53:11+00:00
12_matmul_ii,0.5,100000,db_join,gpu,5,2,started,,10000000000,,,,b6c0879,2.9.1+cu128,1.35.2,NVIDIA GeForce RTX 3090,torch_threads=10;polars_threads=20;cuda=True,2026-07-14T18:53:11+00:00
12_matmul_ii,0.5,100000,db_join,gpu,5,2,ok,46002,10000000000,769.184,769.184;770.379;770.267;766.483;768.216,engine=gpu,b6c0879,2.9.1+cu128,1.35.2,NVIDIA GeForce RTX 3090,torch_threads=10;polars_threads=20;cuda=True,2026-07-14T18:53:16+00:00
12_matmul_ii,1.0,100,db_join,gpu,5,2,started,,10000,,,,b6c0879,2.9.1+cu128,1.35.2,NVIDIA GeForce RTX 3090,torch_threads=10;polars_threads=20;cuda=True,2026-07-14T18:53:16+00:00
12_matmul_ii,1.0,100,db_join,gpu,5,2,ok,54,10000,2.172,2.172;2.243;2.193;2.172;2.139,engine=gpu,b6c0879,2.9.1+cu128,1.35.2,NVIDIA GeForce RTX 3090,torch_threads=10;polars_threads=20;cuda=True,2026-07-14T18:53:16+00:00
12_matmul_ii,1.0,300,db_join,gpu,5,2,started,,90000,,,,b6c0879,2.9.1+cu128,1.35.2,NVIDIA GeForce RTX 3090,torch_threads=10;polars_threads=20;cuda=True,2026-07-14T18:53:16+00:00
12_matmul_ii,1.0,300,db_join,gpu,5,2,ok,162,90000,2.757,2.760;2.753;2.757;2.745;2.813,engine=gpu,b6c0879,2.9.1+cu128,1.35.2,NVIDIA GeForce RTX 3090,torch_threads=10;polars_threads=20;cuda=True,2026-07-14T18:53:16+00:00
12_matmul_ii,1.0,1000,db_join,gpu,5,2,started,,1000000,,,,b6c0879,2.9.1+cu128,1.35.2,NVIDIA GeForce RTX 3090,torch_threads=10;polars_threads=20;cuda=True,2026-07-14T18:53:16+00:00
12_matmul_ii,1.0,1000,db_join,gpu,5,2,ok,539,1000000,4.982,4.982;4.977;4.958;5.075;5.102,engine=gpu,b6c0879,2.9.1+cu128,1.35.2,NVIDIA GeForce RTX 3090,torch_threads=10;polars_threads=20;cuda=True,2026-07-14T18:53:17+00:00
12_matmul_ii,1.0,3000,db_join,gpu,5,2,started,,9000000,,,,b6c0879,2.9.1+cu128,1.35.2,NVIDIA GeForce RTX 3090,torch_threads=10;polars_threads=20;cuda=True,2026-07-14T18:53:17+00:00
12_matmul_ii,1.0,3000,db_join,gpu,5,2,ok,1665,9000000,11.559,11.487;11.597;11.559;11.528;11.631,engine=gpu,b6c0879,2.9.1+cu128,1.35.2,NVIDIA GeForce RTX 3090,torch_threads=10;polars_threads=20;cuda=True,2026-07-14T18:53:17+00:00
12_matmul_ii,1.0,10000,db_join,gpu,5,2,started,,100000000,,,,b6c0879,2.9.1+cu128,1.35.2,NVIDIA GeForce RTX 3090,torch_threads=10;polars_threads=20;cuda=True,2026-07-14T18:53:17+00:00
12_matmul_ii,1.0,10000,db_join,gpu,5,2,ok,5484,100000000,33.987,34.031;34.094;33.987;33.940;33.978,engine=gpu,b6c0879,2.9.1+cu128,1.35.2,NVIDIA GeForce RTX 3090,torch_threads=10;polars_threads=20;cuda=True,2026-07-14T18:53:17+00:00
12_matmul_ii,1.0,30000,db_join,gpu,5,2,started,,900000000,,,,b6c0879,2.9.1+cu128,1.35.2,NVIDIA GeForce RTX 3090,torch_threads=10;polars_threads=20;cuda=True,2026-07-14T18:53:17+00:00
12_matmul_ii,1.0,30000,db_join,gpu,5,2,ok,16407,900000000,103.392,103.392;103.499;103.498;103.390;103.115,engine=gpu,b6c0879,2.9.1+cu128,1.35.2,NVIDIA GeForce RTX 3090,torch_threads=10;polars_threads=20;cuda=True,2026-07-14T18:53:18+00:00
12_matmul_ii,1.0,100000,db_join,gpu,5,2,started,,10000000000,,,,b6c0879,2.9.1+cu128,1.35.2,NVIDIA GeForce RTX 3090,torch_threads=10;polars_threads=20;cuda=True,2026-07-14T18:53:18+00:00
12_matmul_ii,1.0,100000,db_join,gpu,5,2,ok,54938,10000000000,770.760,768.802;771.271;768.399;771.581;770.760,engine=gpu,b6c0879,2.9.1+cu128,1.35.2,NVIDIA GeForce RTX 3090,torch_threads=10;polars_threads=20;cuda=True,2026-07-14T18:53:23+00:00
18_bio_intersect,0.0,100,db_join,gpu,5,2,started,,10000,,,,b6c0879,2.9.1+cu128,1.35.2,NVIDIA GeForce RTX 3090,torch_threads=10;polars_threads=20;cuda=True,2026-07-14T18:53:23+00:00
18_bio_intersect,0.0,100,db_join,gpu,5,2,ok,23,10000,2.421,2.391;2.414;2.430;2.421;2.435,engine=gpu,b6c0879,2.9.1+cu128,1.35.2,NVIDIA GeForce RTX 3090,torch_threads=10;polars_threads=20;cuda=True,2026-07-14T18:53:23+00:00
18_bio_intersect,0.0,300,db_join,gpu,5,2,started,,90000,,,,b6c0879,2.9.1+cu128,1.35.2,NVIDIA GeForce RTX 3090,torch_threads=10;polars_threads=20;cuda=True,2026-07-14T18:53:23+00:00
18_bio_intersect,0.0,300,db_join,gpu,5,2,ok,94,90000,2.441,2.427;2.448;2.435;2.444;2.441,engine=gpu,b6c0879,2.9.1+cu128,1.35.2,NVIDIA GeForce RTX 3090,torch_threads=10;polars_threads=20;cuda=True,2026-07-14T18:53:23+00:00
18_bio_intersect,0.0,1000,db_join,gpu,5,2,started,,1000000,,,,b6c0879,2.9.1+cu128,1.35.2,NVIDIA GeForce RTX 3090,torch_threads=10;polars_threads=20;cuda=True,2026-07-14T18:53:23+00:00
18_bio_intersect,0.0,1000,db_join,gpu,5,2,ok,316,1000000,2.450,2.450;2.422;2.490;2.449;2.463,engine=gpu,b6c0879,2.9.1+cu128,1.35.2,NVIDIA GeForce RTX 3090,torch_threads=10;polars_threads=20;cuda=True,2026-07-14T18:53:23+00:00
18_bio_intersect,0.0,3000,db_join,gpu,5,2,started,,9000000,,,,b6c0879,2.9.1+cu128,1.35.2,NVIDIA GeForce RTX 3090,torch_threads=10;polars_threads=20;cuda=True,2026-07-14T18:53:23+00:00
18_bio_intersect,0.0,3000,db_join,gpu,5,2,ok,991,9000000,2.571,2.623;2.598;2.523;2.568;2.571,engine=gpu,b6c0879,2.9.1+cu128,1.35.2,NVIDIA GeForce RTX 3090,torch_threads=10;polars_threads=20;cuda=True,2026-07-14T18:53:23+00:00
18_bio_intersect,0.0,10000,db_join,gpu,5,2,started,,100000000,,,,b6c0879,2.9.1+cu128,1.35.2,NVIDIA GeForce RTX 3090,torch_threads=10;polars_threads=20;cuda=True,2026-07-14T18:53:23+00:00
18_bio_intersect,0.0,10000,db_join,gpu,5,2,ok,3267,100000000,2.810,2.973;2.810;2.822;2.796;2.785,engine=gpu,b6c0879,2.9.1+cu128,1.35.2,NVIDIA GeForce RTX 3090,torch_threads=10;polars_threads=20;cuda=True,2026-07-14T18:53:23+00:00
18_bio_intersect,0.0,30000,db_join,gpu,5,2,started,,900000000,,,,b6c0879,2.9.1+cu128,1.35.2,NVIDIA GeForce RTX 3090,torch_threads=10;polars_threads=20;cuda=True,2026-07-14T18:53:23+00:00
18_bio_intersect,0.0,30000,db_join,gpu,5,2,ok,9984,900000000,3.764,3.761;3.771;3.768;3.764;3.757,engine=gpu,b6c0879,2.9.1+cu128,1.35.2,NVIDIA GeForce RTX 3090,torch_threads=10;polars_threads=20;cuda=True,2026-07-14T18:53:23+00:00
18_bio_intersect,0.0,100000,db_join,gpu,5,2,started,,10000000000,,,,b6c0879,2.9.1+cu128,1.35.2,NVIDIA GeForce RTX 3090,torch_threads=10;polars_threads=20;cuda=True,2026-07-14T18:53:23+00:00
18_bio_intersect,0.0,100000,db_join,gpu,5,2,ok,33307,10000000000,10.260,10.394;10.305;10.239;10.260;9.796,engine=gpu,b6c0879,2.9.1+cu128,1.35.2,NVIDIA GeForce RTX 3090,torch_threads=10;polars_threads=20;cuda=True,2026-07-14T18:53:23+00:00
18_bio_intersect,0.5,100,db_join,gpu,5,2,started,,10000,,,,b6c0879,2.9.1+cu128,1.35.2,NVIDIA GeForce RTX 3090,torch_threads=10;polars_threads=20;cuda=True,2026-07-14T18:53:23+00:00
18_bio_intersect,0.5,100,db_join,gpu,5,2,ok,31,10000,2.543,2.559;2.543;2.567;2.534;2.537,engine=gpu,b6c0879,2.9.1+cu128,1.35.2,NVIDIA GeForce RTX 3090,torch_threads=10;polars_threads=20;cuda=True,2026-07-14T18:53:23+00:00
18_bio_intersect,0.5,300,db_join,gpu,5,2,started,,90000,,,,b6c0879,2.9.1+cu128,1.35.2,NVIDIA GeForce RTX 3090,torch_threads=10;polars_threads=20;cuda=True,2026-07-14T18:53:23+00:00
18_bio_intersect,0.5,300,db_join,gpu,5,2,ok,124,90000,2.572,2.601;2.568;2.572;2.599;2.534,engine=gpu,b6c0879,2.9.1+cu128,1.35.2,NVIDIA GeForce RTX 3090,torch_threads=10;polars_threads=20;cuda=True,2026-07-14T18:53:23+00:00
18_bio_intersect,0.5,1000,db_join,gpu,5,2,started,,1000000,,,,b6c0879,2.9.1+cu128,1.35.2,NVIDIA GeForce RTX 3090,torch_threads=10;polars_threads=20;cuda=True,2026-07-14T18:53:23+00:00
18_bio_intersect,0.5,1000,db_join,gpu,5,2,ok,411,1000000,2.642,2.773;2.642;2.575;2.640;2.667,engine=gpu,b6c0879,2.9.1+cu128,1.35.2,NVIDIA GeForce RTX 3090,torch_threads=10;polars_threads=20;cuda=True,2026-07-14T18:53:23+00:00
18_bio_intersect,0.5,3000,db_join,gpu,5,2,started,,9000000,,,,b6c0879,2.9.1+cu128,1.35.2,NVIDIA GeForce RTX 3090,torch_threads=10;polars_threads=20;cuda=True,2026-07-14T18:53:23+00:00
18_bio_intersect,0.5,3000,db_join,gpu,5,2,ok,1203,9000000,2.731,2.719;2.731;2.767;3.172;2.724,engine=gpu,b6c0879,2.9.1+cu128,1.35.2,NVIDIA GeForce RTX 3090,torch_threads=10;polars_threads=20;cuda=True,2026-07-14T18:53:23+00:00
18_bio_intersect,0.5,10000,db_join,gpu,5,2,started,,100000000,,,,b6c0879,2.9.1+cu128,1.35.2,NVIDIA GeForce RTX 3090,torch_threads=10;polars_threads=20;cuda=True,2026-07-14T18:53:23+00:00
18_bio_intersect,0.5,10000,db_join,gpu,5,2,ok,4109,100000000,3.113,3.113;3.120;3.125;3.097;3.059,engine=gpu,b6c0879,2.9.1+cu128,1.35.2,NVIDIA GeForce RTX 3090,torch_threads=10;polars_threads=20;cuda=True,2026-07-14T18:53:23+00:00
18_bio_intersect,0.5,30000,db_join,gpu,5,2,started,,900000000,,,,b6c0879,2.9.1+cu128,1.35.2,NVIDIA GeForce RTX 3090,torch_threads=10;polars_threads=20;cuda=True,2026-07-14T18:53:23+00:00
18_bio_intersect,0.5,30000,db_join,gpu,5,2,ok,12367,900000000,4.230,4.190;4.253;4.203;4.231;4.230,engine=gpu,b6c0879,2.9.1+cu128,1.35.2,NVIDIA GeForce RTX 3090,torch_threads=10;polars_threads=20;cuda=True,2026-07-14T18:53:23+00:00
18_bio_intersect,0.5,100000,db_join,gpu,5,2,started,,10000000000,,,,b6c0879,2.9.1+cu128,1.35.2,NVIDIA GeForce RTX 3090,torch_threads=10;polars_threads=20;cuda=True,2026-07-14T18:53:23+00:00
18_bio_intersect,0.5,100000,db_join,gpu,5,2,ok,41064,10000000000,10.268,10.826;10.810;10.268;10.262;10.237,engine=gpu,b6c0879,2.9.1+cu128,1.35.2,NVIDIA GeForce RTX 3090,torch_threads=10;polars_threads=20;cuda=True,2026-07-14T18:53:23+00:00
18_bio_intersect,1.0,100,db_join,gpu,5,2,started,,10000,,,,b6c0879,2.9.1+cu128,1.35.2,NVIDIA GeForce RTX 3090,torch_threads=10;polars_threads=20;cuda=True,2026-07-14T18:53:23+00:00
18_bio_intersect,1.0,100,db_join,gpu,5,2,ok,41,10000,2.371,2.396;2.390;2.370;2.371;2.355,engine=gpu,b6c0879,2.9.1+cu128,1.35.2,NVIDIA GeForce RTX 3090,torch_threads=10;polars_threads=20;cuda=True,2026-07-14T18:53:23+00:00
18_bio_intersect,1.0,300,db_join,gpu,5,2,started,,90000,,,,b6c0879,2.9.1+cu128,1.35.2,NVIDIA GeForce RTX 3090,torch_threads=10;polars_threads=20;cuda=True,2026-07-14T18:53:23+00:00
18_bio_intersect,1.0,300,db_join,gpu,5,2,ok,147,90000,2.427,2.419;2.391;2.428;2.427;2.428,engine=gpu,b6c0879,2.9.1+cu128,1.35.2,NVIDIA GeForce RTX 3090,torch_threads=10;polars_threads=20;cuda=True,2026-07-14T18:53:23+00:00
18_bio_intersect,1.0,1000,db_join,gpu,5,2,started,,1000000,,,,b6c0879,2.9.1+cu128,1.35.2,NVIDIA GeForce RTX 3090,torch_threads=10;polars_threads=20;cuda=True,2026-07-14T18:53:23+00:00
18_bio_intersect,1.0,1000,db_join,gpu,5,2,ok,479,1000000,2.444,2.432;2.469;2.430;2.444;2.450,engine=gpu,b6c0879,2.9.1+cu128,1.35.2,NVIDIA GeForce RTX 3090,torch_threads=10;polars_threads=20;cuda=True,2026-07-14T18:53:23+00:00
18_bio_intersect,1.0,3000,db_join,gpu,5,2,started,,9000000,,,,b6c0879,2.9.1+cu128,1.35.2,NVIDIA GeForce RTX 3090,torch_threads=10;polars_threads=20;cuda=True,2026-07-14T18:53:23+00:00
18_bio_intersect,1.0,3000,db_join,gpu,5,2,ok,1447,9000000,2.591,2.580;2.598;2.564;2.593;2.591,engine=gpu,b6c0879,2.9.1+cu128,1.35.2,NVIDIA GeForce RTX 3090,torch_threads=10;polars_threads=20;cuda=True,2026-07-14T18:53:23+00:00
18_bio_intersect,1.0,10000,db_join,gpu,5,2,started,,100000000,,,,b6c0879,2.9.1+cu128,1.35.2,NVIDIA GeForce RTX 3090,torch_threads=10;polars_threads=20;cuda=True,2026-07-14T18:53:23+00:00
18_bio_intersect,1.0,10000,db_join,gpu,5,2,ok,4913,100000000,3.002,3.002;2.989;3.001;3.021;3.020,engine=gpu,b6c0879,2.9.1+cu128,1.35.2,NVIDIA GeForce RTX 3090,torch_threads=10;polars_threads=20;cuda=True,2026-07-14T18:53:23+00:00
18_bio_intersect,1.0,30000,db_join,gpu,5,2,started,,900000000,,,,b6c0879,2.9.1+cu128,1.35.2,NVIDIA GeForce RTX 3090,torch_threads=10;polars_threads=20;cuda=True,2026-07-14T18:53:23+00:00
18_bio_intersect,1.0,30000,db_join,gpu,5,2,ok,14815,900000000,4.239,4.313;4.239;4.245;4.237;4.233,engine=gpu,b6c0879,2.9.1+cu128,1.35.2,NVIDIA GeForce RTX 3090,torch_threads=10;polars_threads=20;cuda=True,2026-07-14T18:53:24+00:00
18_bio_intersect,1.0,100000,db_join,gpu,5,2,started,,10000000000,,,,b6c0879,2.9.1+cu128,1.35.2,NVIDIA GeForce RTX 3090,torch_threads=10;polars_threads=20;cuda=True,2026-07-14T18:53:24+00:00
18_bio_intersect,1.0,100000,db_join,gpu,5,2,ok,49096,10000000000,11.727,11.731;11.727;11.817;11.698;11.570,engine=gpu,b6c0879,2.9.1+cu128,1.35.2,NVIDIA GeForce RTX 3090,torch_threads=10;polars_threads=20;cuda=True,2026-07-14T18:53:24+00:00
16_triple_2d_ii,0.0,100,db_join,gpu,5,2,started,,1000000,,,,b6c0879,2.9.1+cu128,1.35.2,NVIDIA GeForce RTX 3090,torch_threads=10;polars_threads=20;cuda=True,2026-07-14T18:53:24+00:00
16_triple_2d_ii,0.0,100,db_join,gpu,5,2,ok,4,1000000,6.463,6.463;6.497;6.524;6.393;6.377,engine=gpu,b6c0879,2.9.1+cu128,1.35.2,NVIDIA GeForce RTX 3090,torch_threads=10;polars_threads=20;cuda=True,2026-07-14T18:53:24+00:00
16_triple_2d_ii,0.0,300,db_join,gpu,5,2,started,,27000000,,,,b6c0879,2.9.1+cu128,1.35.2,NVIDIA GeForce RTX 3090,torch_threads=10;polars_threads=20;cuda=True,2026-07-14T18:53:24+00:00
16_triple_2d_ii,0.0,300,db_join,gpu,5,2,ok,6,27000000,7.549,7.632;7.433;7.549;7.606;7.184,engine=gpu,b6c0879,2.9.1+cu128,1.35.2,NVIDIA GeForce RTX 3090,torch_threads=10;polars_threads=20;cuda=True,2026-07-14T18:53:24+00:00
16_triple_2d_ii,0.0,1000,db_join,gpu,5,2,started,,1000000000,,,,b6c0879,2.9.1+cu128,1.35.2,NVIDIA GeForce RTX 3090,torch_threads=10;polars_threads=20;cuda=True,2026-07-14T18:53:24+00:00
16_triple_2d_ii,0.0,1000,db_join,gpu,5,2,ok,38,1000000000,10.374,11.282;11.825;9.997;10.323;10.374,engine=gpu,b6c0879,2.9.1+cu128,1.35.2,NVIDIA GeForce RTX 3090,torch_threads=10;polars_threads=20;cuda=True,2026-07-14T18:53:24+00:00
16_triple_2d_ii,0.0,3000,db_join,gpu,5,2,started,,27000000000,,,,b6c0879,2.9.1+cu128,1.35.2,NVIDIA GeForce RTX 3090,torch_threads=10;polars_threads=20;cuda=True,2026-07-14T18:53:24+00:00
16_triple_2d_ii,0.0,3000,db_join,gpu,5,2,ok,115,27000000000,23.594,23.594;24.146;19.141;22.844;24.895,engine=gpu,b6c0879,2.9.1+cu128,1.35.2,NVIDIA GeForce RTX 3090,torch_threads=10;polars_threads=20;cuda=True,2026-07-14T18:53:24+00:00
16_triple_2d_ii,0.0,10000,db_join,gpu,5,2,started,,1000000000000,,,,b6c0879,2.9.1+cu128,1.35.2,NVIDIA GeForce RTX 3090,torch_threads=10;polars_threads=20;cuda=True,2026-07-14T18:53:24+00:00
16_triple_2d_ii,0.0,10000,db_join,gpu,5,2,ok,381,1000000000000,68.695,53.430;76.263;68.695;46.813;76.784,engine=gpu,b6c0879,2.9.1+cu128,1.35.2,NVIDIA GeForce RTX 3090,torch_threads=10;polars_threads=20;cuda=True,2026-07-14T18:53:24+00:00
16_triple_2d_ii,0.0,30000,db_join,gpu,5,2,started,,27000000000000,,,,b6c0879,2.9.1+cu128,1.35.2,NVIDIA GeForce RTX 3090,torch_threads=10;polars_threads=20;cuda=True,2026-07-14T18:53:24+00:00
16_triple_2d_ii,0.0,30000,db_join,gpu,5,2,ok,1129,27000000000000,168.464,132.016;247.051;168.464;192.336;167.662,engine=gpu,b6c0879,2.9.1+cu128,1.35.2,NVIDIA GeForce RTX 3090,torch_threads=10;polars_threads=20;cuda=True,2026-07-14T18:53:26+00:00
16_triple_2d_ii,0.0,100000,db_join,gpu,5,2,skipped_guard,,1000000000000000,,,1.0e+15 candidates > 1e+14 (host-RAM kill risk),b6c0879,2.9.1+cu128,1.35.2,NVIDIA GeForce RTX 3090,torch_threads=10;polars_threads=20;cuda=True,2026-07-14T18:53:26+00:00
16_triple_2d_ii,0.5,100,db_join,gpu,5,2,started,,1000000,,,,b6c0879,2.9.1+cu128,1.35.2,NVIDIA GeForce RTX 3090,torch_threads=10;polars_threads=20;cuda=True,2026-07-14T18:53:26+00:00
16_triple_2d_ii,0.5,100,db_join,gpu,5,2,ok,4,1000000,6.437,6.497;6.487;6.423;6.437;6.331,engine=gpu,b6c0879,2.9.1+cu128,1.35.2,NVIDIA GeForce RTX 3090,torch_threads=10;polars_threads=20;cuda=True,2026-07-14T18:53:26+00:00
16_triple_2d_ii,0.5,300,db_join,gpu,5,2,started,,27000000,,,,b6c0879,2.9.1+cu128,1.35.2,NVIDIA GeForce RTX 3090,torch_threads=10;polars_threads=20;cuda=True,2026-07-14T18:53:26+00:00
16_triple_2d_ii,0.5,300,db_join,gpu,5,2,ok,25,27000000,7.307,7.320;7.307;7.194;7.217;7.488,engine=gpu,b6c0879,2.9.1+cu128,1.35.2,NVIDIA GeForce RTX 3090,torch_threads=10;polars_threads=20;cuda=True,2026-07-14T18:53:26+00:00
16_triple_2d_ii,0.5,1000,db_join,gpu,5,2,started,,1000000000,,,,b6c0879,2.9.1+cu128,1.35.2,NVIDIA GeForce RTX 3090,torch_threads=10;polars_threads=20;cuda=True,2026-07-14T18:53:26+00:00
16_triple_2d_ii,0.5,1000,db_join,gpu,5,2,ok,74,1000000000,11.414,11.713;11.244;11.818;11.384;11.414,engine=gpu,b6c0879,2.9.1+cu128,1.35.2,NVIDIA GeForce RTX 3090,torch_threads=10;polars_threads=20;cuda=True,2026-07-14T18:53:26+00:00
16_triple_2d_ii,0.5,3000,db_join,gpu,5,2,started,,27000000000,,,,b6c0879,2.9.1+cu128,1.35.2,NVIDIA GeForce RTX 3090,torch_threads=10;polars_threads=20;cuda=True,2026-07-14T18:53:26+00:00
16_triple_2d_ii,0.5,3000,db_join,gpu,5,2,ok,205,27000000000,24.739,23.804;20.131;24.739;24.941;25.879,engine=gpu,b6c0879,2.9.1+cu128,1.35.2,NVIDIA GeForce RTX 3090,torch_threads=10;polars_threads=20;cuda=True,2026-07-14T18:53:26+00:00
16_triple_2d_ii,0.5,10000,db_join,gpu,5,2,started,,1000000000000,,,,b6c0879,2.9.1+cu128,1.35.2,NVIDIA GeForce RTX 3090,torch_threads=10;polars_threads=20;cuda=True,2026-07-14T18:53:26+00:00
16_triple_2d_ii,0.5,10000,db_join,gpu,5,2,ok,645,1000000000000,78.629,81.945;67.998;81.707;74.429;78.629,engine=gpu,b6c0879,2.9.1+cu128,1.35.2,NVIDIA GeForce RTX 3090,torch_threads=10;polars_threads=20;cuda=True,2026-07-14T18:53:27+00:00
16_triple_2d_ii,0.5,30000,db_join,gpu,5,2,started,,27000000000000,,,,b6c0879,2.9.1+cu128,1.35.2,NVIDIA GeForce RTX 3090,torch_threads=10;polars_threads=20;cuda=True,2026-07-14T18:53:27+00:00
16_triple_2d_ii,0.5,30000,db_join,gpu,5,2,ok,2074,27000000000000,253.368,303.961;321.599;138.260;253.368;238.348,engine=gpu,b6c0879,2.9.1+cu128,1.35.2,NVIDIA GeForce RTX 3090,torch_threads=10;polars_threads=20;cuda=True,2026-07-14T18:53:29+00:00
16_triple_2d_ii,0.5,100000,db_join,gpu,5,2,skipped_guard,,1000000000000000,,,1.0e+15 candidates > 1e+14 (host-RAM kill risk),b6c0879,2.9.1+cu128,1.35.2,NVIDIA GeForce RTX 3090,torch_threads=10;polars_threads=20;cuda=True,2026-07-14T18:53:29+00:00
16_triple_2d_ii,1.0,100,db_join,gpu,5,2,started,,1000000,,,,b6c0879,2.9.1+cu128,1.35.2,NVIDIA GeForce RTX 3090,torch_threads=10;polars_threads=20;cuda=True,2026-07-14T18:53:29+00:00
16_triple_2d_ii,1.0,100,db_join,gpu,5,2,ok,11,1000000,6.535,6.587;6.535;6.482;6.604;6.527,engine=gpu,b6c0879,2.9.1+cu128,1.35.2,NVIDIA GeForce RTX 3090,torch_threads=10;polars_threads=20;cuda=True,2026-07-14T18:53:29+00:00
16_triple_2d_ii,1.0,300,db_join,gpu,5,2,started,,27000000,,,,b6c0879,2.9.1+cu128,1.35.2,NVIDIA GeForce RTX 3090,torch_threads=10;polars_threads=20;cuda=True,2026-07-14T18:53:29+00:00
16_triple_2d_ii,1.0,300,db_join,gpu,5,2,ok,36,27000000,7.435,7.352;7.768;7.800;7.435;7.233,engine=gpu,b6c0879,2.9.1+cu128,1.35.2,NVIDIA GeForce RTX 3090,torch_threads=10;polars_threads=20;cuda=True,2026-07-14T18:53:29+00:00
16_triple_2d_ii,1.0,1000,db_join,gpu,5,2,started,,1000000000,,,,b6c0879,2.9.1+cu128,1.35.2,NVIDIA GeForce RTX 3090,torch_threads=10;polars_threads=20;cuda=True,2026-07-14T18:53:29+00:00
16_triple_2d_ii,1.0,1000,db_join,gpu,5,2,ok,103,1000000000,11.969,12.341;12.003;11.938;10.921;11.969,engine=gpu,b6c0879,2.9.1+cu128,1.35.2,NVIDIA GeForce RTX 3090,torch_threads=10;polars_threads=20;cuda=True,2026-07-14T18:53:29+00:00
16_triple_2d_ii,1.0,3000,db_join,gpu,5,2,started,,27000000000,,,,b6c0879,2.9.1+cu128,1.35.2,NVIDIA GeForce RTX 3090,torch_threads=10;polars_threads=20;cuda=True,2026-07-14T18:53:29+00:00
16_triple_2d_ii,1.0,3000,db_join,gpu,5,2,ok,303,27000000000,24.473,21.804;24.473;26.435;27.266;18.816,engine=gpu,b6c0879,2.9.1+cu128,1.35.2,NVIDIA GeForce RTX 3090,torch_threads=10;polars_threads=20;cuda=True,2026-07-14T18:53:29+00:00
16_triple_2d_ii,1.0,10000,db_join,gpu,5,2,started,,1000000000000,,,,b6c0879,2.9.1+cu128,1.35.2,NVIDIA GeForce RTX 3090,torch_threads=10;polars_threads=20;cuda=True,2026-07-14T18:53:29+00:00
16_triple_2d_ii,1.0,10000,db_join,gpu,5,2,ok,967,1000000000000,80.522,82.270;82.880;80.522;73.778;58.405,engine=gpu,b6c0879,2.9.1+cu128,1.35.2,NVIDIA GeForce RTX 3090,torch_threads=10;polars_threads=20;cuda=True,2026-07-14T18:53:29+00:00
16_triple_2d_ii,1.0,30000,db_join,gpu,5,2,started,,27000000000000,,,,b6c0879,2.9.1+cu128,1.35.2,NVIDIA GeForce RTX 3090,torch_threads=10;polars_threads=20;cuda=True,2026-07-14T18:53:29+00:00
16_triple_2d_ii,1.0,30000,db_join,gpu,5,2,ok,2918,27000000000000,268.631,295.198;268.631;206.509;293.575;144.357,engine=gpu,b6c0879,2.9.1+cu128,1.35.2,NVIDIA GeForce RTX 3090,torch_threads=10;polars_threads=20;cuda=True,2026-07-14T18:53:31+00:00
16_triple_2d_ii,1.0,100000,db_join,gpu,5,2,skipped_guard,,1000000000000000,,,1.0e+15 candidates > 1e+14 (host-RAM kill risk),b6c0879,2.9.1+cu128,1.35.2,NVIDIA GeForce RTX 3090,torch_threads=10;polars_threads=20;cuda=True,2026-07-14T18:53:31+00:00
04_pointwise_2d_pp,0.5,100,db_join,gpu,5,2,started,,10000,,,,b6c0879,2.9.1+cu128,1.35.2,NVIDIA GeForce RTX 3090,torch_threads=10;polars_threads=20;cuda=True,2026-07-14T18:53:34+00:00
04_pointwise_2d_pp,0.5,100,db_join,gpu,5,2,ok,55,10000,1.946,2.129;2.058;1.937;1.946;1.936,engine=gpu,b6c0879,2.9.1+cu128,1.35.2,NVIDIA GeForce RTX 3090,torch_threads=10;polars_threads=20;cuda=True,2026-07-14T18:53:34+00:00
04_pointwise_2d_pp,0.5,300,db_join,gpu,5,2,started,,90000,,,,b6c0879,2.9.1+cu128,1.35.2,NVIDIA GeForce RTX 3090,torch_threads=10;polars_threads=20;cuda=True,2026-07-14T18:53:34+00:00
04_pointwise_2d_pp,0.5,300,db_join,gpu,5,2,ok,176,90000,1.823,1.755;1.855;1.823;1.819;1.831,engine=gpu,b6c0879,2.9.1+cu128,1.35.2,NVIDIA GeForce RTX 3090,torch_threads=10;polars_threads=20;cuda=True,2026-07-14T18:53:34+00:00
04_pointwise_2d_pp,0.5,1000,db_join,gpu,5,2,started,,1000000,,,,b6c0879,2.9.1+cu128,1.35.2,NVIDIA GeForce RTX 3090,torch_threads=10;polars_threads=20;cuda=True,2026-07-14T18:53:34+00:00
04_pointwise_2d_pp,0.5,1000,db_join,gpu,5,2,ok,618,1000000,1.838,1.816;1.839;1.861;1.838;1.838,engine=gpu,b6c0879,2.9.1+cu128,1.35.2,NVIDIA GeForce RTX 3090,torch_threads=10;polars_threads=20;cuda=True,2026-07-14T18:53:34+00:00
04_pointwise_2d_pp,0.5,3000,db_join,gpu,5,2,started,,9000000,,,,b6c0879,2.9.1+cu128,1.35.2,NVIDIA GeForce RTX 3090,torch_threads=10;polars_threads=20;cuda=True,2026-07-14T18:53:34+00:00
04_pointwise_2d_pp,0.5,3000,db_join,gpu,5,2,ok,1840,9000000,1.848,1.845;1.849;1.848;1.851;1.842,engine=gpu,b6c0879,2.9.1+cu128,1.35.2,NVIDIA GeForce RTX 3090,torch_threads=10;polars_threads=20;cuda=True,2026-07-14T18:53:34+00:00
04_pointwise_2d_pp,0.5,10000,db_join,gpu,5,2,started,,100000000,,,,b6c0879,2.9.1+cu128,1.35.2,NVIDIA GeForce RTX 3090,torch_threads=10;polars_threads=20;cuda=True,2026-07-14T18:53:34+00:00
04_pointwise_2d_pp,0.5,10000,db_join,gpu,5,2,ok,6144,100000000,1.883,1.882;1.891;1.943;1.871;1.883,engine=gpu,b6c0879,2.9.1+cu128,1.35.2,NVIDIA GeForce RTX 3090,torch_threads=10;polars_threads=20;cuda=True,2026-07-14T18:53:34+00:00
04_pointwise_2d_pp,0.5,30000,db_join,gpu,5,2,started,,900000000,,,,b6c0879,2.9.1+cu128,1.35.2,NVIDIA GeForce RTX 3090,torch_threads=10;polars_threads=20;cuda=True,2026-07-14T18:53:34+00:00
04_pointwise_2d_pp,0.5,30000,db_join,gpu,5,2,ok,18316,900000000,1.969,1.953;1.973;1.982;1.965;1.969,engine=gpu,b6c0879,2.9.1+cu128,1.35.2,NVIDIA GeForce RTX 3090,torch_threads=10;polars_threads=20;cuda=True,2026-07-14T18:53:34+00:00
04_pointwise_2d_pp,0.5,100000,db_join,gpu,5,2,started,,10000000000,,,,b6c0879,2.9.1+cu128,1.35.2,NVIDIA GeForce RTX 3090,torch_threads=10;polars_threads=20;cuda=True,2026-07-14T18:53:34+00:00
04_pointwise_2d_pp,0.5,100000,db_join,gpu,5,2,ok,61328,10000000000,2.364,2.364;2.639;2.762;2.319;2.326,engine=gpu,b6c0879,2.9.1+cu128,1.35.2,NVIDIA GeForce RTX 3090,torch_threads=10;polars_threads=20;cuda=True,2026-07-14T18:53:34+00:00
04_pointwise_2d_pp,0.5,300000,db_join,gpu,5,2,started,,90000000000,,,,b6c0879,2.9.1+cu128,1.35.2,NVIDIA GeForce RTX 3090,torch_threads=10;polars_threads=20;cuda=True,2026-07-14T18:53:34+00:00
04_pointwise_2d_pp,0.5,300000,db_join,gpu,5,2,ok,184157,90000000000,3.885,4.645;3.979;3.883;3.884;3.885,engine=gpu,b6c0879,2.9.1+cu128,1.35.2,NVIDIA GeForce RTX 3090,torch_threads=10;polars_threads=20;cuda=True,2026-07-14T18:53:34+00:00
04_pointwise_2d_pp,0.5,1000000,db_join,gpu,5,2,started,,1000000000000,,,,b6c0879,2.9.1+cu128,1.35.2,NVIDIA GeForce RTX 3090,torch_threads=10;polars_threads=20;cuda=True,2026-07-14T18:53:34+00:00
04_pointwise_2d_pp,0.5,1000000,db_join,gpu,5,2,ok,613872,1000000000000,11.855,11.858;11.805;11.894;11.855;11.835,engine=gpu,b6c0879,2.9.1+cu128,1.35.2,NVIDIA GeForce RTX 3090,torch_threads=10;polars_threads=20;cuda=True,2026-07-14T18:53:34+00:00
05_pointwise_2d_ii,0.5,100,db_join,gpu,5,2,started,,10000,,,,b6c0879,2.9.1+cu128,1.35.2,NVIDIA GeForce RTX 3090,torch_threads=10;polars_threads=20;cuda=True,2026-07-14T18:53:34+00:00
05_pointwise_2d_ii,0.5,100,db_join,gpu,5,2,ok,19,10000,3.015,3.061;3.015;2.985;3.033;2.995,engine=gpu,b6c0879,2.9.1+cu128,1.35.2,NVIDIA GeForce RTX 3090,torch_threads=10;polars_threads=20;cuda=True,2026-07-14T18:53:34+00:00
05_pointwise_2d_ii,0.5,300,db_join,gpu,5,2,started,,90000,,,,b6c0879,2.9.1+cu128,1.35.2,NVIDIA GeForce RTX 3090,torch_threads=10;polars_threads=20;cuda=True,2026-07-14T18:53:34+00:00
05_pointwise_2d_ii,0.5,300,db_join,gpu,5,2,ok,80,90000,3.950,4.003;3.704;3.971;3.950;3.681,engine=gpu,b6c0879,2.9.1+cu128,1.35.2,NVIDIA GeForce RTX 3090,torch_threads=10;polars_threads=20;cuda=True,2026-07-14T18:53:34+00:00
05_pointwise_2d_ii,0.5,1000,db_join,gpu,5,2,started,,1000000,,,,b6c0879,2.9.1+cu128,1.35.2,NVIDIA GeForce RTX 3090,torch_threads=10;polars_threads=20;cuda=True,2026-07-14T18:53:34+00:00
05_pointwise_2d_ii,0.5,1000,db_join,gpu,5,2,ok,287,1000000,7.054,6.560;7.214;5.908;7.054;7.331,engine=gpu,b6c0879,2.9.1+cu128,1.35.2,NVIDIA GeForce RTX 3090,torch_threads=10;polars_threads=20;cuda=True,2026-07-14T18:53:34+00:00
05_pointwise_2d_ii,0.5,3000,db_join,gpu,5,2,started,,9000000,,,,b6c0879,2.9.1+cu128,1.35.2,NVIDIA GeForce RTX 3090,torch_threads=10;polars_threads=20;cuda=True,2026-07-14T18:53:34+00:00
05_pointwise_2d_ii,0.5,3000,db_join,gpu,5,2,ok,813,9000000,16.992,17.892;16.960;12.555;17.841;16.992,engine=gpu,b6c0879,2.9.1+cu128,1.35.2,NVIDIA GeForce RTX 3090,torch_threads=10;polars_threads=20;cuda=True,2026-07-14T18:53:34+00:00
05_pointwise_2d_ii,0.5,10000,db_join,gpu,5,2,started,,100000000,,,,b6c0879,2.9.1+cu128,1.35.2,NVIDIA GeForce RTX 3090,torch_threads=10;polars_threads=20;cuda=True,2026-07-14T18:53:34+00:00
05_pointwise_2d_ii,0.5,10000,db_join,gpu,5,2,ok,2722,100000000,54.946,54.946;35.265;35.446;55.465;56.819,engine=gpu,b6c0879,2.9.1+cu128,1.35.2,NVIDIA GeForce RTX 3090,torch_threads=10;polars_threads=20;cuda=True,2026-07-14T18:53:35+00:00
05_pointwise_2d_ii,0.5,30000,db_join,gpu,5,2,started,,900000000,,,,b6c0879,2.9.1+cu128,1.35.2,NVIDIA GeForce RTX 3090,torch_threads=10;polars_threads=20;cuda=True,2026-07-14T18:53:35+00:00
05_pointwise_2d_ii,0.5,30000,db_join,gpu,5,2,ok,8119,900000000,220.270,105.732;220.270;220.729;106.256;231.178,engine=gpu,b6c0879,2.9.1+cu128,1.35.2,NVIDIA GeForce RTX 3090,torch_threads=10;polars_threads=20;cuda=True,2026-07-14T18:53:36+00:00
05_pointwise_2d_ii,0.5,100000,db_join,gpu,5,2,started,,10000000000,,,,b6c0879,2.9.1+cu128,1.35.2,NVIDIA GeForce RTX 3090,torch_threads=10;polars_threads=20;cuda=True,2026-07-14T18:53:36+00:00
05_pointwise_2d_ii,0.5,100000,db_join,gpu,5,2,error,27286,10000000000,,,engine=gpu; OverflowError: CUDF failure at: /tmp/pip-build-env-b26mfdya/normal/lib/python3.10/site-packages/libcudf/include/cudf/column/column.hpp:78: The device_uvector size exceeds the column size limit,b6c0879,2.9.1+cu128,1.35.2,NVIDIA GeForce RTX 3090,torch_threads=10;polars_threads=20;cuda=True,2026-07-14T18:53:39+00:00
05_pointwise_2d_ii,0.5,300000,db_join,gpu,5,2,skipped_prior_fail,,90000000000,,,,b6c0879,2.9.1+cu128,1.35.2,NVIDIA GeForce RTX 3090,torch_threads=10;polars_threads=20;cuda=True,2026-07-14T18:53:39+00:00
05_pointwise_2d_ii,0.5,1000000,db_join,gpu,5,2,skipped_prior_fail,,1000000000000,,,,b6c0879,2.9.1+cu128,1.35.2,NVIDIA GeForce RTX 3090,torch_threads=10;polars_threads=20;cuda=True,2026-07-14T18:53:39+00:00
20_pointwise_2d_ppii,0.5,100,db_join,gpu,5,2,started,,10000,,,,b6c0879,2.9.1+cu128,1.35.2,NVIDIA GeForce RTX 3090,torch_threads=10;polars_threads=20;cuda=True,2026-07-14T18:53:39+00:00
20_pointwise_2d_ppii,0.5,100,db_join,gpu,5,2,ok,15,10000,2.943,3.568;3.267;2.873;2.943;2.939,engine=gpu,b6c0879,2.9.1+cu128,1.35.2,NVIDIA GeForce RTX 3090,torch_threads=10;polars_threads=20;cuda=True,2026-07-14T18:53:40+00:00
20_pointwise_2d_ppii,0.5,300,db_join,gpu,5,2,started,,90000,,,,b6c0879,2.9.1+cu128,1.35.2,NVIDIA GeForce RTX 3090,torch_threads=10;polars_threads=20;cuda=True,2026-07-14T18:53:40+00:00
20_pointwise_2d_ppii,0.5,300,db_join,gpu,5,2,ok,46,90000,3.807,3.523;3.807;3.835;3.546;3.855,engine=gpu,b6c0879,2.9.1+cu128,1.35.2,NVIDIA GeForce RTX 3090,torch_threads=10;polars_threads=20;cuda=True,2026-07-14T18:53:40+00:00
20_pointwise_2d_ppii,0.5,1000,db_join,gpu,5,2,started,,1000000,,,,b6c0879,2.9.1+cu128,1.35.2,NVIDIA GeForce RTX 3090,torch_threads=10;polars_threads=20;cuda=True,2026-07-14T18:53:40+00:00
20_pointwise_2d_ppii,0.5,1000,db_join,gpu,5,2,ok,164,1000000,7.035,7.035;7.194;5.729;7.153;6.780,engine=gpu,b6c0879,2.9.1+cu128,1.35.2,NVIDIA GeForce RTX 3090,torch_threads=10;polars_threads=20;cuda=True,2026-07-14T18:53:40+00:00
20_pointwise_2d_ppii,0.5,3000,db_join,gpu,5,2,started,,9000000,,,,b6c0879,2.9.1+cu128,1.35.2,NVIDIA GeForce RTX 3090,torch_threads=10;polars_threads=20;cuda=True,2026-07-14T18:53:40+00:00
20_pointwise_2d_ppii,0.5,3000,db_join,gpu,5,2,ok,475,9000000,17.428,17.428;18.128;16.676;17.437;17.376,engine=gpu,b6c0879,2.9.1+cu128,1.35.2,NVIDIA GeForce RTX 3090,torch_threads=10;polars_threads=20;cuda=True,2026-07-14T18:53:40+00:00
20_pointwise_2d_ppii,0.5,10000,db_join,gpu,5,2,started,,100000000,,,,b6c0879,2.9.1+cu128,1.35.2,NVIDIA GeForce RTX 3090,torch_threads=10;polars_threads=20;cuda=True,2026-07-14T18:53:40+00:00
20_pointwise_2d_ppii,0.5,10000,db_join,gpu,5,2,ok,1531,100000000,58.891,59.009;55.476;59.382;55.054;58.891,engine=gpu,b6c0879,2.9.1+cu128,1.35.2,NVIDIA GeForce RTX 3090,torch_threads=10;polars_threads=20;cuda=True,2026-07-14T18:53:40+00:00
20_pointwise_2d_ppii,0.5,30000,db_join,gpu,5,2,started,,900000000,,,,b6c0879,2.9.1+cu128,1.35.2,NVIDIA GeForce RTX 3090,torch_threads=10;polars_threads=20;cuda=True,2026-07-14T18:53:40+00:00
20_pointwise_2d_ppii,0.5,30000,db_join,gpu,5,2,ok,4565,900000000,193.688,193.688;104.341;103.428;219.399;212.502,engine=gpu,b6c0879,2.9.1+cu128,1.35.2,NVIDIA GeForce RTX 3090,torch_threads=10;polars_threads=20;cuda=True,2026-07-14T18:53:41+00:00
20_pointwise_2d_ppii,0.5,100000,db_join,gpu,5,2,started,,10000000000,,,,b6c0879,2.9.1+cu128,1.35.2,NVIDIA GeForce RTX 3090,torch_threads=10;polars_threads=20;cuda=True,2026-07-14T18:53:41+00:00
20_pointwise_2d_ppii,0.5,100000,db_join,gpu,5,2,error,15389,10000000000,,,engine=gpu; OverflowError: CUDF failure at: /tmp/pip-build-env-b26mfdya/normal/lib/python3.10/site-packages/libcudf/include/cudf/column/column.hpp:78: The device_uvector size exceeds the column size limit,b6c0879,2.9.1+cu128,1.35.2,NVIDIA GeForce RTX 3090,torch_threads=10;polars_threads=20;cuda=True,2026-07-14T18:53:42+00:00
20_pointwise_2d_ppii,0.5,300000,db_join,gpu,5,2,skipped_prior_fail,,90000000000,,,,b6c0879,2.9.1+cu128,1.35.2,NVIDIA GeForce RTX 3090,torch_threads=10;polars_threads=20;cuda=True,2026-07-14T18:53:44+00:00
20_pointwise_2d_ppii,0.5,1000000,db_join,gpu,5,2,skipped_prior_fail,,1000000000000,,,,b6c0879,2.9.1+cu128,1.35.2,NVIDIA GeForce RTX 3090,torch_threads=10;polars_threads=20;cuda=True,2026-07-14T18:53:44+00:00
05_pointwise_2d_ii,0.5,300000,db_join,gpu,5,2,started,,90000000000,,,,b6c0879,2.9.1+cu128,1.35.2,NVIDIA GeForce RTX 3090,torch_threads=10;polars_threads=20;cuda=True,2026-07-14T18:53:47+00:00
05_pointwise_2d_ii,0.5,300000,db_join,gpu,5,2,killed,,90000000000,,,left in 'started' state by a previous run,b6c0879,2.9.1+cu128,1.35.2,NVIDIA GeForce RTX 3090,torch_threads=10;polars_threads=20;cuda=True,2026-07-14T18:55:58+00:00
20_pointwise_2d_ppii,0.5,300000,db_join,gpu,5,2,started,,90000000000,,,,b6c0879,2.9.1+cu128,1.35.2,NVIDIA GeForce RTX 3090,torch_threads=10;polars_threads=20;cuda=True,2026-07-14T18:55:58+00:00
