device_mode,case,equation,n,skew,impl,repeats,warmup,status,out_nnz,max_rel_diff,time_ms_median,time_ms_all,note,git_rev,torch_version,polars_version,device_name,thread_info,timestamp
gpu,pointwise_1d_ii,"i,i->i",100,0.5,ceinsum,5,2,started,,,,,,b6c0879,2.9.1+cu128,1.35.2,NVIDIA GeForce RTX 3090,torch_threads=10;polars_threads=20;cuda=True,2026-07-14T17:30:34+00:00
gpu,pointwise_1d_ii,"i,i->i",100,0.5,ceinsum,5,2,ok,50,0.00e+00,0.658,0.675;0.682;0.657;0.658;0.655,,b6c0879,2.9.1+cu128,1.35.2,NVIDIA GeForce RTX 3090,torch_threads=10;polars_threads=20;cuda=True,2026-07-14T17:30:35+00:00
gpu,pointwise_1d_ii,"i,i->i",300,0.5,ceinsum,5,2,started,,,,,,b6c0879,2.9.1+cu128,1.35.2,NVIDIA GeForce RTX 3090,torch_threads=10;polars_threads=20;cuda=True,2026-07-14T17:30:35+00:00
gpu,pointwise_1d_ii,"i,i->i",300,0.5,ceinsum,5,2,ok,132,0.00e+00,0.672,0.675;0.672;0.667;0.668;0.674,,b6c0879,2.9.1+cu128,1.35.2,NVIDIA GeForce RTX 3090,torch_threads=10;polars_threads=20;cuda=True,2026-07-14T17:30:35+00:00
gpu,pointwise_1d_ii,"i,i->i",1000,0.5,ceinsum,5,2,started,,,,,,b6c0879,2.9.1+cu128,1.35.2,NVIDIA GeForce RTX 3090,torch_threads=10;polars_threads=20;cuda=True,2026-07-14T17:30:35+00:00
gpu,pointwise_1d_ii,"i,i->i",1000,0.5,ceinsum,5,2,ok,450,,0.673,0.681;0.673;0.683;0.664;0.663,,b6c0879,2.9.1+cu128,1.35.2,NVIDIA GeForce RTX 3090,torch_threads=10;polars_threads=20;cuda=True,2026-07-14T17:30:35+00:00
gpu,pointwise_1d_ii,"i,i->i",3000,0.5,ceinsum,5,2,started,,,,,,b6c0879,2.9.1+cu128,1.35.2,NVIDIA GeForce RTX 3090,torch_threads=10;polars_threads=20;cuda=True,2026-07-14T17:30:35+00:00
gpu,pointwise_1d_ii,"i,i->i",3000,0.5,ceinsum,5,2,ok,1354,,0.670,0.670;0.670;0.678;0.670;0.673,,b6c0879,2.9.1+cu128,1.35.2,NVIDIA GeForce RTX 3090,torch_threads=10;polars_threads=20;cuda=True,2026-07-14T17:30:35+00:00
gpu,pointwise_1d_ii,"i,i->i",10000,0.5,ceinsum,5,2,started,,,,,,b6c0879,2.9.1+cu128,1.35.2,NVIDIA GeForce RTX 3090,torch_threads=10;polars_threads=20;cuda=True,2026-07-14T17:30:35+00:00
gpu,pointwise_1d_ii,"i,i->i",10000,0.5,ceinsum,5,2,ok,4566,,0.679,0.682;0.677;0.678;0.684;0.679,,b6c0879,2.9.1+cu128,1.35.2,NVIDIA GeForce RTX 3090,torch_threads=10;polars_threads=20;cuda=True,2026-07-14T17:30:35+00:00
gpu,pointwise_1d_ii,"i,i->i",30000,0.5,ceinsum,5,2,started,,,,,,b6c0879,2.9.1+cu128,1.35.2,NVIDIA GeForce RTX 3090,torch_threads=10;polars_threads=20;cuda=True,2026-07-14T17:30:35+00:00
gpu,pointwise_1d_ii,"i,i->i",30000,0.5,ceinsum,5,2,ok,13654,,0.766,0.765;0.775;0.766;0.766;0.771,,b6c0879,2.9.1+cu128,1.35.2,NVIDIA GeForce RTX 3090,torch_threads=10;polars_threads=20;cuda=True,2026-07-14T17:30:35+00:00
gpu,pointwise_1d_ii,"i,i->i",100000,0.5,ceinsum,5,2,started,,,,,,b6c0879,2.9.1+cu128,1.35.2,NVIDIA GeForce RTX 3090,torch_threads=10;polars_threads=20;cuda=True,2026-07-14T17:30:35+00:00
gpu,pointwise_1d_ii,"i,i->i",100000,0.5,ceinsum,5,2,ok,46002,,0.907,0.921;0.907;0.905;0.906;0.915,,b6c0879,2.9.1+cu128,1.35.2,NVIDIA GeForce RTX 3090,torch_threads=10;polars_threads=20;cuda=True,2026-07-14T17:30:35+00:00
gpu,pointwise_1d_ii,"i,i->i",25,0.5,table_ceinsum,5,2,started,,,,,,b6c0879,2.9.1+cu128,1.35.2,NVIDIA GeForce RTX 3090,torch_threads=10;polars_threads=20;cuda=True,2026-07-14T17:30:35+00:00
gpu,pointwise_1d_ii,"i,i->i",25,0.5,table_ceinsum,5,2,ok,99,,0.444,0.446;0.444;0.439;0.446;0.440,,b6c0879,2.9.1+cu128,1.35.2,NVIDIA GeForce RTX 3090,torch_threads=10;polars_threads=20;cuda=True,2026-07-14T17:30:35+00:00
gpu,pointwise_1d_ii,"i,i->i",50,0.5,table_ceinsum,5,2,started,,,,,,b6c0879,2.9.1+cu128,1.35.2,NVIDIA GeForce RTX 3090,torch_threads=10;polars_threads=20;cuda=True,2026-07-14T17:30:35+00:00
gpu,pointwise_1d_ii,"i,i->i",50,0.5,table_ceinsum,5,2,ok,199,,0.437,0.444;0.437;0.435;0.445;0.434,,b6c0879,2.9.1+cu128,1.35.2,NVIDIA GeForce RTX 3090,torch_threads=10;polars_threads=20;cuda=True,2026-07-14T17:30:35+00:00
gpu,pointwise_1d_ii,"i,i->i",100,0.5,table_ceinsum,5,2,started,,,,,,b6c0879,2.9.1+cu128,1.35.2,NVIDIA GeForce RTX 3090,torch_threads=10;polars_threads=20;cuda=True,2026-07-14T17:30:35+00:00
gpu,pointwise_1d_ii,"i,i->i",100,0.5,table_ceinsum,5,2,ok,399,,0.692,0.688;0.692;0.692;0.826;0.692,,b6c0879,2.9.1+cu128,1.35.2,NVIDIA GeForce RTX 3090,torch_threads=10;polars_threads=20;cuda=True,2026-07-14T17:30:35+00:00
gpu,pointwise_1d_ii,"i,i->i",200,0.5,table_ceinsum,5,2,started,,,,,,b6c0879,2.9.1+cu128,1.35.2,NVIDIA GeForce RTX 3090,torch_threads=10;polars_threads=20;cuda=True,2026-07-14T17:30:35+00:00
gpu,pointwise_1d_ii,"i,i->i",200,0.5,table_ceinsum,5,2,ok,799,,5.837,5.835;5.838;5.836;5.837;5.839,,b6c0879,2.9.1+cu128,1.35.2,NVIDIA GeForce RTX 3090,torch_threads=10;polars_threads=20;cuda=True,2026-07-14T17:30:35+00:00
gpu,pointwise_1d_ii,"i,i->i",400,0.5,table_ceinsum,5,2,skipped_guard,,,,,predicted table 2.6e+08 elems (1599×400×400) > 2e+08,b6c0879,2.9.1+cu128,1.35.2,NVIDIA GeForce RTX 3090,torch_threads=10;polars_threads=20;cuda=True,2026-07-14T17:30:35+00:00
gpu,pointwise_1d_ii,"i,i->i",800,0.5,table_ceinsum,5,2,skipped_prior_fail,,,,,,b6c0879,2.9.1+cu128,1.35.2,NVIDIA GeForce RTX 3090,torch_threads=10;polars_threads=20;cuda=True,2026-07-14T17:30:35+00:00
gpu,pointwise_2d_ii,"ij,ij->ij",100,0.5,ceinsum,5,2,started,,,,,,b6c0879,2.9.1+cu128,1.35.2,NVIDIA GeForce RTX 3090,torch_threads=10;polars_threads=20;cuda=True,2026-07-14T17:30:35+00:00
gpu,pointwise_2d_ii,"ij,ij->ij",100,0.5,ceinsum,5,2,ok,19,0.00e+00,0.856,0.856;0.856;0.857;0.862;0.856,,b6c0879,2.9.1+cu128,1.35.2,NVIDIA GeForce RTX 3090,torch_threads=10;polars_threads=20;cuda=True,2026-07-14T17:30:35+00:00
gpu,pointwise_2d_ii,"ij,ij->ij",300,0.5,ceinsum,5,2,started,,,,,,b6c0879,2.9.1+cu128,1.35.2,NVIDIA GeForce RTX 3090,torch_threads=10;polars_threads=20;cuda=True,2026-07-14T17:30:35+00:00
gpu,pointwise_2d_ii,"ij,ij->ij",300,0.5,ceinsum,5,2,ok,80,0.00e+00,0.863,0.869;0.863;0.862;0.860;0.883,,b6c0879,2.9.1+cu128,1.35.2,NVIDIA GeForce RTX 3090,torch_threads=10;polars_threads=20;cuda=True,2026-07-14T17:30:35+00:00
gpu,pointwise_2d_ii,"ij,ij->ij",1000,0.5,ceinsum,5,2,started,,,,,,b6c0879,2.9.1+cu128,1.35.2,NVIDIA GeForce RTX 3090,torch_threads=10;polars_threads=20;cuda=True,2026-07-14T17:30:35+00:00
gpu,pointwise_2d_ii,"ij,ij->ij",1000,0.5,ceinsum,5,2,ok,287,,0.876,0.876;0.873;0.875;0.883;0.877,,b6c0879,2.9.1+cu128,1.35.2,NVIDIA GeForce RTX 3090,torch_threads=10;polars_threads=20;cuda=True,2026-07-14T17:30:35+00:00
gpu,pointwise_2d_ii,"ij,ij->ij",3000,0.5,ceinsum,5,2,started,,,,,,b6c0879,2.9.1+cu128,1.35.2,NVIDIA GeForce RTX 3090,torch_threads=10;polars_threads=20;cuda=True,2026-07-14T17:30:35+00:00
gpu,pointwise_2d_ii,"ij,ij->ij",3000,0.5,ceinsum,5,2,ok,813,,0.972,0.952;1.127;1.009;0.972;0.970,,b6c0879,2.9.1+cu128,1.35.2,NVIDIA GeForce RTX 3090,torch_threads=10;polars_threads=20;cuda=True,2026-07-14T17:30:35+00:00
gpu,pointwise_2d_ii,"ij,ij->ij",10000,0.5,ceinsum,5,2,started,,,,,,b6c0879,2.9.1+cu128,1.35.2,NVIDIA GeForce RTX 3090,torch_threads=10;polars_threads=20;cuda=True,2026-07-14T17:30:35+00:00
gpu,pointwise_2d_ii,"ij,ij->ij",10000,0.5,ceinsum,5,2,ok,2722,,1.144,1.135;1.153;1.144;1.159;1.140,,b6c0879,2.9.1+cu128,1.35.2,NVIDIA GeForce RTX 3090,torch_threads=10;polars_threads=20;cuda=True,2026-07-14T17:30:35+00:00
gpu,pointwise_2d_ii,"ij,ij->ij",30000,0.5,ceinsum,5,2,started,,,,,,b6c0879,2.9.1+cu128,1.35.2,NVIDIA GeForce RTX 3090,torch_threads=10;polars_threads=20;cuda=True,2026-07-14T17:30:35+00:00
gpu,pointwise_2d_ii,"ij,ij->ij",30000,0.5,ceinsum,5,2,ok,8119,,3.078,3.065;3.078;3.066;3.085;3.079,,b6c0879,2.9.1+cu128,1.35.2,NVIDIA GeForce RTX 3090,torch_threads=10;polars_threads=20;cuda=True,2026-07-14T17:30:35+00:00
gpu,pointwise_2d_ii,"ij,ij->ij",100000,0.5,ceinsum,5,2,started,,,,,,b6c0879,2.9.1+cu128,1.35.2,NVIDIA GeForce RTX 3090,torch_threads=10;polars_threads=20;cuda=True,2026-07-14T17:30:35+00:00
gpu,pointwise_2d_ii,"ij,ij->ij",100000,0.5,ceinsum,5,2,ok,27286,,16.641,16.687;16.641;16.646;16.637;16.626,,b6c0879,2.9.1+cu128,1.35.2,NVIDIA GeForce RTX 3090,torch_threads=10;polars_threads=20;cuda=True,2026-07-14T17:30:35+00:00
gpu,pointwise_2d_ii,"ij,ij->ij",25,0.5,table_ceinsum,5,2,started,,,,,,b6c0879,2.9.1+cu128,1.35.2,NVIDIA GeForce RTX 3090,torch_threads=10;polars_threads=20;cuda=True,2026-07-14T17:30:35+00:00
gpu,pointwise_2d_ii,"ij,ij->ij",25,0.5,table_ceinsum,5,2,ok,9801,,0.986,1.288;0.988;0.983;0.986;0.984,,b6c0879,2.9.1+cu128,1.35.2,NVIDIA GeForce RTX 3090,torch_threads=10;polars_threads=20;cuda=True,2026-07-14T17:30:35+00:00
gpu,pointwise_2d_ii,"ij,ij->ij",50,0.5,table_ceinsum,5,2,started,,,,,,b6c0879,2.9.1+cu128,1.35.2,NVIDIA GeForce RTX 3090,torch_threads=10;polars_threads=20;cuda=True,2026-07-14T17:30:35+00:00
gpu,pointwise_2d_ii,"ij,ij->ij",50,0.5,table_ceinsum,5,2,ok,39601,,7.779,7.781;7.781;7.763;7.779;7.779,,b6c0879,2.9.1+cu128,1.35.2,NVIDIA GeForce RTX 3090,torch_threads=10;polars_threads=20;cuda=True,2026-07-14T17:30:35+00:00
gpu,pointwise_2d_ii,"ij,ij->ij",100,0.5,table_ceinsum,5,2,skipped_guard,,,,,predicted table 1.6e+09 elems (399×399×100×100) > 2e+08,b6c0879,2.9.1+cu128,1.35.2,NVIDIA GeForce RTX 3090,torch_threads=10;polars_threads=20;cuda=True,2026-07-14T17:30:35+00:00
gpu,pointwise_2d_ii,"ij,ij->ij",200,0.5,table_ceinsum,5,2,skipped_prior_fail,,,,,,b6c0879,2.9.1+cu128,1.35.2,NVIDIA GeForce RTX 3090,torch_threads=10;polars_threads=20;cuda=True,2026-07-14T17:30:35+00:00
gpu,pointwise_2d_ii,"ij,ij->ij",400,0.5,table_ceinsum,5,2,skipped_prior_fail,,,,,,b6c0879,2.9.1+cu128,1.35.2,NVIDIA GeForce RTX 3090,torch_threads=10;polars_threads=20;cuda=True,2026-07-14T17:30:35+00:00
gpu,pointwise_2d_ii,"ij,ij->ij",800,0.5,table_ceinsum,5,2,skipped_prior_fail,,,,,,b6c0879,2.9.1+cu128,1.35.2,NVIDIA GeForce RTX 3090,torch_threads=10;polars_threads=20;cuda=True,2026-07-14T17:30:35+00:00
gpu,diagonal_ii_i,"ii,i->i",100,0.5,ceinsum,5,2,started,,,,,,b6c0879,2.9.1+cu128,1.35.2,NVIDIA GeForce RTX 3090,torch_threads=10;polars_threads=20;cuda=True,2026-07-14T17:30:35+00:00
gpu,diagonal_ii_i,"ii,i->i",100,0.5,ceinsum,5,2,ok,5,0.00e+00,0.896,0.895;0.896;0.896;0.900;0.899,,b6c0879,2.9.1+cu128,1.35.2,NVIDIA GeForce RTX 3090,torch_threads=10;polars_threads=20;cuda=True,2026-07-14T17:30:35+00:00
gpu,diagonal_ii_i,"ii,i->i",300,0.5,ceinsum,5,2,started,,,,,,b6c0879,2.9.1+cu128,1.35.2,NVIDIA GeForce RTX 3090,torch_threads=10;polars_threads=20;cuda=True,2026-07-14T17:30:35+00:00
gpu,diagonal_ii_i,"ii,i->i",300,0.5,ceinsum,5,2,ok,38,0.00e+00,0.900,0.900;0.904;0.901;0.899;0.897,,b6c0879,2.9.1+cu128,1.35.2,NVIDIA GeForce RTX 3090,torch_threads=10;polars_threads=20;cuda=True,2026-07-14T17:30:35+00:00
gpu,diagonal_ii_i,"ii,i->i",1000,0.5,ceinsum,5,2,started,,,,,,b6c0879,2.9.1+cu128,1.35.2,NVIDIA GeForce RTX 3090,torch_threads=10;polars_threads=20;cuda=True,2026-07-14T17:30:35+00:00
gpu,diagonal_ii_i,"ii,i->i",1000,0.5,ceinsum,5,2,ok,101,,0.910,0.910;0.913;0.914;0.906;0.905,,b6c0879,2.9.1+cu128,1.35.2,NVIDIA GeForce RTX 3090,torch_threads=10;polars_threads=20;cuda=True,2026-07-14T17:30:35+00:00
gpu,diagonal_ii_i,"ii,i->i",3000,0.5,ceinsum,5,2,started,,,,,,b6c0879,2.9.1+cu128,1.35.2,NVIDIA GeForce RTX 3090,torch_threads=10;polars_threads=20;cuda=True,2026-07-14T17:30:35+00:00
gpu,diagonal_ii_i,"ii,i->i",3000,0.5,ceinsum,5,2,ok,311,,0.913,0.913;0.913;0.908;0.922;0.908,,b6c0879,2.9.1+cu128,1.35.2,NVIDIA GeForce RTX 3090,torch_threads=10;polars_threads=20;cuda=True,2026-07-14T17:30:35+00:00
gpu,diagonal_ii_i,"ii,i->i",10000,0.5,ceinsum,5,2,started,,,,,,b6c0879,2.9.1+cu128,1.35.2,NVIDIA GeForce RTX 3090,torch_threads=10;polars_threads=20;cuda=True,2026-07-14T17:30:35+00:00
gpu,diagonal_ii_i,"ii,i->i",10000,0.5,ceinsum,5,2,ok,1227,,0.915,0.914;0.915;0.926;0.921;0.912,,b6c0879,2.9.1+cu128,1.35.2,NVIDIA GeForce RTX 3090,torch_threads=10;polars_threads=20;cuda=True,2026-07-14T17:30:35+00:00
gpu,diagonal_ii_i,"ii,i->i",30000,0.5,ceinsum,5,2,started,,,,,,b6c0879,2.9.1+cu128,1.35.2,NVIDIA GeForce RTX 3090,torch_threads=10;polars_threads=20;cuda=True,2026-07-14T17:30:35+00:00
gpu,diagonal_ii_i,"ii,i->i",30000,0.5,ceinsum,5,2,ok,2594,,1.456,5.003;5.017;1.451;1.456;1.425,,b6c0879,2.9.1+cu128,1.35.2,NVIDIA GeForce RTX 3090,torch_threads=10;polars_threads=20;cuda=True,2026-07-14T17:30:35+00:00
gpu,diagonal_ii_i,"ii,i->i",100000,0.5,ceinsum,5,2,started,,,,,,b6c0879,2.9.1+cu128,1.35.2,NVIDIA GeForce RTX 3090,torch_threads=10;polars_threads=20;cuda=True,2026-07-14T17:30:35+00:00
gpu,diagonal_ii_i,"ii,i->i",100000,0.5,ceinsum,5,2,ok,10324,,4.607,4.617;4.603;4.608;4.600;4.607,,b6c0879,2.9.1+cu128,1.35.2,NVIDIA GeForce RTX 3090,torch_threads=10;polars_threads=20;cuda=True,2026-07-14T17:30:35+00:00
gpu,diagonal_ii_i,"ii,i->i",25,0.5,table_ceinsum,5,2,started,,,,,,b6c0879,2.9.1+cu128,1.35.2,NVIDIA GeForce RTX 3090,torch_threads=10;polars_threads=20;cuda=True,2026-07-14T17:30:35+00:00
gpu,diagonal_ii_i,"ii,i->i",25,0.5,table_ceinsum,5,2,ok,149,,0.563,0.563;0.560;0.562;0.565;0.563,,b6c0879,2.9.1+cu128,1.35.2,NVIDIA GeForce RTX 3090,torch_threads=10;polars_threads=20;cuda=True,2026-07-14T17:30:35+00:00
gpu,diagonal_ii_i,"ii,i->i",50,0.5,table_ceinsum,5,2,started,,,,,,b6c0879,2.9.1+cu128,1.35.2,NVIDIA GeForce RTX 3090,torch_threads=10;polars_threads=20;cuda=True,2026-07-14T17:30:35+00:00
gpu,diagonal_ii_i,"ii,i->i",50,0.5,table_ceinsum,5,2,ok,299,,0.559,0.562;0.555;0.559;0.560;0.554,,b6c0879,2.9.1+cu128,1.35.2,NVIDIA GeForce RTX 3090,torch_threads=10;polars_threads=20;cuda=True,2026-07-14T17:30:35+00:00
gpu,diagonal_ii_i,"ii,i->i",100,0.5,table_ceinsum,5,2,started,,,,,,b6c0879,2.9.1+cu128,1.35.2,NVIDIA GeForce RTX 3090,torch_threads=10;polars_threads=20;cuda=True,2026-07-14T17:30:35+00:00
gpu,diagonal_ii_i,"ii,i->i",100,0.5,table_ceinsum,5,2,ok,599,,0.991,0.991;0.991;0.991;0.990;0.975,,b6c0879,2.9.1+cu128,1.35.2,NVIDIA GeForce RTX 3090,torch_threads=10;polars_threads=20;cuda=True,2026-07-14T17:30:35+00:00
gpu,diagonal_ii_i,"ii,i->i",200,0.5,table_ceinsum,5,2,started,,,,,,b6c0879,2.9.1+cu128,1.35.2,NVIDIA GeForce RTX 3090,torch_threads=10;polars_threads=20;cuda=True,2026-07-14T17:30:35+00:00
gpu,diagonal_ii_i,"ii,i->i",200,0.5,table_ceinsum,5,2,ok,1199,,6.358,6.361;6.358;6.356;6.358;6.362,,b6c0879,2.9.1+cu128,1.35.2,NVIDIA GeForce RTX 3090,torch_threads=10;polars_threads=20;cuda=True,2026-07-14T17:30:35+00:00
gpu,diagonal_ii_i,"ii,i->i",400,0.5,table_ceinsum,5,2,skipped_guard,,,,,predicted table 3.8e+08 elems (2399×400×400) > 2e+08,b6c0879,2.9.1+cu128,1.35.2,NVIDIA GeForce RTX 3090,torch_threads=10;polars_threads=20;cuda=True,2026-07-14T17:30:35+00:00
gpu,diagonal_ii_i,"ii,i->i",800,0.5,table_ceinsum,5,2,skipped_prior_fail,,,,,,b6c0879,2.9.1+cu128,1.35.2,NVIDIA GeForce RTX 3090,torch_threads=10;polars_threads=20;cuda=True,2026-07-14T17:30:35+00:00
gpu,matvec_ii,"ik,k->i",100,0.5,ceinsum,5,2,started,,,,,,b6c0879,2.9.1+cu128,1.35.2,NVIDIA GeForce RTX 3090,torch_threads=10;polars_threads=20;cuda=True,2026-07-14T17:30:35+00:00
gpu,matvec_ii,"ik,k->i",100,0.5,ceinsum,5,2,ok,143,4.00e-07,1.431,1.420;1.531;1.436;1.431;1.421,,b6c0879,2.9.1+cu128,1.35.2,NVIDIA GeForce RTX 3090,torch_threads=10;polars_threads=20;cuda=True,2026-07-14T17:30:36+00:00
gpu,matvec_ii,"ik,k->i",300,0.5,ceinsum,5,2,started,,,,,,b6c0879,2.9.1+cu128,1.35.2,NVIDIA GeForce RTX 3090,torch_threads=10;polars_threads=20;cuda=True,2026-07-14T17:30:36+00:00
gpu,matvec_ii,"ik,k->i",300,0.5,ceinsum,5,2,ok,496,7.82e-07,1.462,1.465;1.465;1.458;1.462;1.442,,b6c0879,2.9.1+cu128,1.35.2,NVIDIA GeForce RTX 3090,torch_threads=10;polars_threads=20;cuda=True,2026-07-14T17:30:36+00:00
gpu,matvec_ii,"ik,k->i",1000,0.5,ceinsum,5,2,started,,,,,,b6c0879,2.9.1+cu128,1.35.2,NVIDIA GeForce RTX 3090,torch_threads=10;polars_threads=20;cuda=True,2026-07-14T17:30:36+00:00
gpu,matvec_ii,"ik,k->i",1000,0.5,ceinsum,5,2,ok,1833,,1.518,1.529;1.518;1.512;1.521;1.514,,b6c0879,2.9.1+cu128,1.35.2,NVIDIA GeForce RTX 3090,torch_threads=10;polars_threads=20;cuda=True,2026-07-14T17:30:36+00:00
gpu,matvec_ii,"ik,k->i",3000,0.5,ceinsum,5,2,started,,,,,,b6c0879,2.9.1+cu128,1.35.2,NVIDIA GeForce RTX 3090,torch_threads=10;polars_threads=20;cuda=True,2026-07-14T17:30:36+00:00
gpu,matvec_ii,"ik,k->i",3000,0.5,ceinsum,5,2,ok,5602,,1.706,1.706;1.702;1.708;1.696;1.730,,b6c0879,2.9.1+cu128,1.35.2,NVIDIA GeForce RTX 3090,torch_threads=10;polars_threads=20;cuda=True,2026-07-14T17:30:36+00:00
gpu,matvec_ii,"ik,k->i",10000,0.5,ceinsum,5,2,started,,,,,,b6c0879,2.9.1+cu128,1.35.2,NVIDIA GeForce RTX 3090,torch_threads=10;polars_threads=20;cuda=True,2026-07-14T17:30:36+00:00
gpu,matvec_ii,"ik,k->i",10000,0.5,ceinsum,5,2,ok,19353,,1.983,1.964;1.986;1.988;1.972;1.983,,b6c0879,2.9.1+cu128,1.35.2,NVIDIA GeForce RTX 3090,torch_threads=10;polars_threads=20;cuda=True,2026-07-14T17:30:36+00:00
gpu,matvec_ii,"ik,k->i",30000,0.5,ceinsum,5,2,started,,,,,,b6c0879,2.9.1+cu128,1.35.2,NVIDIA GeForce RTX 3090,torch_threads=10;polars_threads=20;cuda=True,2026-07-14T17:30:36+00:00
gpu,matvec_ii,"ik,k->i",30000,0.5,ceinsum,5,2,ok,58822,,3.710,3.724;3.701;3.722;3.701;3.710,,b6c0879,2.9.1+cu128,1.35.2,NVIDIA GeForce RTX 3090,torch_threads=10;polars_threads=20;cuda=True,2026-07-14T17:30:36+00:00
gpu,matvec_ii,"ik,k->i",100000,0.5,ceinsum,5,2,started,,,,,,b6c0879,2.9.1+cu128,1.35.2,NVIDIA GeForce RTX 3090,torch_threads=10;polars_threads=20;cuda=True,2026-07-14T17:30:36+00:00
gpu,matvec_ii,"ik,k->i",100000,0.5,ceinsum,5,2,ok,197256,,18.872,18.859;18.873;18.848;18.872;18.885,,b6c0879,2.9.1+cu128,1.35.2,NVIDIA GeForce RTX 3090,torch_threads=10;polars_threads=20;cuda=True,2026-07-14T17:30:36+00:00
gpu,matvec_ii,"ik,k->i",25,0.5,table_ceinsum,5,2,started,,,,,,b6c0879,2.9.1+cu128,1.35.2,NVIDIA GeForce RTX 3090,torch_threads=10;polars_threads=20;cuda=True,2026-07-14T17:30:36+00:00
gpu,matvec_ii,"ik,k->i",25,0.5,table_ceinsum,5,2,ok,49,,0.459,0.466;0.460;0.450;0.458;0.459,,b6c0879,2.9.1+cu128,1.35.2,NVIDIA GeForce RTX 3090,torch_threads=10;polars_threads=20;cuda=True,2026-07-14T17:30:36+00:00
gpu,matvec_ii,"ik,k->i",50,0.5,table_ceinsum,5,2,started,,,,,,b6c0879,2.9.1+cu128,1.35.2,NVIDIA GeForce RTX 3090,torch_threads=10;polars_threads=20;cuda=True,2026-07-14T17:30:36+00:00
gpu,matvec_ii,"ik,k->i",50,0.5,table_ceinsum,5,2,ok,99,,0.533,0.531;0.536;0.536;0.532;0.533,,b6c0879,2.9.1+cu128,1.35.2,NVIDIA GeForce RTX 3090,torch_threads=10;polars_threads=20;cuda=True,2026-07-14T17:30:36+00:00
gpu,matvec_ii,"ik,k->i",100,0.5,table_ceinsum,5,2,started,,,,,,b6c0879,2.9.1+cu128,1.35.2,NVIDIA GeForce RTX 3090,torch_threads=10;polars_threads=20;cuda=True,2026-07-14T17:30:36+00:00
gpu,matvec_ii,"ik,k->i",100,0.5,table_ceinsum,5,2,ok,199,,0.640,0.640;0.640;0.640;0.641;0.640,,b6c0879,2.9.1+cu128,1.35.2,NVIDIA GeForce RTX 3090,torch_threads=10;polars_threads=20;cuda=True,2026-07-14T17:30:36+00:00
gpu,matvec_ii,"ik,k->i",200,0.5,table_ceinsum,5,2,started,,,,,,b6c0879,2.9.1+cu128,1.35.2,NVIDIA GeForce RTX 3090,torch_threads=10;polars_threads=20;cuda=True,2026-07-14T17:30:36+00:00
gpu,matvec_ii,"ik,k->i",200,0.5,table_ceinsum,5,2,ok,399,,2.678,2.677;2.681;2.689;2.677;2.678,,b6c0879,2.9.1+cu128,1.35.2,NVIDIA GeForce RTX 3090,torch_threads=10;polars_threads=20;cuda=True,2026-07-14T17:30:36+00:00
gpu,matvec_ii,"ik,k->i",400,0.5,table_ceinsum,5,2,started,,,,,,b6c0879,2.9.1+cu128,1.35.2,NVIDIA GeForce RTX 3090,torch_threads=10;polars_threads=20;cuda=True,2026-07-14T17:30:36+00:00
gpu,matvec_ii,"ik,k->i",400,0.5,table_ceinsum,5,2,ok,799,,10.758,10.757;10.760;10.766;10.758;10.688,,b6c0879,2.9.1+cu128,1.35.2,NVIDIA GeForce RTX 3090,torch_threads=10;polars_threads=20;cuda=True,2026-07-14T17:30:36+00:00
gpu,matvec_ii,"ik,k->i",800,0.5,table_ceinsum,5,2,skipped_guard,,,,,predicted table 1.0e+09 elems (1599×800×800) > 2e+08,b6c0879,2.9.1+cu128,1.35.2,NVIDIA GeForce RTX 3090,torch_threads=10;polars_threads=20;cuda=True,2026-07-14T17:30:36+00:00
gpu,matmul_ii,"ik,kj->ij",100,0.5,ceinsum,5,2,started,,,,,,b6c0879,2.9.1+cu128,1.35.2,NVIDIA GeForce RTX 3090,torch_threads=10;polars_threads=20;cuda=True,2026-07-14T17:30:36+00:00
gpu,matmul_ii,"ik,kj->ij",100,0.5,ceinsum,5,2,ok,213,1.44e-07,2.689,2.739;2.689;2.656;2.725;2.656,,b6c0879,2.9.1+cu128,1.35.2,NVIDIA GeForce RTX 3090,torch_threads=10;polars_threads=20;cuda=True,2026-07-14T17:30:36+00:00
gpu,matmul_ii,"ik,kj->ij",300,0.5,ceinsum,5,2,started,,,,,,b6c0879,2.9.1+cu128,1.35.2,NVIDIA GeForce RTX 3090,torch_threads=10;polars_threads=20;cuda=True,2026-07-14T17:30:36+00:00
gpu,matmul_ii,"ik,kj->ij",300,0.5,ceinsum,5,2,ok,839,2.11e-07,2.933,2.940;2.933;2.916;2.929;2.933,,b6c0879,2.9.1+cu128,1.35.2,NVIDIA GeForce RTX 3090,torch_threads=10;polars_threads=20;cuda=True,2026-07-14T17:30:36+00:00
gpu,matmul_ii,"ik,kj->ij",1000,0.5,ceinsum,5,2,started,,,,,,b6c0879,2.9.1+cu128,1.35.2,NVIDIA GeForce RTX 3090,torch_threads=10;polars_threads=20;cuda=True,2026-07-14T17:30:36+00:00
gpu,matmul_ii,"ik,kj->ij",1000,0.5,ceinsum,5,2,ok,2022,,4.068,4.068;4.080;4.006;4.071;4.009,,b6c0879,2.9.1+cu128,1.35.2,NVIDIA GeForce RTX 3090,torch_threads=10;polars_threads=20;cuda=True,2026-07-14T17:30:36+00:00
gpu,matmul_ii,"ik,kj->ij",3000,0.5,ceinsum,5,2,started,,,,,,b6c0879,2.9.1+cu128,1.35.2,NVIDIA GeForce RTX 3090,torch_threads=10;polars_threads=20;cuda=True,2026-07-14T17:30:36+00:00
gpu,matmul_ii,"ik,kj->ij",3000,0.5,ceinsum,5,2,ok,9216,,3.672,6.951;3.782;3.659;3.655;3.672,,b6c0879,2.9.1+cu128,1.35.2,NVIDIA GeForce RTX 3090,torch_threads=10;polars_threads=20;cuda=True,2026-07-14T17:30:36+00:00
gpu,matmul_ii,"ik,kj->ij",10000,0.5,ceinsum,5,2,started,,,,,,b6c0879,2.9.1+cu128,1.35.2,NVIDIA GeForce RTX 3090,torch_threads=10;polars_threads=20;cuda=True,2026-07-14T17:30:36+00:00
gpu,matmul_ii,"ik,kj->ij",10000,0.5,ceinsum,5,2,ok,23716,,6.313,6.374;6.336;6.202;6.313;6.129,,b6c0879,2.9.1+cu128,1.35.2,NVIDIA GeForce RTX 3090,torch_threads=10;polars_threads=20;cuda=True,2026-07-14T17:30:36+00:00
gpu,matmul_ii,"ik,kj->ij",30000,0.5,ceinsum,5,2,started,,,,,,b6c0879,2.9.1+cu128,1.35.2,NVIDIA GeForce RTX 3090,torch_threads=10;polars_threads=20;cuda=True,2026-07-14T17:30:36+00:00
gpu,matmul_ii,"ik,kj->ij",30000,0.5,ceinsum,5,2,ok,69169,,19.488,19.521;19.516;19.462;19.476;19.488,,b6c0879,2.9.1+cu128,1.35.2,NVIDIA GeForce RTX 3090,torch_threads=10;polars_threads=20;cuda=True,2026-07-14T17:30:37+00:00
gpu,matmul_ii,"ik,kj->ij",100000,0.5,ceinsum,5,2,started,,,,,,b6c0879,2.9.1+cu128,1.35.2,NVIDIA GeForce RTX 3090,torch_threads=10;polars_threads=20;cuda=True,2026-07-14T17:30:37+00:00
gpu,matmul_ii,"ik,kj->ij",100000,0.5,ceinsum,5,2,ok,225625,,118.757,118.692;118.761;118.813;118.757;118.697,,b6c0879,2.9.1+cu128,1.35.2,NVIDIA GeForce RTX 3090,torch_threads=10;polars_threads=20;cuda=True,2026-07-14T17:30:38+00:00
gpu,matmul_ii,"ik,kj->ij",25,0.5,table_ceinsum,5,2,started,,,,,,b6c0879,2.9.1+cu128,1.35.2,NVIDIA GeForce RTX 3090,torch_threads=10;polars_threads=20;cuda=True,2026-07-14T17:30:38+00:00
gpu,matmul_ii,"ik,kj->ij",25,0.5,table_ceinsum,5,2,ok,56,,0.663,0.662;0.669;0.666;0.663;0.659,,b6c0879,2.9.1+cu128,1.35.2,NVIDIA GeForce RTX 3090,torch_threads=10;polars_threads=20;cuda=True,2026-07-14T17:30:38+00:00
gpu,matmul_ii,"ik,kj->ij",50,0.5,table_ceinsum,5,2,started,,,,,,b6c0879,2.9.1+cu128,1.35.2,NVIDIA GeForce RTX 3090,torch_threads=10;polars_threads=20;cuda=True,2026-07-14T17:30:38+00:00
gpu,matmul_ii,"ik,kj->ij",50,0.5,table_ceinsum,5,2,ok,110,,0.668,0.670;0.660;0.668;0.665;0.671,,b6c0879,2.9.1+cu128,1.35.2,NVIDIA GeForce RTX 3090,torch_threads=10;polars_threads=20;cuda=True,2026-07-14T17:30:38+00:00
gpu,matmul_ii,"ik,kj->ij",100,0.5,table_ceinsum,5,2,started,,,,,,b6c0879,2.9.1+cu128,1.35.2,NVIDIA GeForce RTX 3090,torch_threads=10;polars_threads=20;cuda=True,2026-07-14T17:30:38+00:00
gpu,matmul_ii,"ik,kj->ij",100,0.5,table_ceinsum,5,2,ok,289,,3.402,3.401;3.405;3.400;3.402;3.402,,b6c0879,2.9.1+cu128,1.35.2,NVIDIA GeForce RTX 3090,torch_threads=10;polars_threads=20;cuda=True,2026-07-14T17:30:38+00:00
gpu,matmul_ii,"ik,kj->ij",200,0.5,table_ceinsum,5,2,started,,,,,,b6c0879,2.9.1+cu128,1.35.2,NVIDIA GeForce RTX 3090,torch_threads=10;polars_threads=20;cuda=True,2026-07-14T17:30:38+00:00
gpu,matmul_ii,"ik,kj->ij",200,0.5,table_ceinsum,5,2,ok,529,,5.645,5.646;5.640;5.645;5.654;5.643,,b6c0879,2.9.1+cu128,1.35.2,NVIDIA GeForce RTX 3090,torch_threads=10;polars_threads=20;cuda=True,2026-07-14T17:30:38+00:00
gpu,matmul_ii,"ik,kj->ij",400,0.5,table_ceinsum,5,2,skipped_guard,,,,,predicted table 2.1e+08 elems (36×36×400×400) > 2e+08,b6c0879,2.9.1+cu128,1.35.2,NVIDIA GeForce RTX 3090,torch_threads=10;polars_threads=20;cuda=True,2026-07-14T17:30:38+00:00
gpu,matmul_ii,"ik,kj->ij",800,0.5,table_ceinsum,5,2,skipped_prior_fail,,,,,,b6c0879,2.9.1+cu128,1.35.2,NVIDIA GeForce RTX 3090,torch_threads=10;polars_threads=20;cuda=True,2026-07-14T17:30:38+00:00
gpu,triple_contract_pii,"ij,ik,kj->ij",100,0.5,ceinsum,5,2,started,,,,,,b6c0879,2.9.1+cu128,1.35.2,NVIDIA GeForce RTX 3090,torch_threads=10;polars_threads=20;cuda=True,2026-07-14T17:30:38+00:00
gpu,triple_contract_pii,"ij,ik,kj->ij",100,0.5,ceinsum,5,2,ok,56,1.05e-07,1.585,1.883;1.585;1.585;1.575;1.582,,b6c0879,2.9.1+cu128,1.35.2,NVIDIA GeForce RTX 3090,torch_threads=10;polars_threads=20;cuda=True,2026-07-14T17:30:38+00:00
gpu,triple_contract_pii,"ij,ik,kj->ij",300,0.5,ceinsum,5,2,started,,,,,,b6c0879,2.9.1+cu128,1.35.2,NVIDIA GeForce RTX 3090,torch_threads=10;polars_threads=20;cuda=True,2026-07-14T17:30:38+00:00
gpu,triple_contract_pii,"ij,ik,kj->ij",300,0.5,ceinsum,5,2,ok,225,1.12e-07,1.593,1.684;1.593;1.594;1.586;1.579,,b6c0879,2.9.1+cu128,1.35.2,NVIDIA GeForce RTX 3090,torch_threads=10;polars_threads=20;cuda=True,2026-07-14T17:30:38+00:00
gpu,triple_contract_pii,"ij,ik,kj->ij",1000,0.5,ceinsum,5,2,started,,,,,,b6c0879,2.9.1+cu128,1.35.2,NVIDIA GeForce RTX 3090,torch_threads=10;polars_threads=20;cuda=True,2026-07-14T17:30:38+00:00
gpu,triple_contract_pii,"ij,ik,kj->ij",1000,0.5,ceinsum,5,2,ok,902,,2.103,2.104;2.113;2.092;2.103;2.095,,b6c0879,2.9.1+cu128,1.35.2,NVIDIA GeForce RTX 3090,torch_threads=10;polars_threads=20;cuda=True,2026-07-14T17:30:38+00:00
gpu,triple_contract_pii,"ij,ik,kj->ij",3000,0.5,ceinsum,5,2,started,,,,,,b6c0879,2.9.1+cu128,1.35.2,NVIDIA GeForce RTX 3090,torch_threads=10;polars_threads=20;cuda=True,2026-07-14T17:30:38+00:00
gpu,triple_contract_pii,"ij,ik,kj->ij",3000,0.5,ceinsum,5,2,ok,2864,,12.233,12.233;12.237;12.237;12.229;12.227,,b6c0879,2.9.1+cu128,1.35.2,NVIDIA GeForce RTX 3090,torch_threads=10;polars_threads=20;cuda=True,2026-07-14T17:30:38+00:00
gpu,triple_contract_pii,"ij,ik,kj->ij",10000,0.5,ceinsum,5,2,started,,,,,,b6c0879,2.9.1+cu128,1.35.2,NVIDIA GeForce RTX 3090,torch_threads=10;polars_threads=20;cuda=True,2026-07-14T17:30:38+00:00
gpu,triple_contract_pii,"ij,ik,kj->ij",10000,0.5,ceinsum,5,2,ok,9951,,244.416,225.533;252.814;243.369;244.416;250.711,,b6c0879,2.9.1+cu128,1.35.2,NVIDIA GeForce RTX 3090,torch_threads=10;polars_threads=20;cuda=True,2026-07-14T17:30:40+00:00
gpu,triple_contract_pii,"ij,ik,kj->ij",30000,0.5,ceinsum,5,2,started,,,,,,b6c0879,2.9.1+cu128,1.35.2,NVIDIA GeForce RTX 3090,torch_threads=10;polars_threads=20;cuda=True,2026-07-14T17:30:40+00:00
gpu,triple_contract_pii,"ij,ik,kj->ij",30000,0.5,ceinsum,5,2,oom,,,,,OutOfMemoryError,b6c0879,2.9.1+cu128,1.35.2,NVIDIA GeForce RTX 3090,torch_threads=10;polars_threads=20;cuda=True,2026-07-14T17:30:40+00:00
gpu,triple_contract_pii,"ij,ik,kj->ij",100000,0.5,ceinsum,5,2,skipped_prior_fail,,,,,,b6c0879,2.9.1+cu128,1.35.2,NVIDIA GeForce RTX 3090,torch_threads=10;polars_threads=20;cuda=True,2026-07-14T17:30:40+00:00
gpu,triple_contract_pii,"ij,ik,kj->ij",25,0.5,table_ceinsum,5,2,started,,,,,,b6c0879,2.9.1+cu128,1.35.2,NVIDIA GeForce RTX 3090,torch_threads=10;polars_threads=20;cuda=True,2026-07-14T17:30:40+00:00
gpu,triple_contract_pii,"ij,ik,kj->ij",25,0.5,table_ceinsum,5,2,ok,56,,0.877,0.877;0.882;0.876;0.879;0.875,,b6c0879,2.9.1+cu128,1.35.2,NVIDIA GeForce RTX 3090,torch_threads=10;polars_threads=20;cuda=True,2026-07-14T17:30:40+00:00
gpu,triple_contract_pii,"ij,ik,kj->ij",50,0.5,table_ceinsum,5,2,started,,,,,,b6c0879,2.9.1+cu128,1.35.2,NVIDIA GeForce RTX 3090,torch_threads=10;polars_threads=20;cuda=True,2026-07-14T17:30:40+00:00
gpu,triple_contract_pii,"ij,ik,kj->ij",50,0.5,table_ceinsum,5,2,ok,100,,1.171,1.209;1.171;1.169;1.176;1.170,,b6c0879,2.9.1+cu128,1.35.2,NVIDIA GeForce RTX 3090,torch_threads=10;polars_threads=20;cuda=True,2026-07-14T17:30:40+00:00
gpu,triple_contract_pii,"ij,ik,kj->ij",100,0.5,table_ceinsum,5,2,skipped_guard,,,,,predicted table 2.2e+08 elems (15×15×100×100×100) > 2e+08,b6c0879,2.9.1+cu128,1.35.2,NVIDIA GeForce RTX 3090,torch_threads=10;polars_threads=20;cuda=True,2026-07-14T17:30:40+00:00
gpu,triple_contract_pii,"ij,ik,kj->ij",200,0.5,table_ceinsum,5,2,skipped_prior_fail,,,,,,b6c0879,2.9.1+cu128,1.35.2,NVIDIA GeForce RTX 3090,torch_threads=10;polars_threads=20;cuda=True,2026-07-14T17:30:40+00:00
gpu,triple_contract_pii,"ij,ik,kj->ij",400,0.5,table_ceinsum,5,2,skipped_prior_fail,,,,,,b6c0879,2.9.1+cu128,1.35.2,NVIDIA GeForce RTX 3090,torch_threads=10;polars_threads=20;cuda=True,2026-07-14T17:30:40+00:00
gpu,triple_contract_pii,"ij,ik,kj->ij",800,0.5,table_ceinsum,5,2,skipped_prior_fail,,,,,,b6c0879,2.9.1+cu128,1.35.2,NVIDIA GeForce RTX 3090,torch_threads=10;polars_threads=20;cuda=True,2026-07-14T17:30:40+00:00
gpu,box_search,"xy,xy->xy",100,0.5,ceinsum,5,2,started,,,,,,b6c0879,2.9.1+cu128,1.35.2,NVIDIA GeForce RTX 3090,torch_threads=10;polars_threads=20;cuda=True,2026-07-14T17:30:40+00:00
gpu,box_search,"xy,xy->xy",100,0.5,ceinsum,5,2,ok,15,0.00e+00,0.711,0.711;0.711;0.710;0.719;0.710,,b6c0879,2.9.1+cu128,1.35.2,NVIDIA GeForce RTX 3090,torch_threads=10;polars_threads=20;cuda=True,2026-07-14T17:30:40+00:00
gpu,box_search,"xy,xy->xy",300,0.5,ceinsum,5,2,started,,,,,,b6c0879,2.9.1+cu128,1.35.2,NVIDIA GeForce RTX 3090,torch_threads=10;polars_threads=20;cuda=True,2026-07-14T17:30:40+00:00
gpu,box_search,"xy,xy->xy",300,0.5,ceinsum,5,2,ok,29,0.00e+00,0.714,0.717;0.714;0.713;0.727;0.714,,b6c0879,2.9.1+cu128,1.35.2,NVIDIA GeForce RTX 3090,torch_threads=10;polars_threads=20;cuda=True,2026-07-14T17:30:40+00:00
gpu,box_search,"xy,xy->xy",1000,0.5,ceinsum,5,2,started,,,,,,b6c0879,2.9.1+cu128,1.35.2,NVIDIA GeForce RTX 3090,torch_threads=10;polars_threads=20;cuda=True,2026-07-14T17:30:40+00:00
gpu,box_search,"xy,xy->xy",1000,0.5,ceinsum,5,2,ok,119,,0.720,0.719;0.721;0.720;0.719;0.729,,b6c0879,2.9.1+cu128,1.35.2,NVIDIA GeForce RTX 3090,torch_threads=10;polars_threads=20;cuda=True,2026-07-14T17:30:40+00:00
gpu,box_search,"xy,xy->xy",3000,0.5,ceinsum,5,2,started,,,,,,b6c0879,2.9.1+cu128,1.35.2,NVIDIA GeForce RTX 3090,torch_threads=10;polars_threads=20;cuda=True,2026-07-14T17:30:40+00:00
gpu,box_search,"xy,xy->xy",3000,0.5,ceinsum,5,2,ok,343,,0.720,0.717;0.726;0.722;0.717;0.720,,b6c0879,2.9.1+cu128,1.35.2,NVIDIA GeForce RTX 3090,torch_threads=10;polars_threads=20;cuda=True,2026-07-14T17:30:40+00:00
gpu,box_search,"xy,xy->xy",10000,0.5,ceinsum,5,2,started,,,,,,b6c0879,2.9.1+cu128,1.35.2,NVIDIA GeForce RTX 3090,torch_threads=10;polars_threads=20;cuda=True,2026-07-14T17:30:40+00:00
gpu,box_search,"xy,xy->xy",10000,0.5,ceinsum,5,2,ok,1147,,0.719,0.720;0.719;0.714;0.713;0.719,,b6c0879,2.9.1+cu128,1.35.2,NVIDIA GeForce RTX 3090,torch_threads=10;polars_threads=20;cuda=True,2026-07-14T17:30:40+00:00
gpu,box_search,"xy,xy->xy",30000,0.5,ceinsum,5,2,started,,,,,,b6c0879,2.9.1+cu128,1.35.2,NVIDIA GeForce RTX 3090,torch_threads=10;polars_threads=20;cuda=True,2026-07-14T17:30:40+00:00
gpu,box_search,"xy,xy->xy",30000,0.5,ceinsum,5,2,ok,3483,,0.725,0.723;0.731;0.720;0.725;0.725,,b6c0879,2.9.1+cu128,1.35.2,NVIDIA GeForce RTX 3090,torch_threads=10;polars_threads=20;cuda=True,2026-07-14T17:30:40+00:00
gpu,box_search,"xy,xy->xy",100000,0.5,ceinsum,5,2,started,,,,,,b6c0879,2.9.1+cu128,1.35.2,NVIDIA GeForce RTX 3090,torch_threads=10;polars_threads=20;cuda=True,2026-07-14T17:30:40+00:00
gpu,box_search,"xy,xy->xy",100000,0.5,ceinsum,5,2,ok,11792,,0.744,0.744;0.738;0.744;0.738;0.746,,b6c0879,2.9.1+cu128,1.35.2,NVIDIA GeForce RTX 3090,torch_threads=10;polars_threads=20;cuda=True,2026-07-14T17:30:40+00:00
gpu,box_search,"xy,xy->xy",25,0.5,table_ceinsum,5,2,started,,,,,,b6c0879,2.9.1+cu128,1.35.2,NVIDIA GeForce RTX 3090,torch_threads=10;polars_threads=20;cuda=True,2026-07-14T17:30:40+00:00
gpu,box_search,"xy,xy->xy",25,0.5,table_ceinsum,5,2,ok,64,,0.575,0.583;0.575;0.574;0.587;0.567,,b6c0879,2.9.1+cu128,1.35.2,NVIDIA GeForce RTX 3090,torch_threads=10;polars_threads=20;cuda=True,2026-07-14T17:30:40+00:00
gpu,box_search,"xy,xy->xy",50,0.5,table_ceinsum,5,2,started,,,,,,b6c0879,2.9.1+cu128,1.35.2,NVIDIA GeForce RTX 3090,torch_threads=10;polars_threads=20;cuda=True,2026-07-14T17:30:40+00:00
gpu,box_search,"xy,xy->xy",50,0.5,table_ceinsum,5,2,ok,100,,0.567,0.568;0.567;0.567;0.568;0.566,,b6c0879,2.9.1+cu128,1.35.2,NVIDIA GeForce RTX 3090,torch_threads=10;polars_threads=20;cuda=True,2026-07-14T17:30:40+00:00
gpu,box_search,"xy,xy->xy",100,0.5,table_ceinsum,5,2,started,,,,,,b6c0879,2.9.1+cu128,1.35.2,NVIDIA GeForce RTX 3090,torch_threads=10;polars_threads=20;cuda=True,2026-07-14T17:30:40+00:00
gpu,box_search,"xy,xy->xy",100,0.5,table_ceinsum,5,2,ok,225,,0.571,0.574;0.569;0.571;0.570;0.574,,b6c0879,2.9.1+cu128,1.35.2,NVIDIA GeForce RTX 3090,torch_threads=10;polars_threads=20;cuda=True,2026-07-14T17:30:40+00:00
gpu,box_search,"xy,xy->xy",200,0.5,table_ceinsum,5,2,started,,,,,,b6c0879,2.9.1+cu128,1.35.2,NVIDIA GeForce RTX 3090,torch_threads=10;polars_threads=20;cuda=True,2026-07-14T17:30:40+00:00
gpu,box_search,"xy,xy->xy",200,0.5,table_ceinsum,5,2,ok,400,,0.571,0.569;0.569;0.577;0.571;0.573,,b6c0879,2.9.1+cu128,1.35.2,NVIDIA GeForce RTX 3090,torch_threads=10;polars_threads=20;cuda=True,2026-07-14T17:30:40+00:00
gpu,box_search,"xy,xy->xy",400,0.5,table_ceinsum,5,2,started,,,,,,b6c0879,2.9.1+cu128,1.35.2,NVIDIA GeForce RTX 3090,torch_threads=10;polars_threads=20;cuda=True,2026-07-14T17:30:40+00:00
gpu,box_search,"xy,xy->xy",400,0.5,table_ceinsum,5,2,ok,841,,0.574,0.574;0.576;0.571;0.575;0.573,,b6c0879,2.9.1+cu128,1.35.2,NVIDIA GeForce RTX 3090,torch_threads=10;polars_threads=20;cuda=True,2026-07-14T17:30:40+00:00
gpu,box_search,"xy,xy->xy",800,0.5,table_ceinsum,5,2,started,,,,,,b6c0879,2.9.1+cu128,1.35.2,NVIDIA GeForce RTX 3090,torch_threads=10;polars_threads=20;cuda=True,2026-07-14T17:30:40+00:00
gpu,box_search,"xy,xy->xy",800,0.5,table_ceinsum,5,2,ok,1600,,0.664,0.664;0.664;0.665;0.664;0.666,,b6c0879,2.9.1+cu128,1.35.2,NVIDIA GeForce RTX 3090,torch_threads=10;polars_threads=20;cuda=True,2026-07-14T17:30:40+00:00
cpu-single,pointwise_1d_ii,"i,i->i",100,0.5,ceinsum,5,2,started,,,,,,b6c0879,2.9.1+cu128,1.35.2,cpu (20 cores),torch_threads=1;polars_threads=1;cuda=False,2026-07-14T17:30:41+00:00
cpu-single,pointwise_1d_ii,"i,i->i",100,0.5,ceinsum,5,2,ok,47,0.00e+00,0.271,0.284;0.279;0.271;0.270;0.271,,b6c0879,2.9.1+cu128,1.35.2,cpu (20 cores),torch_threads=1;polars_threads=1;cuda=False,2026-07-14T17:30:41+00:00
cpu-single,pointwise_1d_ii,"i,i->i",300,0.5,ceinsum,5,2,started,,,,,,b6c0879,2.9.1+cu128,1.35.2,cpu (20 cores),torch_threads=1;polars_threads=1;cuda=False,2026-07-14T17:30:41+00:00
cpu-single,pointwise_1d_ii,"i,i->i",300,0.5,ceinsum,5,2,ok,144,0.00e+00,0.306,0.306;0.307;0.305;0.304;0.307,,b6c0879,2.9.1+cu128,1.35.2,cpu (20 cores),torch_threads=1;polars_threads=1;cuda=False,2026-07-14T17:30:42+00:00
cpu-single,pointwise_1d_ii,"i,i->i",1000,0.5,ceinsum,5,2,started,,,,,,b6c0879,2.9.1+cu128,1.35.2,cpu (20 cores),torch_threads=1;polars_threads=1;cuda=False,2026-07-14T17:30:42+00:00
cpu-single,pointwise_1d_ii,"i,i->i",1000,0.5,ceinsum,5,2,ok,459,,0.405,0.409;0.405;0.403;0.411;0.404,,b6c0879,2.9.1+cu128,1.35.2,cpu (20 cores),torch_threads=1;polars_threads=1;cuda=False,2026-07-14T17:30:42+00:00
cpu-single,pointwise_1d_ii,"i,i->i",3000,0.5,ceinsum,5,2,started,,,,,,b6c0879,2.9.1+cu128,1.35.2,cpu (20 cores),torch_threads=1;polars_threads=1;cuda=False,2026-07-14T17:30:42+00:00
cpu-single,pointwise_1d_ii,"i,i->i",3000,0.5,ceinsum,5,2,ok,1435,,0.644,0.647;0.656;0.644;0.643;0.644,,b6c0879,2.9.1+cu128,1.35.2,cpu (20 cores),torch_threads=1;polars_threads=1;cuda=False,2026-07-14T17:30:42+00:00
cpu-single,pointwise_1d_ii,"i,i->i",10000,0.5,ceinsum,5,2,started,,,,,,b6c0879,2.9.1+cu128,1.35.2,cpu (20 cores),torch_threads=1;polars_threads=1;cuda=False,2026-07-14T17:30:42+00:00
cpu-single,pointwise_1d_ii,"i,i->i",10000,0.5,ceinsum,5,2,ok,4586,,1.485,1.485;1.477;1.486;1.485;1.476,,b6c0879,2.9.1+cu128,1.35.2,cpu (20 cores),torch_threads=1;polars_threads=1;cuda=False,2026-07-14T17:30:42+00:00
cpu-single,pointwise_1d_ii,"i,i->i",30000,0.5,ceinsum,5,2,started,,,,,,b6c0879,2.9.1+cu128,1.35.2,cpu (20 cores),torch_threads=1;polars_threads=1;cuda=False,2026-07-14T17:30:42+00:00
cpu-single,pointwise_1d_ii,"i,i->i",30000,0.5,ceinsum,5,2,ok,13746,,3.931,3.928;3.945;3.931;3.927;3.944,,b6c0879,2.9.1+cu128,1.35.2,cpu (20 cores),torch_threads=1;polars_threads=1;cuda=False,2026-07-14T17:30:42+00:00
cpu-single,pointwise_1d_ii,"i,i->i",100000,0.5,ceinsum,5,2,started,,,,,,b6c0879,2.9.1+cu128,1.35.2,cpu (20 cores),torch_threads=1;polars_threads=1;cuda=False,2026-07-14T17:30:42+00:00
cpu-single,pointwise_1d_ii,"i,i->i",100000,0.5,ceinsum,5,2,ok,46200,,12.867,12.920;12.901;12.792;12.867;12.795,,b6c0879,2.9.1+cu128,1.35.2,cpu (20 cores),torch_threads=1;polars_threads=1;cuda=False,2026-07-14T17:30:42+00:00
cpu-single,pointwise_1d_ii,"i,i->i",25,0.5,table_ceinsum,5,2,started,,,,,,b6c0879,2.9.1+cu128,1.35.2,cpu (20 cores),torch_threads=1;polars_threads=1;cuda=False,2026-07-14T17:30:42+00:00
cpu-single,pointwise_1d_ii,"i,i->i",25,0.5,table_ceinsum,5,2,ok,99,,0.400,0.407;0.397;0.406;0.400;0.400,,b6c0879,2.9.1+cu128,1.35.2,cpu (20 cores),torch_threads=1;polars_threads=1;cuda=False,2026-07-14T17:30:42+00:00
cpu-single,pointwise_1d_ii,"i,i->i",50,0.5,table_ceinsum,5,2,started,,,,,,b6c0879,2.9.1+cu128,1.35.2,cpu (20 cores),torch_threads=1;polars_threads=1;cuda=False,2026-07-14T17:30:42+00:00
cpu-single,pointwise_1d_ii,"i,i->i",50,0.5,table_ceinsum,5,2,ok,199,,1.299,1.301;1.298;1.307;1.298;1.299,,b6c0879,2.9.1+cu128,1.35.2,cpu (20 cores),torch_threads=1;polars_threads=1;cuda=False,2026-07-14T17:30:42+00:00
cpu-single,pointwise_1d_ii,"i,i->i",100,0.5,table_ceinsum,5,2,started,,,,,,b6c0879,2.9.1+cu128,1.35.2,cpu (20 cores),torch_threads=1;polars_threads=1;cuda=False,2026-07-14T17:30:42+00:00
cpu-single,pointwise_1d_ii,"i,i->i",100,0.5,table_ceinsum,5,2,ok,399,,15.865,15.865;18.177;16.703;12.121;13.113,,b6c0879,2.9.1+cu128,1.35.2,cpu (20 cores),torch_threads=1;polars_threads=1;cuda=False,2026-07-14T17:30:42+00:00
cpu-single,pointwise_1d_ii,"i,i->i",200,0.5,table_ceinsum,5,2,started,,,,,,b6c0879,2.9.1+cu128,1.35.2,cpu (20 cores),torch_threads=1;polars_threads=1;cuda=False,2026-07-14T17:30:42+00:00
cpu-single,pointwise_1d_ii,"i,i->i",200,0.5,table_ceinsum,5,2,ok,799,,137.776,130.465;136.817;139.441;137.776;138.601,,b6c0879,2.9.1+cu128,1.35.2,cpu (20 cores),torch_threads=1;polars_threads=1;cuda=False,2026-07-14T17:30:43+00:00
cpu-single,pointwise_1d_ii,"i,i->i",400,0.5,table_ceinsum,5,2,skipped_guard,,,,,predicted table 2.6e+08 elems (1599×400×400) > 2e+08,b6c0879,2.9.1+cu128,1.35.2,cpu (20 cores),torch_threads=1;polars_threads=1;cuda=False,2026-07-14T17:30:43+00:00
cpu-single,pointwise_1d_ii,"i,i->i",800,0.5,table_ceinsum,5,2,skipped_prior_fail,,,,,,b6c0879,2.9.1+cu128,1.35.2,cpu (20 cores),torch_threads=1;polars_threads=1;cuda=False,2026-07-14T17:30:43+00:00
cpu-single,pointwise_2d_ii,"ij,ij->ij",100,0.5,ceinsum,5,2,started,,,,,,b6c0879,2.9.1+cu128,1.35.2,cpu (20 cores),torch_threads=1;polars_threads=1;cuda=False,2026-07-14T17:30:43+00:00
cpu-single,pointwise_2d_ii,"ij,ij->ij",100,0.5,ceinsum,5,2,ok,29,0.00e+00,0.401,0.401;0.402;0.400;0.401;0.400,,b6c0879,2.9.1+cu128,1.35.2,cpu (20 cores),torch_threads=1;polars_threads=1;cuda=False,2026-07-14T17:30:43+00:00
cpu-single,pointwise_2d_ii,"ij,ij->ij",300,0.5,ceinsum,5,2,started,,,,,,b6c0879,2.9.1+cu128,1.35.2,cpu (20 cores),torch_threads=1;polars_threads=1;cuda=False,2026-07-14T17:30:43+00:00
cpu-single,pointwise_2d_ii,"ij,ij->ij",300,0.5,ceinsum,5,2,ok,74,0.00e+00,0.558,0.570;0.560;0.558;0.557;0.554,,b6c0879,2.9.1+cu128,1.35.2,cpu (20 cores),torch_threads=1;polars_threads=1;cuda=False,2026-07-14T17:30:43+00:00
cpu-single,pointwise_2d_ii,"ij,ij->ij",1000,0.5,ceinsum,5,2,started,,,,,,b6c0879,2.9.1+cu128,1.35.2,cpu (20 cores),torch_threads=1;polars_threads=1;cuda=False,2026-07-14T17:30:43+00:00
cpu-single,pointwise_2d_ii,"ij,ij->ij",1000,0.5,ceinsum,5,2,ok,292,,1.467,1.444;1.442;1.483;1.474;1.467,,b6c0879,2.9.1+cu128,1.35.2,cpu (20 cores),torch_threads=1;polars_threads=1;cuda=False,2026-07-14T17:30:43+00:00
cpu-single,pointwise_2d_ii,"ij,ij->ij",3000,0.5,ceinsum,5,2,started,,,,,,b6c0879,2.9.1+cu128,1.35.2,cpu (20 cores),torch_threads=1;polars_threads=1;cuda=False,2026-07-14T17:30:43+00:00
cpu-single,pointwise_2d_ii,"ij,ij->ij",3000,0.5,ceinsum,5,2,ok,848,,5.745,5.745;5.758;5.722;5.660;6.262,,b6c0879,2.9.1+cu128,1.35.2,cpu (20 cores),torch_threads=1;polars_threads=1;cuda=False,2026-07-14T17:30:43+00:00
cpu-single,pointwise_2d_ii,"ij,ij->ij",10000,0.5,ceinsum,5,2,started,,,,,,b6c0879,2.9.1+cu128,1.35.2,cpu (20 cores),torch_threads=1;polars_threads=1;cuda=False,2026-07-14T17:30:43+00:00
cpu-single,pointwise_2d_ii,"ij,ij->ij",10000,0.5,ceinsum,5,2,ok,2764,,35.115,35.655;35.365;34.784;34.873;35.115,,b6c0879,2.9.1+cu128,1.35.2,cpu (20 cores),torch_threads=1;polars_threads=1;cuda=False,2026-07-14T17:30:43+00:00
cpu-single,pointwise_2d_ii,"ij,ij->ij",30000,0.5,ceinsum,5,2,started,,,,,,b6c0879,2.9.1+cu128,1.35.2,cpu (20 cores),torch_threads=1;polars_threads=1;cuda=False,2026-07-14T17:30:43+00:00
cpu-single,pointwise_2d_ii,"ij,ij->ij",30000,0.5,ceinsum,5,2,ok,8286,,246.746,244.486;216.685;250.464;248.475;246.746,,b6c0879,2.9.1+cu128,1.35.2,cpu (20 cores),torch_threads=1;polars_threads=1;cuda=False,2026-07-14T17:30:45+00:00
cpu-single,pointwise_2d_ii,"ij,ij->ij",100000,0.5,ceinsum,5,2,started,,,,,,b6c0879,2.9.1+cu128,1.35.2,cpu (20 cores),torch_threads=1;polars_threads=1;cuda=False,2026-07-14T17:30:45+00:00
cpu-single,pointwise_2d_ii,"ij,ij->ij",100000,0.5,ceinsum,5,2,ok,27329,,1678.328,1673.885;1672.886;1678.328;1684.803;1687.162,,b6c0879,2.9.1+cu128,1.35.2,cpu (20 cores),torch_threads=1;polars_threads=1;cuda=False,2026-07-14T17:30:57+00:00
cpu-single,pointwise_2d_ii,"ij,ij->ij",25,0.5,table_ceinsum,5,2,started,,,,,,b6c0879,2.9.1+cu128,1.35.2,cpu (20 cores),torch_threads=1;polars_threads=1;cuda=False,2026-07-14T17:30:57+00:00
cpu-single,pointwise_2d_ii,"ij,ij->ij",25,0.5,table_ceinsum,5,2,ok,9801,,18.768,18.751;22.094;18.940;18.768;18.732,,b6c0879,2.9.1+cu128,1.35.2,cpu (20 cores),torch_threads=1;polars_threads=1;cuda=False,2026-07-14T17:30:57+00:00
cpu-single,pointwise_2d_ii,"ij,ij->ij",50,0.5,table_ceinsum,5,2,started,,,,,,b6c0879,2.9.1+cu128,1.35.2,cpu (20 cores),torch_threads=1;polars_threads=1;cuda=False,2026-07-14T17:30:57+00:00
cpu-single,pointwise_2d_ii,"ij,ij->ij",50,0.5,table_ceinsum,5,2,ok,39601,,461.359,461.607;461.447;461.161;461.359;460.781,,b6c0879,2.9.1+cu128,1.35.2,cpu (20 cores),torch_threads=1;polars_threads=1;cuda=False,2026-07-14T17:31:00+00:00
cpu-single,pointwise_2d_ii,"ij,ij->ij",100,0.5,table_ceinsum,5,2,skipped_guard,,,,,predicted table 1.6e+09 elems (399×399×100×100) > 2e+08,b6c0879,2.9.1+cu128,1.35.2,cpu (20 cores),torch_threads=1;polars_threads=1;cuda=False,2026-07-14T17:31:00+00:00
cpu-single,pointwise_2d_ii,"ij,ij->ij",200,0.5,table_ceinsum,5,2,skipped_prior_fail,,,,,,b6c0879,2.9.1+cu128,1.35.2,cpu (20 cores),torch_threads=1;polars_threads=1;cuda=False,2026-07-14T17:31:00+00:00
cpu-single,pointwise_2d_ii,"ij,ij->ij",400,0.5,table_ceinsum,5,2,skipped_prior_fail,,,,,,b6c0879,2.9.1+cu128,1.35.2,cpu (20 cores),torch_threads=1;polars_threads=1;cuda=False,2026-07-14T17:31:00+00:00
cpu-single,pointwise_2d_ii,"ij,ij->ij",800,0.5,table_ceinsum,5,2,skipped_prior_fail,,,,,,b6c0879,2.9.1+cu128,1.35.2,cpu (20 cores),torch_threads=1;polars_threads=1;cuda=False,2026-07-14T17:31:00+00:00
cpu-single,diagonal_ii_i,"ii,i->i",100,0.5,ceinsum,5,2,started,,,,,,b6c0879,2.9.1+cu128,1.35.2,cpu (20 cores),torch_threads=1;polars_threads=1;cuda=False,2026-07-14T17:31:00+00:00
cpu-single,diagonal_ii_i,"ii,i->i",100,0.5,ceinsum,5,2,ok,13,0.00e+00,0.409,0.410;0.409;0.406;0.414;0.409,,b6c0879,2.9.1+cu128,1.35.2,cpu (20 cores),torch_threads=1;polars_threads=1;cuda=False,2026-07-14T17:31:00+00:00
cpu-single,diagonal_ii_i,"ii,i->i",300,0.5,ceinsum,5,2,started,,,,,,b6c0879,2.9.1+cu128,1.35.2,cpu (20 cores),torch_threads=1;polars_threads=1;cuda=False,2026-07-14T17:31:00+00:00
cpu-single,diagonal_ii_i,"ii,i->i",300,0.5,ceinsum,5,2,ok,18,0.00e+00,0.489,0.487;0.489;0.490;0.488;0.492,,b6c0879,2.9.1+cu128,1.35.2,cpu (20 cores),torch_threads=1;polars_threads=1;cuda=False,2026-07-14T17:31:01+00:00
cpu-single,diagonal_ii_i,"ii,i->i",1000,0.5,ceinsum,5,2,started,,,,,,b6c0879,2.9.1+cu128,1.35.2,cpu (20 cores),torch_threads=1;polars_threads=1;cuda=False,2026-07-14T17:31:01+00:00
cpu-single,diagonal_ii_i,"ii,i->i",1000,0.5,ceinsum,5,2,ok,144,,0.884,0.882;0.887;0.884;0.879;0.884,,b6c0879,2.9.1+cu128,1.35.2,cpu (20 cores),torch_threads=1;polars_threads=1;cuda=False,2026-07-14T17:31:01+00:00
cpu-single,diagonal_ii_i,"ii,i->i",3000,0.5,ceinsum,5,2,started,,,,,,b6c0879,2.9.1+cu128,1.35.2,cpu (20 cores),torch_threads=1;polars_threads=1;cuda=False,2026-07-14T17:31:01+00:00
cpu-single,diagonal_ii_i,"ii,i->i",3000,0.5,ceinsum,5,2,ok,356,,2.647,2.649;2.644;2.648;2.647;2.640,,b6c0879,2.9.1+cu128,1.35.2,cpu (20 cores),torch_threads=1;polars_threads=1;cuda=False,2026-07-14T17:31:01+00:00
cpu-single,diagonal_ii_i,"ii,i->i",10000,0.5,ceinsum,5,2,started,,,,,,b6c0879,2.9.1+cu128,1.35.2,cpu (20 cores),torch_threads=1;polars_threads=1;cuda=False,2026-07-14T17:31:01+00:00
cpu-single,diagonal_ii_i,"ii,i->i",10000,0.5,ceinsum,5,2,ok,819,,13.000,13.000;12.964;12.982;13.493;13.055,,b6c0879,2.9.1+cu128,1.35.2,cpu (20 cores),torch_threads=1;polars_threads=1;cuda=False,2026-07-14T17:31:01+00:00
cpu-single,diagonal_ii_i,"ii,i->i",30000,0.5,ceinsum,5,2,started,,,,,,b6c0879,2.9.1+cu128,1.35.2,cpu (20 cores),torch_threads=1;polars_threads=1;cuda=False,2026-07-14T17:31:01+00:00
cpu-single,diagonal_ii_i,"ii,i->i",30000,0.5,ceinsum,5,2,ok,3036,,69.202,69.202;68.300;73.288;76.965;68.547,,b6c0879,2.9.1+cu128,1.35.2,cpu (20 cores),torch_threads=1;polars_threads=1;cuda=False,2026-07-14T17:31:02+00:00
cpu-single,diagonal_ii_i,"ii,i->i",100000,0.5,ceinsum,5,2,started,,,,,,b6c0879,2.9.1+cu128,1.35.2,cpu (20 cores),torch_threads=1;polars_threads=1;cuda=False,2026-07-14T17:31:02+00:00
cpu-single,diagonal_ii_i,"ii,i->i",100000,0.5,ceinsum,5,2,ok,9862,,574.087,573.922;574.087;574.225;573.477;574.288,,b6c0879,2.9.1+cu128,1.35.2,cpu (20 cores),torch_threads=1;polars_threads=1;cuda=False,2026-07-14T17:31:06+00:00
cpu-single,diagonal_ii_i,"ii,i->i",25,0.5,table_ceinsum,5,2,started,,,,,,b6c0879,2.9.1+cu128,1.35.2,cpu (20 cores),torch_threads=1;polars_threads=1;cuda=False,2026-07-14T17:31:06+00:00
cpu-single,diagonal_ii_i,"ii,i->i",25,0.5,table_ceinsum,5,2,ok,149,,0.642,0.642;0.642;0.638;0.635;0.643,,b6c0879,2.9.1+cu128,1.35.2,cpu (20 cores),torch_threads=1;polars_threads=1;cuda=False,2026-07-14T17:31:06+00:00
cpu-single,diagonal_ii_i,"ii,i->i",50,0.5,table_ceinsum,5,2,started,,,,,,b6c0879,2.9.1+cu128,1.35.2,cpu (20 cores),torch_threads=1;polars_threads=1;cuda=False,2026-07-14T17:31:06+00:00
cpu-single,diagonal_ii_i,"ii,i->i",50,0.5,table_ceinsum,5,2,ok,299,,2.556,2.623;2.556;2.696;2.543;2.554,,b6c0879,2.9.1+cu128,1.35.2,cpu (20 cores),torch_threads=1;polars_threads=1;cuda=False,2026-07-14T17:31:06+00:00
cpu-single,diagonal_ii_i,"ii,i->i",100,0.5,table_ceinsum,5,2,started,,,,,,b6c0879,2.9.1+cu128,1.35.2,cpu (20 cores),torch_threads=1;polars_threads=1;cuda=False,2026-07-14T17:31:06+00:00
cpu-single,diagonal_ii_i,"ii,i->i",100,0.5,table_ceinsum,5,2,ok,599,,19.253,19.242;19.413;19.253;19.002;19.345,,b6c0879,2.9.1+cu128,1.35.2,cpu (20 cores),torch_threads=1;polars_threads=1;cuda=False,2026-07-14T17:31:06+00:00
cpu-single,diagonal_ii_i,"ii,i->i",200,0.5,table_ceinsum,5,2,started,,,,,,b6c0879,2.9.1+cu128,1.35.2,cpu (20 cores),torch_threads=1;polars_threads=1;cuda=False,2026-07-14T17:31:06+00:00
cpu-single,diagonal_ii_i,"ii,i->i",200,0.5,table_ceinsum,5,2,ok,1199,,252.042,252.173;252.239;251.919;251.762;252.042,,b6c0879,2.9.1+cu128,1.35.2,cpu (20 cores),torch_threads=1;polars_threads=1;cuda=False,2026-07-14T17:31:08+00:00
cpu-single,diagonal_ii_i,"ii,i->i",400,0.5,table_ceinsum,5,2,skipped_guard,,,,,predicted table 3.8e+08 elems (2399×400×400) > 2e+08,b6c0879,2.9.1+cu128,1.35.2,cpu (20 cores),torch_threads=1;polars_threads=1;cuda=False,2026-07-14T17:31:08+00:00
cpu-single,diagonal_ii_i,"ii,i->i",800,0.5,table_ceinsum,5,2,skipped_prior_fail,,,,,,b6c0879,2.9.1+cu128,1.35.2,cpu (20 cores),torch_threads=1;polars_threads=1;cuda=False,2026-07-14T17:31:08+00:00
cpu-single,matvec_ii,"ik,k->i",100,0.5,ceinsum,5,2,started,,,,,,b6c0879,2.9.1+cu128,1.35.2,cpu (20 cores),torch_threads=1;polars_threads=1;cuda=False,2026-07-14T17:31:08+00:00
cpu-single,matvec_ii,"ik,k->i",100,0.5,ceinsum,5,2,ok,152,1.55e-07,0.603,0.603;0.606;0.599;0.599;0.608,,b6c0879,2.9.1+cu128,1.35.2,cpu (20 cores),torch_threads=1;polars_threads=1;cuda=False,2026-07-14T17:31:08+00:00
cpu-single,matvec_ii,"ik,k->i",300,0.5,ceinsum,5,2,started,,,,,,b6c0879,2.9.1+cu128,1.35.2,cpu (20 cores),torch_threads=1;polars_threads=1;cuda=False,2026-07-14T17:31:08+00:00
cpu-single,matvec_ii,"ik,k->i",300,0.5,ceinsum,5,2,ok,494,1.18e-07,0.813,0.814;0.811;0.813;0.816;0.812,,b6c0879,2.9.1+cu128,1.35.2,cpu (20 cores),torch_threads=1;polars_threads=1;cuda=False,2026-07-14T17:31:08+00:00
cpu-single,matvec_ii,"ik,k->i",1000,0.5,ceinsum,5,2,started,,,,,,b6c0879,2.9.1+cu128,1.35.2,cpu (20 cores),torch_threads=1;polars_threads=1;cuda=False,2026-07-14T17:31:08+00:00
cpu-single,matvec_ii,"ik,k->i",1000,0.5,ceinsum,5,2,ok,1807,,1.916,1.919;1.916;1.895;1.921;1.911,,b6c0879,2.9.1+cu128,1.35.2,cpu (20 cores),torch_threads=1;polars_threads=1;cuda=False,2026-07-14T17:31:08+00:00
cpu-single,matvec_ii,"ik,k->i",3000,0.5,ceinsum,5,2,started,,,,,,b6c0879,2.9.1+cu128,1.35.2,cpu (20 cores),torch_threads=1;polars_threads=1;cuda=False,2026-07-14T17:31:08+00:00
cpu-single,matvec_ii,"ik,k->i",3000,0.5,ceinsum,5,2,ok,5654,,6.987,6.990;6.987;6.971;7.000;6.985,,b6c0879,2.9.1+cu128,1.35.2,cpu (20 cores),torch_threads=1;polars_threads=1;cuda=False,2026-07-14T17:31:08+00:00
cpu-single,matvec_ii,"ik,k->i",10000,0.5,ceinsum,5,2,started,,,,,,b6c0879,2.9.1+cu128,1.35.2,cpu (20 cores),torch_threads=1;polars_threads=1;cuda=False,2026-07-14T17:31:08+00:00
cpu-single,matvec_ii,"ik,k->i",10000,0.5,ceinsum,5,2,ok,19316,,39.337,39.282;39.383;39.481;39.337;39.328,,b6c0879,2.9.1+cu128,1.35.2,cpu (20 cores),torch_threads=1;polars_threads=1;cuda=False,2026-07-14T17:31:09+00:00
cpu-single,matvec_ii,"ik,k->i",30000,0.5,ceinsum,5,2,started,,,,,,b6c0879,2.9.1+cu128,1.35.2,cpu (20 cores),torch_threads=1;polars_threads=1;cuda=False,2026-07-14T17:31:09+00:00
cpu-single,matvec_ii,"ik,k->i",30000,0.5,ceinsum,5,2,ok,58728,,238.307,241.696;228.029;238.307;235.248;240.067,,b6c0879,2.9.1+cu128,1.35.2,cpu (20 cores),torch_threads=1;polars_threads=1;cuda=False,2026-07-14T17:31:10+00:00
cpu-single,matvec_ii,"ik,k->i",100000,0.5,ceinsum,5,2,started,,,,,,b6c0879,2.9.1+cu128,1.35.2,cpu (20 cores),torch_threads=1;polars_threads=1;cuda=False,2026-07-14T17:31:10+00:00
cpu-single,matvec_ii,"ik,k->i",100000,0.5,ceinsum,5,2,ok,197355,,1869.819,1869.973;1869.194;1869.817;1870.069;1869.819,,b6c0879,2.9.1+cu128,1.35.2,cpu (20 cores),torch_threads=1;polars_threads=1;cuda=False,2026-07-14T17:31:23+00:00
cpu-single,matvec_ii,"ik,k->i",25,0.5,table_ceinsum,5,2,started,,,,,,b6c0879,2.9.1+cu128,1.35.2,cpu (20 cores),torch_threads=1;polars_threads=1;cuda=False,2026-07-14T17:31:23+00:00
cpu-single,matvec_ii,"ik,k->i",25,0.5,table_ceinsum,5,2,ok,49,,0.327,0.328;0.327;0.326;0.324;0.329,,b6c0879,2.9.1+cu128,1.35.2,cpu (20 cores),torch_threads=1;polars_threads=1;cuda=False,2026-07-14T17:31:23+00:00
cpu-single,matvec_ii,"ik,k->i",50,0.5,table_ceinsum,5,2,started,,,,,,b6c0879,2.9.1+cu128,1.35.2,cpu (20 cores),torch_threads=1;polars_threads=1;cuda=False,2026-07-14T17:31:23+00:00
cpu-single,matvec_ii,"ik,k->i",50,0.5,table_ceinsum,5,2,ok,99,,0.826,0.826;0.826;0.893;0.812;0.800,,b6c0879,2.9.1+cu128,1.35.2,cpu (20 cores),torch_threads=1;polars_threads=1;cuda=False,2026-07-14T17:31:23+00:00
cpu-single,matvec_ii,"ik,k->i",100,0.5,table_ceinsum,5,2,started,,,,,,b6c0879,2.9.1+cu128,1.35.2,cpu (20 cores),torch_threads=1;polars_threads=1;cuda=False,2026-07-14T17:31:23+00:00
cpu-single,matvec_ii,"ik,k->i",100,0.5,table_ceinsum,5,2,ok,199,,4.935,4.935;4.881;4.954;4.872;5.106,,b6c0879,2.9.1+cu128,1.35.2,cpu (20 cores),torch_threads=1;polars_threads=1;cuda=False,2026-07-14T17:31:23+00:00
cpu-single,matvec_ii,"ik,k->i",200,0.5,table_ceinsum,5,2,started,,,,,,b6c0879,2.9.1+cu128,1.35.2,cpu (20 cores),torch_threads=1;polars_threads=1;cuda=False,2026-07-14T17:31:23+00:00
cpu-single,matvec_ii,"ik,k->i",200,0.5,table_ceinsum,5,2,ok,399,,77.429,77.429;77.464;77.719;77.381;77.421,,b6c0879,2.9.1+cu128,1.35.2,cpu (20 cores),torch_threads=1;polars_threads=1;cuda=False,2026-07-14T17:31:24+00:00
cpu-single,matvec_ii,"ik,k->i",400,0.5,table_ceinsum,5,2,started,,,,,,b6c0879,2.9.1+cu128,1.35.2,cpu (20 cores),torch_threads=1;polars_threads=1;cuda=False,2026-07-14T17:31:24+00:00
cpu-single,matvec_ii,"ik,k->i",400,0.5,table_ceinsum,5,2,ok,799,,628.481,628.475;628.141;629.424;628.578;628.481,,b6c0879,2.9.1+cu128,1.35.2,cpu (20 cores),torch_threads=1;polars_threads=1;cuda=False,2026-07-14T17:31:28+00:00
cpu-single,matvec_ii,"ik,k->i",800,0.5,table_ceinsum,5,2,skipped_guard,,,,,predicted table 1.0e+09 elems (1599×800×800) > 2e+08,b6c0879,2.9.1+cu128,1.35.2,cpu (20 cores),torch_threads=1;polars_threads=1;cuda=False,2026-07-14T17:31:28+00:00
cpu-single,matmul_ii,"ik,kj->ij",100,0.5,ceinsum,5,2,started,,,,,,b6c0879,2.9.1+cu128,1.35.2,cpu (20 cores),torch_threads=1;polars_threads=1;cuda=False,2026-07-14T17:31:28+00:00
cpu-single,matmul_ii,"ik,kj->ij",100,0.5,ceinsum,5,2,ok,214,1.56e-07,1.180,1.177;1.180;1.185;1.180;1.183,,b6c0879,2.9.1+cu128,1.35.2,cpu (20 cores),torch_threads=1;polars_threads=1;cuda=False,2026-07-14T17:31:28+00:00
cpu-single,matmul_ii,"ik,kj->ij",300,0.5,ceinsum,5,2,started,,,,,,b6c0879,2.9.1+cu128,1.35.2,cpu (20 cores),torch_threads=1;polars_threads=1;cuda=False,2026-07-14T17:31:28+00:00
cpu-single,matmul_ii,"ik,kj->ij",300,0.5,ceinsum,5,2,ok,839,1.95e-07,3.164,3.882;3.527;3.164;3.027;2.800,,b6c0879,2.9.1+cu128,1.35.2,cpu (20 cores),torch_threads=1;polars_threads=1;cuda=False,2026-07-14T17:31:29+00:00
cpu-single,matmul_ii,"ik,kj->ij",1000,0.5,ceinsum,5,2,started,,,,,,b6c0879,2.9.1+cu128,1.35.2,cpu (20 cores),torch_threads=1;polars_threads=1;cuda=False,2026-07-14T17:31:29+00:00
cpu-single,matmul_ii,"ik,kj->ij",1000,0.5,ceinsum,5,2,ok,2020,,7.867,7.886;7.863;7.861;7.867;7.881,,b6c0879,2.9.1+cu128,1.35.2,cpu (20 cores),torch_threads=1;polars_threads=1;cuda=False,2026-07-14T17:31:29+00:00
cpu-single,matmul_ii,"ik,kj->ij",3000,0.5,ceinsum,5,2,started,,,,,,b6c0879,2.9.1+cu128,1.35.2,cpu (20 cores),torch_threads=1;polars_threads=1;cuda=False,2026-07-14T17:31:29+00:00
cpu-single,matmul_ii,"ik,kj->ij",3000,0.5,ceinsum,5,2,ok,9216,,43.653,43.681;43.861;43.347;43.428;43.653,,b6c0879,2.9.1+cu128,1.35.2,cpu (20 cores),torch_threads=1;polars_threads=1;cuda=False,2026-07-14T17:31:29+00:00
cpu-single,matmul_ii,"ik,kj->ij",10000,0.5,ceinsum,5,2,started,,,,,,b6c0879,2.9.1+cu128,1.35.2,cpu (20 cores),torch_threads=1;polars_threads=1;cuda=False,2026-07-14T17:31:29+00:00
cpu-single,matmul_ii,"ik,kj->ij",10000,0.5,ceinsum,5,2,ok,23716,,311.531,323.606;306.551;305.965;331.839;311.531,,b6c0879,2.9.1+cu128,1.35.2,cpu (20 cores),torch_threads=1;polars_threads=1;cuda=False,2026-07-14T17:31:31+00:00
cpu-single,matmul_ii,"ik,kj->ij",30000,0.5,ceinsum,5,2,started,,,,,,b6c0879,2.9.1+cu128,1.35.2,cpu (20 cores),torch_threads=1;polars_threads=1;cuda=False,2026-07-14T17:31:31+00:00
cpu-single,matmul_ii,"ik,kj->ij",30000,0.5,ceinsum,5,2,ok,69169,,2109.964,2148.022;2109.964;2100.004;2204.607;2104.662,,b6c0879,2.9.1+cu128,1.35.2,cpu (20 cores),torch_threads=1;polars_threads=1;cuda=False,2026-07-14T17:31:46+00:00
cpu-single,matmul_ii,"ik,kj->ij",100000,0.5,ceinsum,5,2,started,,,,,,b6c0879,2.9.1+cu128,1.35.2,cpu (20 cores),torch_threads=1;polars_threads=1;cuda=False,2026-07-14T17:31:46+00:00
cpu-single,matmul_ii,"ik,kj->ij",100000,0.5,ceinsum,5,2,ok,225625,,14416.480,14423.820;14423.363;14416.480;14410.548;14409.464,,b6c0879,2.9.1+cu128,1.35.2,cpu (20 cores),torch_threads=1;polars_threads=1;cuda=False,2026-07-14T17:33:27+00:00
cpu-single,matmul_ii,"ik,kj->ij",25,0.5,table_ceinsum,5,2,started,,,,,,b6c0879,2.9.1+cu128,1.35.2,cpu (20 cores),torch_threads=1;polars_threads=1;cuda=False,2026-07-14T17:33:27+00:00
cpu-single,matmul_ii,"ik,kj->ij",25,0.5,table_ceinsum,5,2,ok,49,,0.424,0.467;0.424;0.432;0.423;0.422,,b6c0879,2.9.1+cu128,1.35.2,cpu (20 cores),torch_threads=1;polars_threads=1;cuda=False,2026-07-14T17:33:27+00:00
cpu-single,matmul_ii,"ik,kj->ij",50,0.5,table_ceinsum,5,2,started,,,,,,b6c0879,2.9.1+cu128,1.35.2,cpu (20 cores),torch_threads=1;polars_threads=1;cuda=False,2026-07-14T17:33:27+00:00
cpu-single,matmul_ii,"ik,kj->ij",50,0.5,table_ceinsum,5,2,ok,121,,1.038,1.057;1.044;1.038;1.035;1.034,,b6c0879,2.9.1+cu128,1.35.2,cpu (20 cores),torch_threads=1;polars_threads=1;cuda=False,2026-07-14T17:33:27+00:00
cpu-single,matmul_ii,"ik,kj->ij",100,0.5,table_ceinsum,5,2,started,,,,,,b6c0879,2.9.1+cu128,1.35.2,cpu (20 cores),torch_threads=1;polars_threads=1;cuda=False,2026-07-14T17:33:27+00:00
cpu-single,matmul_ii,"ik,kj->ij",100,0.5,table_ceinsum,5,2,ok,289,,7.907,9.601;7.986;7.722;7.907;7.744,,b6c0879,2.9.1+cu128,1.35.2,cpu (20 cores),torch_threads=1;polars_threads=1;cuda=False,2026-07-14T17:33:27+00:00
cpu-single,matmul_ii,"ik,kj->ij",200,0.5,table_ceinsum,5,2,started,,,,,,b6c0879,2.9.1+cu128,1.35.2,cpu (20 cores),torch_threads=1;polars_threads=1;cuda=False,2026-07-14T17:33:27+00:00
cpu-single,matmul_ii,"ik,kj->ij",200,0.5,table_ceinsum,5,2,ok,529,,104.471,111.172;104.471;104.460;104.360;105.399,,b6c0879,2.9.1+cu128,1.35.2,cpu (20 cores),torch_threads=1;polars_threads=1;cuda=False,2026-07-14T17:33:28+00:00
cpu-single,matmul_ii,"ik,kj->ij",400,0.5,table_ceinsum,5,2,skipped_guard,,,,,predicted table 2.1e+08 elems (36×36×400×400) > 2e+08,b6c0879,2.9.1+cu128,1.35.2,cpu (20 cores),torch_threads=1;polars_threads=1;cuda=False,2026-07-14T17:33:28+00:00
cpu-single,matmul_ii,"ik,kj->ij",800,0.5,table_ceinsum,5,2,skipped_prior_fail,,,,,,b6c0879,2.9.1+cu128,1.35.2,cpu (20 cores),torch_threads=1;polars_threads=1;cuda=False,2026-07-14T17:33:28+00:00
cpu-single,triple_contract_pii,"ij,ik,kj->ij",100,0.5,ceinsum,5,2,started,,,,,,b6c0879,2.9.1+cu128,1.35.2,cpu (20 cores),torch_threads=1;polars_threads=1;cuda=False,2026-07-14T17:33:28+00:00
cpu-single,triple_contract_pii,"ij,ik,kj->ij",100,0.5,ceinsum,5,2,ok,66,6.53e-08,0.862,0.867;0.856;0.866;0.862;0.862,,b6c0879,2.9.1+cu128,1.35.2,cpu (20 cores),torch_threads=1;polars_threads=1;cuda=False,2026-07-14T17:33:28+00:00
cpu-single,triple_contract_pii,"ij,ik,kj->ij",300,0.5,ceinsum,5,2,started,,,,,,b6c0879,2.9.1+cu128,1.35.2,cpu (20 cores),torch_threads=1;polars_threads=1;cuda=False,2026-07-14T17:33:28+00:00
cpu-single,triple_contract_pii,"ij,ik,kj->ij",300,0.5,ceinsum,5,2,ok,214,1.14e-07,3.017,3.026;3.019;2.969;2.957;3.017,,b6c0879,2.9.1+cu128,1.35.2,cpu (20 cores),torch_threads=1;polars_threads=1;cuda=False,2026-07-14T17:33:28+00:00
cpu-single,triple_contract_pii,"ij,ik,kj->ij",1000,0.5,ceinsum,5,2,started,,,,,,b6c0879,2.9.1+cu128,1.35.2,cpu (20 cores),torch_threads=1;polars_threads=1;cuda=False,2026-07-14T17:33:28+00:00
cpu-single,triple_contract_pii,"ij,ik,kj->ij",1000,0.5,ceinsum,5,2,ok,863,,49.543,48.277;49.723;49.279;49.543;49.688,,b6c0879,2.9.1+cu128,1.35.2,cpu (20 cores),torch_threads=1;polars_threads=1;cuda=False,2026-07-14T17:33:29+00:00
cpu-single,triple_contract_pii,"ij,ik,kj->ij",3000,0.5,ceinsum,5,2,started,,,,,,b6c0879,2.9.1+cu128,1.35.2,cpu (20 cores),torch_threads=1;polars_threads=1;cuda=False,2026-07-14T17:33:29+00:00
cpu-single,triple_contract_pii,"ij,ik,kj->ij",3000,0.5,ceinsum,5,2,ok,2907,,1026.298,1025.558;1032.119;1027.474;1026.298;1026.281,,b6c0879,2.9.1+cu128,1.35.2,cpu (20 cores),torch_threads=1;polars_threads=1;cuda=False,2026-07-14T17:33:36+00:00
cpu-single,triple_contract_pii,"ij,ik,kj->ij",10000,0.5,ceinsum,5,2,started,,,,,,b6c0879,2.9.1+cu128,1.35.2,cpu (20 cores),torch_threads=1;polars_threads=1;cuda=False,2026-07-14T17:33:36+00:00
cpu-single,triple_contract_pii,"ij,ik,kj->ij",10000,0.5,ceinsum,5,2,ok,9938,,20339.125,20363.697;20333.411;20326.437;20342.222;20339.125,,b6c0879,2.9.1+cu128,1.35.2,cpu (20 cores),torch_threads=1;polars_threads=1;cuda=False,2026-07-14T17:35:58+00:00
cpu-single,triple_contract_pii,"ij,ik,kj->ij",30000,0.5,ceinsum,5,2,started,,,,,,b6c0879,2.9.1+cu128,1.35.2,cpu (20 cores),torch_threads=1;polars_threads=1;cuda=False,2026-07-14T17:35:58+00:00
cpu-single,triple_contract_pii,"ij,ik,kj->ij",30000,0.5,ceinsum,5,2,oom,,,,,RuntimeError: [enforce fail at alloc_cpu.cpp:124] err == 0. DefaultCPUAllocator: can't allocate memory: you tried to allocate 60989730000 bytes. Error code 12 (Cannot allocate memory),b6c0879,2.9.1+cu128,1.35.2,cpu (20 cores),torch_threads=1;polars_threads=1;cuda=False,2026-07-14T17:36:41+00:00
cpu-single,triple_contract_pii,"ij,ik,kj->ij",100000,0.5,ceinsum,5,2,skipped_prior_fail,,,,,,b6c0879,2.9.1+cu128,1.35.2,cpu (20 cores),torch_threads=1;polars_threads=1;cuda=False,2026-07-14T17:36:41+00:00
cpu-single,triple_contract_pii,"ij,ik,kj->ij",25,0.5,table_ceinsum,5,2,started,,,,,,b6c0879,2.9.1+cu128,1.35.2,cpu (20 cores),torch_threads=1;polars_threads=1;cuda=False,2026-07-14T17:36:41+00:00
cpu-single,triple_contract_pii,"ij,ik,kj->ij",25,0.5,table_ceinsum,5,2,ok,56,,2.785,2.785;3.295;2.784;2.797;2.740,,b6c0879,2.9.1+cu128,1.35.2,cpu (20 cores),torch_threads=1;polars_threads=1;cuda=False,2026-07-14T17:36:41+00:00
cpu-single,triple_contract_pii,"ij,ik,kj->ij",50,0.5,table_ceinsum,5,2,started,,,,,,b6c0879,2.9.1+cu128,1.35.2,cpu (20 cores),torch_threads=1;polars_threads=1;cuda=False,2026-07-14T17:36:41+00:00
cpu-single,triple_contract_pii,"ij,ik,kj->ij",50,0.5,table_ceinsum,5,2,ok,100,,66.487,68.363;66.487;66.478;66.505;66.476,,b6c0879,2.9.1+cu128,1.35.2,cpu (20 cores),torch_threads=1;polars_threads=1;cuda=False,2026-07-14T17:36:41+00:00
cpu-single,triple_contract_pii,"ij,ik,kj->ij",100,0.5,table_ceinsum,5,2,skipped_guard,,,,,predicted table 2.2e+08 elems (15×15×100×100×100) > 2e+08,b6c0879,2.9.1+cu128,1.35.2,cpu (20 cores),torch_threads=1;polars_threads=1;cuda=False,2026-07-14T17:36:41+00:00
cpu-single,triple_contract_pii,"ij,ik,kj->ij",200,0.5,table_ceinsum,5,2,skipped_prior_fail,,,,,,b6c0879,2.9.1+cu128,1.35.2,cpu (20 cores),torch_threads=1;polars_threads=1;cuda=False,2026-07-14T17:36:41+00:00
cpu-single,triple_contract_pii,"ij,ik,kj->ij",400,0.5,table_ceinsum,5,2,skipped_prior_fail,,,,,,b6c0879,2.9.1+cu128,1.35.2,cpu (20 cores),torch_threads=1;polars_threads=1;cuda=False,2026-07-14T17:36:41+00:00
cpu-single,triple_contract_pii,"ij,ik,kj->ij",800,0.5,table_ceinsum,5,2,skipped_prior_fail,,,,,,b6c0879,2.9.1+cu128,1.35.2,cpu (20 cores),torch_threads=1;polars_threads=1;cuda=False,2026-07-14T17:36:41+00:00
cpu-single,box_search,"xy,xy->xy",100,0.5,ceinsum,5,2,started,,,,,,b6c0879,2.9.1+cu128,1.35.2,cpu (20 cores),torch_threads=1;polars_threads=1;cuda=False,2026-07-14T17:36:41+00:00
cpu-single,box_search,"xy,xy->xy",100,0.5,ceinsum,5,2,ok,15,0.00e+00,0.296,0.300;0.304;0.294;0.296;0.295,,b6c0879,2.9.1+cu128,1.35.2,cpu (20 cores),torch_threads=1;polars_threads=1;cuda=False,2026-07-14T17:36:41+00:00
cpu-single,box_search,"xy,xy->xy",300,0.5,ceinsum,5,2,started,,,,,,b6c0879,2.9.1+cu128,1.35.2,cpu (20 cores),torch_threads=1;polars_threads=1;cuda=False,2026-07-14T17:36:41+00:00
cpu-single,box_search,"xy,xy->xy",300,0.5,ceinsum,5,2,ok,32,0.00e+00,0.307,0.307;0.305;0.311;0.308;0.306,,b6c0879,2.9.1+cu128,1.35.2,cpu (20 cores),torch_threads=1;polars_threads=1;cuda=False,2026-07-14T17:36:41+00:00
cpu-single,box_search,"xy,xy->xy",1000,0.5,ceinsum,5,2,started,,,,,,b6c0879,2.9.1+cu128,1.35.2,cpu (20 cores),torch_threads=1;polars_threads=1;cuda=False,2026-07-14T17:36:41+00:00
cpu-single,box_search,"xy,xy->xy",1000,0.5,ceinsum,5,2,ok,114,,0.344,0.342;0.344;0.348;0.343;0.344,,b6c0879,2.9.1+cu128,1.35.2,cpu (20 cores),torch_threads=1;polars_threads=1;cuda=False,2026-07-14T17:36:41+00:00
cpu-single,box_search,"xy,xy->xy",3000,0.5,ceinsum,5,2,started,,,,,,b6c0879,2.9.1+cu128,1.35.2,cpu (20 cores),torch_threads=1;polars_threads=1;cuda=False,2026-07-14T17:36:41+00:00
cpu-single,box_search,"xy,xy->xy",3000,0.5,ceinsum,5,2,ok,342,,0.438,0.438;0.438;0.444;0.439;0.436,,b6c0879,2.9.1+cu128,1.35.2,cpu (20 cores),torch_threads=1;polars_threads=1;cuda=False,2026-07-14T17:36:41+00:00
cpu-single,box_search,"xy,xy->xy",10000,0.5,ceinsum,5,2,started,,,,,,b6c0879,2.9.1+cu128,1.35.2,cpu (20 cores),torch_threads=1;polars_threads=1;cuda=False,2026-07-14T17:36:41+00:00
cpu-single,box_search,"xy,xy->xy",10000,0.5,ceinsum,5,2,ok,1145,,0.741,0.742;0.740;0.741;0.739;0.743,,b6c0879,2.9.1+cu128,1.35.2,cpu (20 cores),torch_threads=1;polars_threads=1;cuda=False,2026-07-14T17:36:41+00:00
cpu-single,box_search,"xy,xy->xy",30000,0.5,ceinsum,5,2,started,,,,,,b6c0879,2.9.1+cu128,1.35.2,cpu (20 cores),torch_threads=1;polars_threads=1;cuda=False,2026-07-14T17:36:41+00:00
cpu-single,box_search,"xy,xy->xy",30000,0.5,ceinsum,5,2,ok,3503,,1.630,1.630;1.638;1.666;1.627;1.629,,b6c0879,2.9.1+cu128,1.35.2,cpu (20 cores),torch_threads=1;polars_threads=1;cuda=False,2026-07-14T17:36:41+00:00
cpu-single,box_search,"xy,xy->xy",100000,0.5,ceinsum,5,2,started,,,,,,b6c0879,2.9.1+cu128,1.35.2,cpu (20 cores),torch_threads=1;polars_threads=1;cuda=False,2026-07-14T17:36:41+00:00
cpu-single,box_search,"xy,xy->xy",100000,0.5,ceinsum,5,2,ok,11785,,4.778,4.783;4.778;4.772;4.771;4.778,,b6c0879,2.9.1+cu128,1.35.2,cpu (20 cores),torch_threads=1;polars_threads=1;cuda=False,2026-07-14T17:36:41+00:00
cpu-single,box_search,"xy,xy->xy",25,0.5,table_ceinsum,5,2,started,,,,,,b6c0879,2.9.1+cu128,1.35.2,cpu (20 cores),torch_threads=1;polars_threads=1;cuda=False,2026-07-14T17:36:41+00:00
cpu-single,box_search,"xy,xy->xy",25,0.5,table_ceinsum,5,2,ok,64,,0.277,0.279;0.279;0.277;0.275;0.275,,b6c0879,2.9.1+cu128,1.35.2,cpu (20 cores),torch_threads=1;polars_threads=1;cuda=False,2026-07-14T17:36:41+00:00
cpu-single,box_search,"xy,xy->xy",50,0.5,table_ceinsum,5,2,started,,,,,,b6c0879,2.9.1+cu128,1.35.2,cpu (20 cores),torch_threads=1;polars_threads=1;cuda=False,2026-07-14T17:36:41+00:00
cpu-single,box_search,"xy,xy->xy",50,0.5,table_ceinsum,5,2,ok,100,,0.289,0.289;0.295;0.287;0.286;0.289,,b6c0879,2.9.1+cu128,1.35.2,cpu (20 cores),torch_threads=1;polars_threads=1;cuda=False,2026-07-14T17:36:41+00:00
cpu-single,box_search,"xy,xy->xy",100,0.5,table_ceinsum,5,2,started,,,,,,b6c0879,2.9.1+cu128,1.35.2,cpu (20 cores),torch_threads=1;polars_threads=1;cuda=False,2026-07-14T17:36:41+00:00
cpu-single,box_search,"xy,xy->xy",100,0.5,table_ceinsum,5,2,ok,225,,0.323,0.325;0.324;0.323;0.323;0.320,,b6c0879,2.9.1+cu128,1.35.2,cpu (20 cores),torch_threads=1;polars_threads=1;cuda=False,2026-07-14T17:36:41+00:00
cpu-single,box_search,"xy,xy->xy",200,0.5,table_ceinsum,5,2,started,,,,,,b6c0879,2.9.1+cu128,1.35.2,cpu (20 cores),torch_threads=1;polars_threads=1;cuda=False,2026-07-14T17:36:41+00:00
cpu-single,box_search,"xy,xy->xy",200,0.5,table_ceinsum,5,2,ok,400,,0.423,0.425;0.423;0.423;0.422;0.423,,b6c0879,2.9.1+cu128,1.35.2,cpu (20 cores),torch_threads=1;polars_threads=1;cuda=False,2026-07-14T17:36:41+00:00
cpu-single,box_search,"xy,xy->xy",400,0.5,table_ceinsum,5,2,started,,,,,,b6c0879,2.9.1+cu128,1.35.2,cpu (20 cores),torch_threads=1;polars_threads=1;cuda=False,2026-07-14T17:36:41+00:00
cpu-single,box_search,"xy,xy->xy",400,0.5,table_ceinsum,5,2,ok,841,,0.822,0.822;0.822;0.825;0.820;0.821,,b6c0879,2.9.1+cu128,1.35.2,cpu (20 cores),torch_threads=1;polars_threads=1;cuda=False,2026-07-14T17:36:41+00:00
cpu-single,box_search,"xy,xy->xy",800,0.5,table_ceinsum,5,2,started,,,,,,b6c0879,2.9.1+cu128,1.35.2,cpu (20 cores),torch_threads=1;polars_threads=1;cuda=False,2026-07-14T17:36:41+00:00
cpu-single,box_search,"xy,xy->xy",800,0.5,table_ceinsum,5,2,ok,1600,,2.286,2.296;2.283;2.286;2.286;2.279,,b6c0879,2.9.1+cu128,1.35.2,cpu (20 cores),torch_threads=1;polars_threads=1;cuda=False,2026-07-14T17:36:41+00:00
cpu-multi,pointwise_1d_ii,"i,i->i",100,0.5,ceinsum,5,2,started,,,,,,b6c0879,2.9.1+cu128,1.35.2,cpu (20 cores),torch_threads=10;polars_threads=20;cuda=False,2026-07-14T17:36:43+00:00
cpu-multi,pointwise_1d_ii,"i,i->i",100,0.5,ceinsum,5,2,ok,47,0.00e+00,0.285,0.593;0.394;0.285;0.278;0.278,,b6c0879,2.9.1+cu128,1.35.2,cpu (20 cores),torch_threads=10;polars_threads=20;cuda=False,2026-07-14T17:36:43+00:00
cpu-multi,pointwise_1d_ii,"i,i->i",300,0.5,ceinsum,5,2,started,,,,,,b6c0879,2.9.1+cu128,1.35.2,cpu (20 cores),torch_threads=10;polars_threads=20;cuda=False,2026-07-14T17:36:43+00:00
cpu-multi,pointwise_1d_ii,"i,i->i",300,0.5,ceinsum,5,2,ok,144,0.00e+00,0.303,0.304;0.304;0.303;0.303;0.301,,b6c0879,2.9.1+cu128,1.35.2,cpu (20 cores),torch_threads=10;polars_threads=20;cuda=False,2026-07-14T17:36:43+00:00
cpu-multi,pointwise_1d_ii,"i,i->i",1000,0.5,ceinsum,5,2,started,,,,,,b6c0879,2.9.1+cu128,1.35.2,cpu (20 cores),torch_threads=10;polars_threads=20;cuda=False,2026-07-14T17:36:43+00:00
cpu-multi,pointwise_1d_ii,"i,i->i",1000,0.5,ceinsum,5,2,ok,459,,0.349,0.350;0.347;0.349;0.347;0.349,,b6c0879,2.9.1+cu128,1.35.2,cpu (20 cores),torch_threads=10;polars_threads=20;cuda=False,2026-07-14T17:36:43+00:00
cpu-multi,pointwise_1d_ii,"i,i->i",3000,0.5,ceinsum,5,2,started,,,,,,b6c0879,2.9.1+cu128,1.35.2,cpu (20 cores),torch_threads=10;polars_threads=20;cuda=False,2026-07-14T17:36:43+00:00
cpu-multi,pointwise_1d_ii,"i,i->i",3000,0.5,ceinsum,5,2,ok,1435,,0.470,0.470;0.467;0.470;0.470;0.473,,b6c0879,2.9.1+cu128,1.35.2,cpu (20 cores),torch_threads=10;polars_threads=20;cuda=False,2026-07-14T17:36:43+00:00
cpu-multi,pointwise_1d_ii,"i,i->i",10000,0.5,ceinsum,5,2,started,,,,,,b6c0879,2.9.1+cu128,1.35.2,cpu (20 cores),torch_threads=10;polars_threads=20;cuda=False,2026-07-14T17:36:43+00:00
cpu-multi,pointwise_1d_ii,"i,i->i",10000,0.5,ceinsum,5,2,ok,4586,,0.789,0.790;0.789;0.785;0.785;0.790,,b6c0879,2.9.1+cu128,1.35.2,cpu (20 cores),torch_threads=10;polars_threads=20;cuda=False,2026-07-14T17:36:43+00:00
cpu-multi,pointwise_1d_ii,"i,i->i",30000,0.5,ceinsum,5,2,started,,,,,,b6c0879,2.9.1+cu128,1.35.2,cpu (20 cores),torch_threads=10;polars_threads=20;cuda=False,2026-07-14T17:36:43+00:00
cpu-multi,pointwise_1d_ii,"i,i->i",30000,0.5,ceinsum,5,2,ok,13746,,1.608,1.600;1.608;1.618;1.604;1.623,,b6c0879,2.9.1+cu128,1.35.2,cpu (20 cores),torch_threads=10;polars_threads=20;cuda=False,2026-07-14T17:36:43+00:00
cpu-multi,pointwise_1d_ii,"i,i->i",100000,0.5,ceinsum,5,2,started,,,,,,b6c0879,2.9.1+cu128,1.35.2,cpu (20 cores),torch_threads=10;polars_threads=20;cuda=False,2026-07-14T17:36:43+00:00
cpu-multi,pointwise_1d_ii,"i,i->i",100000,0.5,ceinsum,5,2,ok,46200,,3.648,3.601;3.655;3.586;3.648;3.652,,b6c0879,2.9.1+cu128,1.35.2,cpu (20 cores),torch_threads=10;polars_threads=20;cuda=False,2026-07-14T17:36:43+00:00
cpu-multi,pointwise_1d_ii,"i,i->i",25,0.5,table_ceinsum,5,2,started,,,,,,b6c0879,2.9.1+cu128,1.35.2,cpu (20 cores),torch_threads=10;polars_threads=20;cuda=False,2026-07-14T17:36:43+00:00
cpu-multi,pointwise_1d_ii,"i,i->i",25,0.5,table_ceinsum,5,2,ok,99,,0.330,0.330;0.330;0.342;0.330;0.328,,b6c0879,2.9.1+cu128,1.35.2,cpu (20 cores),torch_threads=10;polars_threads=20;cuda=False,2026-07-14T17:36:43+00:00
cpu-multi,pointwise_1d_ii,"i,i->i",50,0.5,table_ceinsum,5,2,started,,,,,,b6c0879,2.9.1+cu128,1.35.2,cpu (20 cores),torch_threads=10;polars_threads=20;cuda=False,2026-07-14T17:36:43+00:00
cpu-multi,pointwise_1d_ii,"i,i->i",50,0.5,table_ceinsum,5,2,ok,199,,0.376,0.379;0.375;0.376;0.375;0.380,,b6c0879,2.9.1+cu128,1.35.2,cpu (20 cores),torch_threads=10;polars_threads=20;cuda=False,2026-07-14T17:36:43+00:00
cpu-multi,pointwise_1d_ii,"i,i->i",100,0.5,table_ceinsum,5,2,started,,,,,,b6c0879,2.9.1+cu128,1.35.2,cpu (20 cores),torch_threads=10;polars_threads=20;cuda=False,2026-07-14T17:36:43+00:00
cpu-multi,pointwise_1d_ii,"i,i->i",100,0.5,table_ceinsum,5,2,ok,399,,3.242,2.916;3.234;3.630;5.594;3.242,,b6c0879,2.9.1+cu128,1.35.2,cpu (20 cores),torch_threads=10;polars_threads=20;cuda=False,2026-07-14T17:36:43+00:00
cpu-multi,pointwise_1d_ii,"i,i->i",200,0.5,table_ceinsum,5,2,started,,,,,,b6c0879,2.9.1+cu128,1.35.2,cpu (20 cores),torch_threads=10;polars_threads=20;cuda=False,2026-07-14T17:36:43+00:00
cpu-multi,pointwise_1d_ii,"i,i->i",200,0.5,table_ceinsum,5,2,ok,799,,35.013,35.135;34.940;35.015;34.947;35.013,,b6c0879,2.9.1+cu128,1.35.2,cpu (20 cores),torch_threads=10;polars_threads=20;cuda=False,2026-07-14T17:36:43+00:00
cpu-multi,pointwise_1d_ii,"i,i->i",400,0.5,table_ceinsum,5,2,skipped_guard,,,,,predicted table 2.6e+08 elems (1599×400×400) > 2e+08,b6c0879,2.9.1+cu128,1.35.2,cpu (20 cores),torch_threads=10;polars_threads=20;cuda=False,2026-07-14T17:36:43+00:00
cpu-multi,pointwise_1d_ii,"i,i->i",800,0.5,table_ceinsum,5,2,skipped_prior_fail,,,,,,b6c0879,2.9.1+cu128,1.35.2,cpu (20 cores),torch_threads=10;polars_threads=20;cuda=False,2026-07-14T17:36:43+00:00
cpu-multi,pointwise_2d_ii,"ij,ij->ij",100,0.5,ceinsum,5,2,started,,,,,,b6c0879,2.9.1+cu128,1.35.2,cpu (20 cores),torch_threads=10;polars_threads=20;cuda=False,2026-07-14T17:36:43+00:00
cpu-multi,pointwise_2d_ii,"ij,ij->ij",100,0.5,ceinsum,5,2,ok,29,0.00e+00,0.398,0.399;0.405;0.398;0.393;0.392,,b6c0879,2.9.1+cu128,1.35.2,cpu (20 cores),torch_threads=10;polars_threads=20;cuda=False,2026-07-14T17:36:43+00:00
cpu-multi,pointwise_2d_ii,"ij,ij->ij",300,0.5,ceinsum,5,2,started,,,,,,b6c0879,2.9.1+cu128,1.35.2,cpu (20 cores),torch_threads=10;polars_threads=20;cuda=False,2026-07-14T17:36:43+00:00
cpu-multi,pointwise_2d_ii,"ij,ij->ij",300,0.5,ceinsum,5,2,ok,74,0.00e+00,0.497,0.501;0.497;0.497;0.504;0.494,,b6c0879,2.9.1+cu128,1.35.2,cpu (20 cores),torch_threads=10;polars_threads=20;cuda=False,2026-07-14T17:36:43+00:00
cpu-multi,pointwise_2d_ii,"ij,ij->ij",1000,0.5,ceinsum,5,2,started,,,,,,b6c0879,2.9.1+cu128,1.35.2,cpu (20 cores),torch_threads=10;polars_threads=20;cuda=False,2026-07-14T17:36:43+00:00
cpu-multi,pointwise_2d_ii,"ij,ij->ij",1000,0.5,ceinsum,5,2,ok,292,,0.781,0.781;0.783;0.778;0.786;0.781,,b6c0879,2.9.1+cu128,1.35.2,cpu (20 cores),torch_threads=10;polars_threads=20;cuda=False,2026-07-14T17:36:43+00:00
cpu-multi,pointwise_2d_ii,"ij,ij->ij",3000,0.5,ceinsum,5,2,started,,,,,,b6c0879,2.9.1+cu128,1.35.2,cpu (20 cores),torch_threads=10;polars_threads=20;cuda=False,2026-07-14T17:36:43+00:00
cpu-multi,pointwise_2d_ii,"ij,ij->ij",3000,0.5,ceinsum,5,2,ok,848,,1.373,1.403;1.373;1.358;1.351;1.410,,b6c0879,2.9.1+cu128,1.35.2,cpu (20 cores),torch_threads=10;polars_threads=20;cuda=False,2026-07-14T17:36:43+00:00
cpu-multi,pointwise_2d_ii,"ij,ij->ij",10000,0.5,ceinsum,5,2,started,,,,,,b6c0879,2.9.1+cu128,1.35.2,cpu (20 cores),torch_threads=10;polars_threads=20;cuda=False,2026-07-14T17:36:43+00:00
cpu-multi,pointwise_2d_ii,"ij,ij->ij",10000,0.5,ceinsum,5,2,ok,2764,,8.963,9.076;9.732;8.963;8.607;8.899,,b6c0879,2.9.1+cu128,1.35.2,cpu (20 cores),torch_threads=10;polars_threads=20;cuda=False,2026-07-14T17:36:43+00:00
cpu-multi,pointwise_2d_ii,"ij,ij->ij",30000,0.5,ceinsum,5,2,started,,,,,,b6c0879,2.9.1+cu128,1.35.2,cpu (20 cores),torch_threads=10;polars_threads=20;cuda=False,2026-07-14T17:36:43+00:00
cpu-multi,pointwise_2d_ii,"ij,ij->ij",30000,0.5,ceinsum,5,2,ok,8286,,57.254,57.254;58.380;57.051;55.788;60.816,,b6c0879,2.9.1+cu128,1.35.2,cpu (20 cores),torch_threads=10;polars_threads=20;cuda=False,2026-07-14T17:36:44+00:00
cpu-multi,pointwise_2d_ii,"ij,ij->ij",100000,0.5,ceinsum,5,2,started,,,,,,b6c0879,2.9.1+cu128,1.35.2,cpu (20 cores),torch_threads=10;polars_threads=20;cuda=False,2026-07-14T17:36:44+00:00
cpu-multi,pointwise_2d_ii,"ij,ij->ij",100000,0.5,ceinsum,5,2,ok,27329,,421.065,422.131;420.691;420.431;421.065;425.027,,b6c0879,2.9.1+cu128,1.35.2,cpu (20 cores),torch_threads=10;polars_threads=20;cuda=False,2026-07-14T17:36:47+00:00
cpu-multi,pointwise_2d_ii,"ij,ij->ij",25,0.5,table_ceinsum,5,2,started,,,,,,b6c0879,2.9.1+cu128,1.35.2,cpu (20 cores),torch_threads=10;polars_threads=20;cuda=False,2026-07-14T17:36:47+00:00
cpu-multi,pointwise_2d_ii,"ij,ij->ij",25,0.5,table_ceinsum,5,2,ok,9801,,5.882,6.098;5.960;5.798;5.882;5.872,,b6c0879,2.9.1+cu128,1.35.2,cpu (20 cores),torch_threads=10;polars_threads=20;cuda=False,2026-07-14T17:36:47+00:00
cpu-multi,pointwise_2d_ii,"ij,ij->ij",50,0.5,table_ceinsum,5,2,started,,,,,,b6c0879,2.9.1+cu128,1.35.2,cpu (20 cores),torch_threads=10;polars_threads=20;cuda=False,2026-07-14T17:36:47+00:00
cpu-multi,pointwise_2d_ii,"ij,ij->ij",50,0.5,table_ceinsum,5,2,ok,39601,,106.711,106.426;106.990;106.856;106.711;106.560,,b6c0879,2.9.1+cu128,1.35.2,cpu (20 cores),torch_threads=10;polars_threads=20;cuda=False,2026-07-14T17:36:47+00:00
cpu-multi,pointwise_2d_ii,"ij,ij->ij",100,0.5,table_ceinsum,5,2,skipped_guard,,,,,predicted table 1.6e+09 elems (399×399×100×100) > 2e+08,b6c0879,2.9.1+cu128,1.35.2,cpu (20 cores),torch_threads=10;polars_threads=20;cuda=False,2026-07-14T17:36:47+00:00
cpu-multi,pointwise_2d_ii,"ij,ij->ij",200,0.5,table_ceinsum,5,2,skipped_prior_fail,,,,,,b6c0879,2.9.1+cu128,1.35.2,cpu (20 cores),torch_threads=10;polars_threads=20;cuda=False,2026-07-14T17:36:47+00:00
cpu-multi,pointwise_2d_ii,"ij,ij->ij",400,0.5,table_ceinsum,5,2,skipped_prior_fail,,,,,,b6c0879,2.9.1+cu128,1.35.2,cpu (20 cores),torch_threads=10;polars_threads=20;cuda=False,2026-07-14T17:36:47+00:00
cpu-multi,pointwise_2d_ii,"ij,ij->ij",800,0.5,table_ceinsum,5,2,skipped_prior_fail,,,,,,b6c0879,2.9.1+cu128,1.35.2,cpu (20 cores),torch_threads=10;polars_threads=20;cuda=False,2026-07-14T17:36:47+00:00
cpu-multi,diagonal_ii_i,"ii,i->i",100,0.5,ceinsum,5,2,started,,,,,,b6c0879,2.9.1+cu128,1.35.2,cpu (20 cores),torch_threads=10;polars_threads=20;cuda=False,2026-07-14T17:36:47+00:00
cpu-multi,diagonal_ii_i,"ii,i->i",100,0.5,ceinsum,5,2,ok,13,0.00e+00,0.414,0.414;0.414;0.411;0.411;0.415,,b6c0879,2.9.1+cu128,1.35.2,cpu (20 cores),torch_threads=10;polars_threads=20;cuda=False,2026-07-14T17:36:47+00:00
cpu-multi,diagonal_ii_i,"ii,i->i",300,0.5,ceinsum,5,2,started,,,,,,b6c0879,2.9.1+cu128,1.35.2,cpu (20 cores),torch_threads=10;polars_threads=20;cuda=False,2026-07-14T17:36:47+00:00
cpu-multi,diagonal_ii_i,"ii,i->i",300,0.5,ceinsum,5,2,ok,18,0.00e+00,0.486,0.488;0.487;0.486;0.484;0.486,,b6c0879,2.9.1+cu128,1.35.2,cpu (20 cores),torch_threads=10;polars_threads=20;cuda=False,2026-07-14T17:36:48+00:00
cpu-multi,diagonal_ii_i,"ii,i->i",1000,0.5,ceinsum,5,2,started,,,,,,b6c0879,2.9.1+cu128,1.35.2,cpu (20 cores),torch_threads=10;polars_threads=20;cuda=False,2026-07-14T17:36:48+00:00
cpu-multi,diagonal_ii_i,"ii,i->i",1000,0.5,ceinsum,5,2,ok,144,,0.636,0.644;0.634;0.636;0.636;0.633,,b6c0879,2.9.1+cu128,1.35.2,cpu (20 cores),torch_threads=10;polars_threads=20;cuda=False,2026-07-14T17:36:48+00:00
cpu-multi,diagonal_ii_i,"ii,i->i",3000,0.5,ceinsum,5,2,started,,,,,,b6c0879,2.9.1+cu128,1.35.2,cpu (20 cores),torch_threads=10;polars_threads=20;cuda=False,2026-07-14T17:36:48+00:00
cpu-multi,diagonal_ii_i,"ii,i->i",3000,0.5,ceinsum,5,2,ok,356,,0.981,0.981;0.996;0.974;0.985;0.972,,b6c0879,2.9.1+cu128,1.35.2,cpu (20 cores),torch_threads=10;polars_threads=20;cuda=False,2026-07-14T17:36:48+00:00
cpu-multi,diagonal_ii_i,"ii,i->i",10000,0.5,ceinsum,5,2,started,,,,,,b6c0879,2.9.1+cu128,1.35.2,cpu (20 cores),torch_threads=10;polars_threads=20;cuda=False,2026-07-14T17:36:48+00:00
cpu-multi,diagonal_ii_i,"ii,i->i",10000,0.5,ceinsum,5,2,ok,819,,2.348,2.348;2.342;2.333;2.435;2.381,,b6c0879,2.9.1+cu128,1.35.2,cpu (20 cores),torch_threads=10;polars_threads=20;cuda=False,2026-07-14T17:36:48+00:00
cpu-multi,diagonal_ii_i,"ii,i->i",30000,0.5,ceinsum,5,2,started,,,,,,b6c0879,2.9.1+cu128,1.35.2,cpu (20 cores),torch_threads=10;polars_threads=20;cuda=False,2026-07-14T17:36:48+00:00
cpu-multi,diagonal_ii_i,"ii,i->i",30000,0.5,ceinsum,5,2,ok,3036,,18.062,18.062;18.124;17.847;18.045;18.112,,b6c0879,2.9.1+cu128,1.35.2,cpu (20 cores),torch_threads=10;polars_threads=20;cuda=False,2026-07-14T17:36:48+00:00
cpu-multi,diagonal_ii_i,"ii,i->i",100000,0.5,ceinsum,5,2,started,,,,,,b6c0879,2.9.1+cu128,1.35.2,cpu (20 cores),torch_threads=10;polars_threads=20;cuda=False,2026-07-14T17:36:48+00:00
cpu-multi,diagonal_ii_i,"ii,i->i",100000,0.5,ceinsum,5,2,ok,9862,,144.106,145.441;144.106;143.832;145.355;143.918,,b6c0879,2.9.1+cu128,1.35.2,cpu (20 cores),torch_threads=10;polars_threads=20;cuda=False,2026-07-14T17:36:49+00:00
cpu-multi,diagonal_ii_i,"ii,i->i",25,0.5,table_ceinsum,5,2,started,,,,,,b6c0879,2.9.1+cu128,1.35.2,cpu (20 cores),torch_threads=10;polars_threads=20;cuda=False,2026-07-14T17:36:49+00:00
cpu-multi,diagonal_ii_i,"ii,i->i",25,0.5,table_ceinsum,5,2,ok,149,,0.437,0.440;0.437;0.436;0.438;0.436,,b6c0879,2.9.1+cu128,1.35.2,cpu (20 cores),torch_threads=10;polars_threads=20;cuda=False,2026-07-14T17:36:49+00:00
cpu-multi,diagonal_ii_i,"ii,i->i",50,0.5,table_ceinsum,5,2,started,,,,,,b6c0879,2.9.1+cu128,1.35.2,cpu (20 cores),torch_threads=10;polars_threads=20;cuda=False,2026-07-14T17:36:49+00:00
cpu-multi,diagonal_ii_i,"ii,i->i",50,0.5,table_ceinsum,5,2,ok,299,,0.597,0.600;0.593;0.597;0.595;0.605,,b6c0879,2.9.1+cu128,1.35.2,cpu (20 cores),torch_threads=10;polars_threads=20;cuda=False,2026-07-14T17:36:49+00:00
cpu-multi,diagonal_ii_i,"ii,i->i",100,0.5,table_ceinsum,5,2,started,,,,,,b6c0879,2.9.1+cu128,1.35.2,cpu (20 cores),torch_threads=10;polars_threads=20;cuda=False,2026-07-14T17:36:49+00:00
cpu-multi,diagonal_ii_i,"ii,i->i",100,0.5,table_ceinsum,5,2,ok,599,,6.011,5.625;6.181;6.011;5.720;6.418,,b6c0879,2.9.1+cu128,1.35.2,cpu (20 cores),torch_threads=10;polars_threads=20;cuda=False,2026-07-14T17:36:49+00:00
cpu-multi,diagonal_ii_i,"ii,i->i",200,0.5,table_ceinsum,5,2,started,,,,,,b6c0879,2.9.1+cu128,1.35.2,cpu (20 cores),torch_threads=10;polars_threads=20;cuda=False,2026-07-14T17:36:49+00:00
cpu-multi,diagonal_ii_i,"ii,i->i",200,0.5,table_ceinsum,5,2,ok,1199,,63.628,63.628;63.515;63.636;63.566;63.702,,b6c0879,2.9.1+cu128,1.35.2,cpu (20 cores),torch_threads=10;polars_threads=20;cuda=False,2026-07-14T17:36:49+00:00
cpu-multi,diagonal_ii_i,"ii,i->i",400,0.5,table_ceinsum,5,2,skipped_guard,,,,,predicted table 3.8e+08 elems (2399×400×400) > 2e+08,b6c0879,2.9.1+cu128,1.35.2,cpu (20 cores),torch_threads=10;polars_threads=20;cuda=False,2026-07-14T17:36:49+00:00
cpu-multi,diagonal_ii_i,"ii,i->i",800,0.5,table_ceinsum,5,2,skipped_prior_fail,,,,,,b6c0879,2.9.1+cu128,1.35.2,cpu (20 cores),torch_threads=10;polars_threads=20;cuda=False,2026-07-14T17:36:49+00:00
cpu-multi,matvec_ii,"ik,k->i",100,0.5,ceinsum,5,2,started,,,,,,b6c0879,2.9.1+cu128,1.35.2,cpu (20 cores),torch_threads=10;polars_threads=20;cuda=False,2026-07-14T17:36:49+00:00
cpu-multi,matvec_ii,"ik,k->i",100,0.5,ceinsum,5,2,ok,152,1.55e-07,0.606,0.617;0.612;0.606;0.604;0.603,,b6c0879,2.9.1+cu128,1.35.2,cpu (20 cores),torch_threads=10;polars_threads=20;cuda=False,2026-07-14T17:36:49+00:00
cpu-multi,matvec_ii,"ik,k->i",300,0.5,ceinsum,5,2,started,,,,,,b6c0879,2.9.1+cu128,1.35.2,cpu (20 cores),torch_threads=10;polars_threads=20;cuda=False,2026-07-14T17:36:49+00:00
cpu-multi,matvec_ii,"ik,k->i",300,0.5,ceinsum,5,2,ok,494,1.18e-07,0.820,0.825;0.818;0.820;0.812;0.824,,b6c0879,2.9.1+cu128,1.35.2,cpu (20 cores),torch_threads=10;polars_threads=20;cuda=False,2026-07-14T17:36:49+00:00
cpu-multi,matvec_ii,"ik,k->i",1000,0.5,ceinsum,5,2,started,,,,,,b6c0879,2.9.1+cu128,1.35.2,cpu (20 cores),torch_threads=10;polars_threads=20;cuda=False,2026-07-14T17:36:49+00:00
cpu-multi,matvec_ii,"ik,k->i",1000,0.5,ceinsum,5,2,ok,1807,,1.639,1.638;1.635;1.646;1.639;1.655,,b6c0879,2.9.1+cu128,1.35.2,cpu (20 cores),torch_threads=10;polars_threads=20;cuda=False,2026-07-14T17:36:49+00:00
cpu-multi,matvec_ii,"ik,k->i",3000,0.5,ceinsum,5,2,started,,,,,,b6c0879,2.9.1+cu128,1.35.2,cpu (20 cores),torch_threads=10;polars_threads=20;cuda=False,2026-07-14T17:36:49+00:00
cpu-multi,matvec_ii,"ik,k->i",3000,0.5,ceinsum,5,2,ok,5654,,4.310,4.301;4.311;4.301;4.320;4.310,,b6c0879,2.9.1+cu128,1.35.2,cpu (20 cores),torch_threads=10;polars_threads=20;cuda=False,2026-07-14T17:36:49+00:00
cpu-multi,matvec_ii,"ik,k->i",10000,0.5,ceinsum,5,2,started,,,,,,b6c0879,2.9.1+cu128,1.35.2,cpu (20 cores),torch_threads=10;polars_threads=20;cuda=False,2026-07-14T17:36:49+00:00
cpu-multi,matvec_ii,"ik,k->i",10000,0.5,ceinsum,5,2,ok,19316,,20.301,20.206;20.380;20.316;20.301;20.234,,b6c0879,2.9.1+cu128,1.35.2,cpu (20 cores),torch_threads=10;polars_threads=20;cuda=False,2026-07-14T17:36:50+00:00
cpu-multi,matvec_ii,"ik,k->i",30000,0.5,ceinsum,5,2,started,,,,,,b6c0879,2.9.1+cu128,1.35.2,cpu (20 cores),torch_threads=10;polars_threads=20;cuda=False,2026-07-14T17:36:50+00:00
cpu-multi,matvec_ii,"ik,k->i",30000,0.5,ceinsum,5,2,ok,58728,,132.267,133.179;130.023;133.609;132.267;128.423,,b6c0879,2.9.1+cu128,1.35.2,cpu (20 cores),torch_threads=10;polars_threads=20;cuda=False,2026-07-14T17:36:50+00:00
cpu-multi,matvec_ii,"ik,k->i",100000,0.5,ceinsum,5,2,started,,,,,,b6c0879,2.9.1+cu128,1.35.2,cpu (20 cores),torch_threads=10;polars_threads=20;cuda=False,2026-07-14T17:36:50+00:00
cpu-multi,matvec_ii,"ik,k->i",100000,0.5,ceinsum,5,2,ok,197355,,947.316,947.316;945.225;945.718;948.435;948.481,,b6c0879,2.9.1+cu128,1.35.2,cpu (20 cores),torch_threads=10;polars_threads=20;cuda=False,2026-07-14T17:36:57+00:00
cpu-multi,matvec_ii,"ik,k->i",25,0.5,table_ceinsum,5,2,started,,,,,,b6c0879,2.9.1+cu128,1.35.2,cpu (20 cores),torch_threads=10;polars_threads=20;cuda=False,2026-07-14T17:36:57+00:00
cpu-multi,matvec_ii,"ik,k->i",25,0.5,table_ceinsum,5,2,ok,49,,0.322,0.325;0.328;0.322;0.322;0.322,,b6c0879,2.9.1+cu128,1.35.2,cpu (20 cores),torch_threads=10;polars_threads=20;cuda=False,2026-07-14T17:36:57+00:00
cpu-multi,matvec_ii,"ik,k->i",50,0.5,table_ceinsum,5,2,started,,,,,,b6c0879,2.9.1+cu128,1.35.2,cpu (20 cores),torch_threads=10;polars_threads=20;cuda=False,2026-07-14T17:36:57+00:00
cpu-multi,matvec_ii,"ik,k->i",50,0.5,table_ceinsum,5,2,ok,99,,0.348,0.376;0.348;0.405;0.345;0.344,,b6c0879,2.9.1+cu128,1.35.2,cpu (20 cores),torch_threads=10;polars_threads=20;cuda=False,2026-07-14T17:36:57+00:00
cpu-multi,matvec_ii,"ik,k->i",100,0.5,table_ceinsum,5,2,started,,,,,,b6c0879,2.9.1+cu128,1.35.2,cpu (20 cores),torch_threads=10;polars_threads=20;cuda=False,2026-07-14T17:36:57+00:00
cpu-multi,matvec_ii,"ik,k->i",100,0.5,table_ceinsum,5,2,ok,199,,1.747,1.916;1.747;1.729;1.725;1.808,,b6c0879,2.9.1+cu128,1.35.2,cpu (20 cores),torch_threads=10;polars_threads=20;cuda=False,2026-07-14T17:36:57+00:00
cpu-multi,matvec_ii,"ik,k->i",200,0.5,table_ceinsum,5,2,started,,,,,,b6c0879,2.9.1+cu128,1.35.2,cpu (20 cores),torch_threads=10;polars_threads=20;cuda=False,2026-07-14T17:36:57+00:00
cpu-multi,matvec_ii,"ik,k->i",200,0.5,table_ceinsum,5,2,ok,399,,21.661,21.651;21.688;21.652;21.661;21.697,,b6c0879,2.9.1+cu128,1.35.2,cpu (20 cores),torch_threads=10;polars_threads=20;cuda=False,2026-07-14T17:36:57+00:00
cpu-multi,matvec_ii,"ik,k->i",400,0.5,table_ceinsum,5,2,started,,,,,,b6c0879,2.9.1+cu128,1.35.2,cpu (20 cores),torch_threads=10;polars_threads=20;cuda=False,2026-07-14T17:36:57+00:00
cpu-multi,matvec_ii,"ik,k->i",400,0.5,table_ceinsum,5,2,ok,799,,169.772,169.615;169.769;170.366;170.089;169.772,,b6c0879,2.9.1+cu128,1.35.2,cpu (20 cores),torch_threads=10;polars_threads=20;cuda=False,2026-07-14T17:36:58+00:00
cpu-multi,matvec_ii,"ik,k->i",800,0.5,table_ceinsum,5,2,skipped_guard,,,,,predicted table 1.0e+09 elems (1599×800×800) > 2e+08,b6c0879,2.9.1+cu128,1.35.2,cpu (20 cores),torch_threads=10;polars_threads=20;cuda=False,2026-07-14T17:36:58+00:00
cpu-multi,matmul_ii,"ik,kj->ij",100,0.5,ceinsum,5,2,started,,,,,,b6c0879,2.9.1+cu128,1.35.2,cpu (20 cores),torch_threads=10;polars_threads=20;cuda=False,2026-07-14T17:36:58+00:00
cpu-multi,matmul_ii,"ik,kj->ij",100,0.5,ceinsum,5,2,ok,214,1.56e-07,1.190,1.190;1.190;1.193;1.193;1.189,,b6c0879,2.9.1+cu128,1.35.2,cpu (20 cores),torch_threads=10;polars_threads=20;cuda=False,2026-07-14T17:36:58+00:00
cpu-multi,matmul_ii,"ik,kj->ij",300,0.5,ceinsum,5,2,started,,,,,,b6c0879,2.9.1+cu128,1.35.2,cpu (20 cores),torch_threads=10;polars_threads=20;cuda=False,2026-07-14T17:36:58+00:00
cpu-multi,matmul_ii,"ik,kj->ij",300,0.5,ceinsum,5,2,ok,839,1.95e-07,2.177,2.158;2.178;2.172;2.196;2.177,,b6c0879,2.9.1+cu128,1.35.2,cpu (20 cores),torch_threads=10;polars_threads=20;cuda=False,2026-07-14T17:36:59+00:00
cpu-multi,matmul_ii,"ik,kj->ij",1000,0.5,ceinsum,5,2,started,,,,,,b6c0879,2.9.1+cu128,1.35.2,cpu (20 cores),torch_threads=10;polars_threads=20;cuda=False,2026-07-14T17:36:59+00:00
cpu-multi,matmul_ii,"ik,kj->ij",1000,0.5,ceinsum,5,2,ok,2020,,6.297,6.287;6.297;6.315;6.334;6.289,,b6c0879,2.9.1+cu128,1.35.2,cpu (20 cores),torch_threads=10;polars_threads=20;cuda=False,2026-07-14T17:36:59+00:00
cpu-multi,matmul_ii,"ik,kj->ij",3000,0.5,ceinsum,5,2,started,,,,,,b6c0879,2.9.1+cu128,1.35.2,cpu (20 cores),torch_threads=10;polars_threads=20;cuda=False,2026-07-14T17:36:59+00:00
cpu-multi,matmul_ii,"ik,kj->ij",3000,0.5,ceinsum,5,2,ok,9216,,22.616,22.682;22.628;22.616;22.516;22.349,,b6c0879,2.9.1+cu128,1.35.2,cpu (20 cores),torch_threads=10;polars_threads=20;cuda=False,2026-07-14T17:36:59+00:00
cpu-multi,matmul_ii,"ik,kj->ij",10000,0.5,ceinsum,5,2,started,,,,,,b6c0879,2.9.1+cu128,1.35.2,cpu (20 cores),torch_threads=10;polars_threads=20;cuda=False,2026-07-14T17:36:59+00:00
cpu-multi,matmul_ii,"ik,kj->ij",10000,0.5,ceinsum,5,2,ok,23716,,182.828,181.527;183.930;182.119;182.828;182.830,,b6c0879,2.9.1+cu128,1.35.2,cpu (20 cores),torch_threads=10;polars_threads=20;cuda=False,2026-07-14T17:37:00+00:00
cpu-multi,matmul_ii,"ik,kj->ij",30000,0.5,ceinsum,5,2,started,,,,,,b6c0879,2.9.1+cu128,1.35.2,cpu (20 cores),torch_threads=10;polars_threads=20;cuda=False,2026-07-14T17:37:00+00:00
cpu-multi,matmul_ii,"ik,kj->ij",30000,0.5,ceinsum,5,2,ok,69169,,1234.066,1235.569;1237.298;1231.461;1230.582;1234.066,,b6c0879,2.9.1+cu128,1.35.2,cpu (20 cores),torch_threads=10;polars_threads=20;cuda=False,2026-07-14T17:37:09+00:00
cpu-multi,matmul_ii,"ik,kj->ij",100000,0.5,ceinsum,5,2,started,,,,,,b6c0879,2.9.1+cu128,1.35.2,cpu (20 cores),torch_threads=10;polars_threads=20;cuda=False,2026-07-14T17:37:09+00:00
cpu-multi,matmul_ii,"ik,kj->ij",100000,0.5,ceinsum,5,2,ok,225625,,8042.457,8038.706;8042.457;8043.349;8047.797;8035.816,,b6c0879,2.9.1+cu128,1.35.2,cpu (20 cores),torch_threads=10;polars_threads=20;cuda=False,2026-07-14T17:38:05+00:00
cpu-multi,matmul_ii,"ik,kj->ij",25,0.5,table_ceinsum,5,2,started,,,,,,b6c0879,2.9.1+cu128,1.35.2,cpu (20 cores),torch_threads=10;polars_threads=20;cuda=False,2026-07-14T17:38:05+00:00
cpu-multi,matmul_ii,"ik,kj->ij",25,0.5,table_ceinsum,5,2,ok,49,,0.424,0.426;0.424;0.420;0.422;0.427,,b6c0879,2.9.1+cu128,1.35.2,cpu (20 cores),torch_threads=10;polars_threads=20;cuda=False,2026-07-14T17:38:05+00:00
cpu-multi,matmul_ii,"ik,kj->ij",50,0.5,table_ceinsum,5,2,started,,,,,,b6c0879,2.9.1+cu128,1.35.2,cpu (20 cores),torch_threads=10;polars_threads=20;cuda=False,2026-07-14T17:38:05+00:00
cpu-multi,matmul_ii,"ik,kj->ij",50,0.5,table_ceinsum,5,2,ok,121,,0.446,0.446;0.444;0.451;0.440;0.492,,b6c0879,2.9.1+cu128,1.35.2,cpu (20 cores),torch_threads=10;polars_threads=20;cuda=False,2026-07-14T17:38:05+00:00
cpu-multi,matmul_ii,"ik,kj->ij",100,0.5,table_ceinsum,5,2,started,,,,,,b6c0879,2.9.1+cu128,1.35.2,cpu (20 cores),torch_threads=10;polars_threads=20;cuda=False,2026-07-14T17:38:05+00:00
cpu-multi,matmul_ii,"ik,kj->ij",100,0.5,table_ceinsum,5,2,ok,289,,3.219,3.325;3.224;3.193;3.219;3.186,,b6c0879,2.9.1+cu128,1.35.2,cpu (20 cores),torch_threads=10;polars_threads=20;cuda=False,2026-07-14T17:38:05+00:00
cpu-multi,matmul_ii,"ik,kj->ij",200,0.5,table_ceinsum,5,2,started,,,,,,b6c0879,2.9.1+cu128,1.35.2,cpu (20 cores),torch_threads=10;polars_threads=20;cuda=False,2026-07-14T17:38:05+00:00
cpu-multi,matmul_ii,"ik,kj->ij",200,0.5,table_ceinsum,5,2,ok,529,,28.425,28.530;28.482;28.425;28.375;28.346,,b6c0879,2.9.1+cu128,1.35.2,cpu (20 cores),torch_threads=10;polars_threads=20;cuda=False,2026-07-14T17:38:05+00:00
cpu-multi,matmul_ii,"ik,kj->ij",400,0.5,table_ceinsum,5,2,skipped_guard,,,,,predicted table 2.1e+08 elems (36×36×400×400) > 2e+08,b6c0879,2.9.1+cu128,1.35.2,cpu (20 cores),torch_threads=10;polars_threads=20;cuda=False,2026-07-14T17:38:05+00:00
cpu-multi,matmul_ii,"ik,kj->ij",800,0.5,table_ceinsum,5,2,skipped_prior_fail,,,,,,b6c0879,2.9.1+cu128,1.35.2,cpu (20 cores),torch_threads=10;polars_threads=20;cuda=False,2026-07-14T17:38:05+00:00
cpu-multi,triple_contract_pii,"ij,ik,kj->ij",100,0.5,ceinsum,5,2,started,,,,,,b6c0879,2.9.1+cu128,1.35.2,cpu (20 cores),torch_threads=10;polars_threads=20;cuda=False,2026-07-14T17:38:05+00:00
cpu-multi,triple_contract_pii,"ij,ik,kj->ij",100,0.5,ceinsum,5,2,ok,66,6.53e-08,0.782,0.782;0.782;0.784;0.790;0.781,,b6c0879,2.9.1+cu128,1.35.2,cpu (20 cores),torch_threads=10;polars_threads=20;cuda=False,2026-07-14T17:38:05+00:00
cpu-multi,triple_contract_pii,"ij,ik,kj->ij",300,0.5,ceinsum,5,2,started,,,,,,b6c0879,2.9.1+cu128,1.35.2,cpu (20 cores),torch_threads=10;polars_threads=20;cuda=False,2026-07-14T17:38:05+00:00
cpu-multi,triple_contract_pii,"ij,ik,kj->ij",300,0.5,ceinsum,5,2,ok,214,1.14e-07,1.067,1.065;1.067;1.062;1.070;1.092,,b6c0879,2.9.1+cu128,1.35.2,cpu (20 cores),torch_threads=10;polars_threads=20;cuda=False,2026-07-14T17:38:05+00:00
cpu-multi,triple_contract_pii,"ij,ik,kj->ij",1000,0.5,ceinsum,5,2,started,,,,,,b6c0879,2.9.1+cu128,1.35.2,cpu (20 cores),torch_threads=10;polars_threads=20;cuda=False,2026-07-14T17:38:05+00:00
cpu-multi,triple_contract_pii,"ij,ik,kj->ij",1000,0.5,ceinsum,5,2,ok,863,,10.208,10.301;10.192;10.286;10.208;10.128,,b6c0879,2.9.1+cu128,1.35.2,cpu (20 cores),torch_threads=10;polars_threads=20;cuda=False,2026-07-14T17:38:05+00:00
cpu-multi,triple_contract_pii,"ij,ik,kj->ij",3000,0.5,ceinsum,5,2,started,,,,,,b6c0879,2.9.1+cu128,1.35.2,cpu (20 cores),torch_threads=10;polars_threads=20;cuda=False,2026-07-14T17:38:05+00:00
cpu-multi,triple_contract_pii,"ij,ik,kj->ij",3000,0.5,ceinsum,5,2,ok,2907,,193.919,193.951;194.148;193.812;193.336;193.919,,b6c0879,2.9.1+cu128,1.35.2,cpu (20 cores),torch_threads=10;polars_threads=20;cuda=False,2026-07-14T17:38:07+00:00
cpu-multi,triple_contract_pii,"ij,ik,kj->ij",10000,0.5,ceinsum,5,2,started,,,,,,b6c0879,2.9.1+cu128,1.35.2,cpu (20 cores),torch_threads=10;polars_threads=20;cuda=False,2026-07-14T17:38:07+00:00
cpu-multi,triple_contract_pii,"ij,ik,kj->ij",10000,0.5,ceinsum,5,2,ok,9938,,3650.029,3650.465;3649.993;3650.029;3654.313;3649.871,,b6c0879,2.9.1+cu128,1.35.2,cpu (20 cores),torch_threads=10;polars_threads=20;cuda=False,2026-07-14T17:38:32+00:00
cpu-multi,triple_contract_pii,"ij,ik,kj->ij",30000,0.5,ceinsum,5,2,started,,,,,,b6c0879,2.9.1+cu128,1.35.2,cpu (20 cores),torch_threads=10;polars_threads=20;cuda=False,2026-07-14T17:38:32+00:00
cpu-multi,triple_contract_pii,"ij,ik,kj->ij",30000,0.5,ceinsum,5,2,oom,,,,,RuntimeError: [enforce fail at alloc_cpu.cpp:124] err == 0. DefaultCPUAllocator: can't allocate memory: you tried to allocate 60989730000 bytes. Error code 12 (Cannot allocate memory),b6c0879,2.9.1+cu128,1.35.2,cpu (20 cores),torch_threads=10;polars_threads=20;cuda=False,2026-07-14T17:38:39+00:00
cpu-multi,triple_contract_pii,"ij,ik,kj->ij",100000,0.5,ceinsum,5,2,skipped_prior_fail,,,,,,b6c0879,2.9.1+cu128,1.35.2,cpu (20 cores),torch_threads=10;polars_threads=20;cuda=False,2026-07-14T17:38:39+00:00
cpu-multi,triple_contract_pii,"ij,ik,kj->ij",25,0.5,table_ceinsum,5,2,started,,,,,,b6c0879,2.9.1+cu128,1.35.2,cpu (20 cores),torch_threads=10;polars_threads=20;cuda=False,2026-07-14T17:38:39+00:00
cpu-multi,triple_contract_pii,"ij,ik,kj->ij",25,0.5,table_ceinsum,5,2,ok,56,,0.849,0.845;0.932;0.857;0.849;0.844,,b6c0879,2.9.1+cu128,1.35.2,cpu (20 cores),torch_threads=10;polars_threads=20;cuda=False,2026-07-14T17:38:39+00:00
cpu-multi,triple_contract_pii,"ij,ik,kj->ij",50,0.5,table_ceinsum,5,2,started,,,,,,b6c0879,2.9.1+cu128,1.35.2,cpu (20 cores),torch_threads=10;polars_threads=20;cuda=False,2026-07-14T17:38:39+00:00
cpu-multi,triple_contract_pii,"ij,ik,kj->ij",50,0.5,table_ceinsum,5,2,ok,100,,18.507,18.507;18.578;18.533;18.467;18.499,,b6c0879,2.9.1+cu128,1.35.2,cpu (20 cores),torch_threads=10;polars_threads=20;cuda=False,2026-07-14T17:38:39+00:00
cpu-multi,triple_contract_pii,"ij,ik,kj->ij",100,0.5,table_ceinsum,5,2,skipped_guard,,,,,predicted table 2.2e+08 elems (15×15×100×100×100) > 2e+08,b6c0879,2.9.1+cu128,1.35.2,cpu (20 cores),torch_threads=10;polars_threads=20;cuda=False,2026-07-14T17:38:39+00:00
cpu-multi,triple_contract_pii,"ij,ik,kj->ij",200,0.5,table_ceinsum,5,2,skipped_prior_fail,,,,,,b6c0879,2.9.1+cu128,1.35.2,cpu (20 cores),torch_threads=10;polars_threads=20;cuda=False,2026-07-14T17:38:39+00:00
cpu-multi,triple_contract_pii,"ij,ik,kj->ij",400,0.5,table_ceinsum,5,2,skipped_prior_fail,,,,,,b6c0879,2.9.1+cu128,1.35.2,cpu (20 cores),torch_threads=10;polars_threads=20;cuda=False,2026-07-14T17:38:39+00:00
cpu-multi,triple_contract_pii,"ij,ik,kj->ij",800,0.5,table_ceinsum,5,2,skipped_prior_fail,,,,,,b6c0879,2.9.1+cu128,1.35.2,cpu (20 cores),torch_threads=10;polars_threads=20;cuda=False,2026-07-14T17:38:39+00:00
cpu-multi,box_search,"xy,xy->xy",100,0.5,ceinsum,5,2,started,,,,,,b6c0879,2.9.1+cu128,1.35.2,cpu (20 cores),torch_threads=10;polars_threads=20;cuda=False,2026-07-14T17:38:39+00:00
cpu-multi,box_search,"xy,xy->xy",100,0.5,ceinsum,5,2,ok,15,0.00e+00,0.300,0.303;0.300;0.300;0.299;0.299,,b6c0879,2.9.1+cu128,1.35.2,cpu (20 cores),torch_threads=10;polars_threads=20;cuda=False,2026-07-14T17:38:39+00:00
cpu-multi,box_search,"xy,xy->xy",300,0.5,ceinsum,5,2,started,,,,,,b6c0879,2.9.1+cu128,1.35.2,cpu (20 cores),torch_threads=10;polars_threads=20;cuda=False,2026-07-14T17:38:39+00:00
cpu-multi,box_search,"xy,xy->xy",300,0.5,ceinsum,5,2,ok,32,0.00e+00,0.309,0.309;0.310;0.310;0.306;0.305,,b6c0879,2.9.1+cu128,1.35.2,cpu (20 cores),torch_threads=10;polars_threads=20;cuda=False,2026-07-14T17:38:39+00:00
cpu-multi,box_search,"xy,xy->xy",1000,0.5,ceinsum,5,2,started,,,,,,b6c0879,2.9.1+cu128,1.35.2,cpu (20 cores),torch_threads=10;polars_threads=20;cuda=False,2026-07-14T17:38:39+00:00
cpu-multi,box_search,"xy,xy->xy",1000,0.5,ceinsum,5,2,ok,114,,0.348,0.348;0.348;0.347;0.349;0.347,,b6c0879,2.9.1+cu128,1.35.2,cpu (20 cores),torch_threads=10;polars_threads=20;cuda=False,2026-07-14T17:38:39+00:00
cpu-multi,box_search,"xy,xy->xy",3000,0.5,ceinsum,5,2,started,,,,,,b6c0879,2.9.1+cu128,1.35.2,cpu (20 cores),torch_threads=10;polars_threads=20;cuda=False,2026-07-14T17:38:39+00:00
cpu-multi,box_search,"xy,xy->xy",3000,0.5,ceinsum,5,2,ok,342,,0.443,0.444;0.445;0.443;0.443;0.442,,b6c0879,2.9.1+cu128,1.35.2,cpu (20 cores),torch_threads=10;polars_threads=20;cuda=False,2026-07-14T17:38:39+00:00
cpu-multi,box_search,"xy,xy->xy",10000,0.5,ceinsum,5,2,started,,,,,,b6c0879,2.9.1+cu128,1.35.2,cpu (20 cores),torch_threads=10;polars_threads=20;cuda=False,2026-07-14T17:38:39+00:00
cpu-multi,box_search,"xy,xy->xy",10000,0.5,ceinsum,5,2,ok,1145,,0.709,0.708;0.709;0.709;0.707;0.714,,b6c0879,2.9.1+cu128,1.35.2,cpu (20 cores),torch_threads=10;polars_threads=20;cuda=False,2026-07-14T17:38:39+00:00
cpu-multi,box_search,"xy,xy->xy",30000,0.5,ceinsum,5,2,started,,,,,,b6c0879,2.9.1+cu128,1.35.2,cpu (20 cores),torch_threads=10;polars_threads=20;cuda=False,2026-07-14T17:38:39+00:00
cpu-multi,box_search,"xy,xy->xy",30000,0.5,ceinsum,5,2,ok,3503,,1.415,1.414;1.427;1.412;1.424;1.415,,b6c0879,2.9.1+cu128,1.35.2,cpu (20 cores),torch_threads=10;polars_threads=20;cuda=False,2026-07-14T17:38:39+00:00
cpu-multi,box_search,"xy,xy->xy",100000,0.5,ceinsum,5,2,started,,,,,,b6c0879,2.9.1+cu128,1.35.2,cpu (20 cores),torch_threads=10;polars_threads=20;cuda=False,2026-07-14T17:38:39+00:00
cpu-multi,box_search,"xy,xy->xy",100000,0.5,ceinsum,5,2,ok,11785,,3.550,3.551;3.552;3.548;3.547;3.550,,b6c0879,2.9.1+cu128,1.35.2,cpu (20 cores),torch_threads=10;polars_threads=20;cuda=False,2026-07-14T17:38:39+00:00
cpu-multi,box_search,"xy,xy->xy",25,0.5,table_ceinsum,5,2,started,,,,,,b6c0879,2.9.1+cu128,1.35.2,cpu (20 cores),torch_threads=10;polars_threads=20;cuda=False,2026-07-14T17:38:39+00:00
cpu-multi,box_search,"xy,xy->xy",25,0.5,table_ceinsum,5,2,ok,64,,0.287,0.289;0.288;0.287;0.284;0.283,,b6c0879,2.9.1+cu128,1.35.2,cpu (20 cores),torch_threads=10;polars_threads=20;cuda=False,2026-07-14T17:38:39+00:00
cpu-multi,box_search,"xy,xy->xy",50,0.5,table_ceinsum,5,2,started,,,,,,b6c0879,2.9.1+cu128,1.35.2,cpu (20 cores),torch_threads=10;polars_threads=20;cuda=False,2026-07-14T17:38:39+00:00
cpu-multi,box_search,"xy,xy->xy",50,0.5,table_ceinsum,5,2,ok,100,,0.292,0.294;0.293;0.292;0.292;0.290,,b6c0879,2.9.1+cu128,1.35.2,cpu (20 cores),torch_threads=10;polars_threads=20;cuda=False,2026-07-14T17:38:39+00:00
cpu-multi,box_search,"xy,xy->xy",100,0.5,table_ceinsum,5,2,started,,,,,,b6c0879,2.9.1+cu128,1.35.2,cpu (20 cores),torch_threads=10;polars_threads=20;cuda=False,2026-07-14T17:38:39+00:00
cpu-multi,box_search,"xy,xy->xy",100,0.5,table_ceinsum,5,2,ok,225,,0.331,0.335;0.330;0.338;0.331;0.330,,b6c0879,2.9.1+cu128,1.35.2,cpu (20 cores),torch_threads=10;polars_threads=20;cuda=False,2026-07-14T17:38:39+00:00
cpu-multi,box_search,"xy,xy->xy",200,0.5,table_ceinsum,5,2,started,,,,,,b6c0879,2.9.1+cu128,1.35.2,cpu (20 cores),torch_threads=10;polars_threads=20;cuda=False,2026-07-14T17:38:39+00:00
cpu-multi,box_search,"xy,xy->xy",200,0.5,table_ceinsum,5,2,ok,400,,0.361,0.363;0.361;0.359;0.361;0.359,,b6c0879,2.9.1+cu128,1.35.2,cpu (20 cores),torch_threads=10;polars_threads=20;cuda=False,2026-07-14T17:38:39+00:00
cpu-multi,box_search,"xy,xy->xy",400,0.5,table_ceinsum,5,2,started,,,,,,b6c0879,2.9.1+cu128,1.35.2,cpu (20 cores),torch_threads=10;polars_threads=20;cuda=False,2026-07-14T17:38:39+00:00
cpu-multi,box_search,"xy,xy->xy",400,0.5,table_ceinsum,5,2,ok,841,,0.403,0.409;0.402;0.406;0.403;0.403,,b6c0879,2.9.1+cu128,1.35.2,cpu (20 cores),torch_threads=10;polars_threads=20;cuda=False,2026-07-14T17:38:39+00:00
cpu-multi,box_search,"xy,xy->xy",800,0.5,table_ceinsum,5,2,started,,,,,,b6c0879,2.9.1+cu128,1.35.2,cpu (20 cores),torch_threads=10;polars_threads=20;cuda=False,2026-07-14T17:38:39+00:00
cpu-multi,box_search,"xy,xy->xy",800,0.5,table_ceinsum,5,2,ok,1600,,0.632,0.650;0.632;0.626;0.624;0.632,,b6c0879,2.9.1+cu128,1.35.2,cpu (20 cores),torch_threads=10;polars_threads=20;cuda=False,2026-07-14T17:38:39+00:00
gpu,triple_contract_pii,"ij,ik,kj->ij",100,0.5,ceinsum,5,2,started,,,,,,b6c0879,2.9.1+cu128,1.35.2,NVIDIA GeForce RTX 3090,torch_threads=10;polars_threads=20;cuda=True,2026-07-14T17:48:58+00:00
gpu,triple_contract_pii,"ij,ik,kj->ij",100,0.5,ceinsum,5,2,ok,56,1.05e-07,2.152,2.156;2.137;2.153;2.146;2.152,,b6c0879,2.9.1+cu128,1.35.2,NVIDIA GeForce RTX 3090,torch_threads=10;polars_threads=20;cuda=True,2026-07-14T17:48:58+00:00
gpu,triple_contract_pii,"ij,ik,kj->ij",300,0.5,ceinsum,5,2,started,,,,,,b6c0879,2.9.1+cu128,1.35.2,NVIDIA GeForce RTX 3090,torch_threads=10;polars_threads=20;cuda=True,2026-07-14T17:48:58+00:00
gpu,triple_contract_pii,"ij,ik,kj->ij",300,0.5,ceinsum,5,2,ok,225,1.12e-07,2.167,2.167;2.160;2.166;2.167;2.175,,b6c0879,2.9.1+cu128,1.35.2,NVIDIA GeForce RTX 3090,torch_threads=10;polars_threads=20;cuda=True,2026-07-14T17:48:58+00:00
gpu,triple_contract_pii,"ij,ik,kj->ij",1000,0.5,ceinsum,5,2,started,,,,,,b6c0879,2.9.1+cu128,1.35.2,NVIDIA GeForce RTX 3090,torch_threads=10;polars_threads=20;cuda=True,2026-07-14T17:48:58+00:00
gpu,triple_contract_pii,"ij,ik,kj->ij",1000,0.5,ceinsum,5,2,ok,902,,2.482,2.508;2.478;2.484;2.473;2.482,,b6c0879,2.9.1+cu128,1.35.2,NVIDIA GeForce RTX 3090,torch_threads=10;polars_threads=20;cuda=True,2026-07-14T17:48:58+00:00
gpu,triple_contract_pii,"ij,ik,kj->ij",3000,0.5,ceinsum,5,2,started,,,,,,b6c0879,2.9.1+cu128,1.35.2,NVIDIA GeForce RTX 3090,torch_threads=10;polars_threads=20;cuda=True,2026-07-14T17:48:58+00:00
gpu,triple_contract_pii,"ij,ik,kj->ij",3000,0.5,ceinsum,5,2,ok,2864,,3.838,3.835;3.836;3.848;3.838;3.843,,b6c0879,2.9.1+cu128,1.35.2,NVIDIA GeForce RTX 3090,torch_threads=10;polars_threads=20;cuda=True,2026-07-14T17:48:58+00:00
gpu,triple_contract_pii,"ij,ik,kj->ij",10000,0.5,ceinsum,5,2,started,,,,,,b6c0879,2.9.1+cu128,1.35.2,NVIDIA GeForce RTX 3090,torch_threads=10;polars_threads=20;cuda=True,2026-07-14T17:48:58+00:00
gpu,triple_contract_pii,"ij,ik,kj->ij",10000,0.5,ceinsum,5,2,ok,9951,,26.893,26.908;26.893;26.849;26.842;26.976,,b6c0879,2.9.1+cu128,1.35.2,NVIDIA GeForce RTX 3090,torch_threads=10;polars_threads=20;cuda=True,2026-07-14T17:48:58+00:00
gpu,triple_contract_pii,"ij,ik,kj->ij",30000,0.5,ceinsum,5,2,started,,,,,,b6c0879,2.9.1+cu128,1.35.2,NVIDIA GeForce RTX 3090,torch_threads=10;polars_threads=20;cuda=True,2026-07-14T17:48:58+00:00
gpu,triple_contract_pii,"ij,ik,kj->ij",30000,0.5,ceinsum,5,2,ok,29985,,158.081,158.047;158.031;158.081;158.144;158.739,,b6c0879,2.9.1+cu128,1.35.2,NVIDIA GeForce RTX 3090,torch_threads=10;polars_threads=20;cuda=True,2026-07-14T17:49:00+00:00
gpu,triple_contract_pii,"ij,ik,kj->ij",100000,0.5,ceinsum,5,2,started,,,,,,b6c0879,2.9.1+cu128,1.35.2,NVIDIA GeForce RTX 3090,torch_threads=10;polars_threads=20;cuda=True,2026-07-14T17:49:00+00:00
gpu,triple_contract_pii,"ij,ik,kj->ij",100000,0.5,ceinsum,5,2,ok,100000,,1510.609,1510.136;1510.941;1510.609;1511.210;1510.594,,b6c0879,2.9.1+cu128,1.35.2,NVIDIA GeForce RTX 3090,torch_threads=10;polars_threads=20;cuda=True,2026-07-14T17:49:11+00:00
gpu,triple_contract_pii,"ij,ik,kj->ij",25,0.5,table_ceinsum,5,2,started,,,,,,b6c0879,2.9.1+cu128,1.35.2,NVIDIA GeForce RTX 3090,torch_threads=10;polars_threads=20;cuda=True,2026-07-14T17:49:11+00:00
gpu,triple_contract_pii,"ij,ik,kj->ij",25,0.5,table_ceinsum,5,2,ok,56,,0.781,0.786;0.781;0.781;0.785;0.780,,b6c0879,2.9.1+cu128,1.35.2,NVIDIA GeForce RTX 3090,torch_threads=10;polars_threads=20;cuda=True,2026-07-14T17:49:11+00:00
gpu,triple_contract_pii,"ij,ik,kj->ij",50,0.5,table_ceinsum,5,2,started,,,,,,b6c0879,2.9.1+cu128,1.35.2,NVIDIA GeForce RTX 3090,torch_threads=10;polars_threads=20;cuda=True,2026-07-14T17:49:11+00:00
gpu,triple_contract_pii,"ij,ik,kj->ij",50,0.5,table_ceinsum,5,2,ok,100,,1.181,2.571;1.190;1.177;1.181;1.179,,b6c0879,2.9.1+cu128,1.35.2,NVIDIA GeForce RTX 3090,torch_threads=10;polars_threads=20;cuda=True,2026-07-14T17:49:11+00:00
gpu,triple_contract_pii,"ij,ik,kj->ij",100,0.5,table_ceinsum,5,2,skipped_guard,,,,,predicted table 2.2e+08 elems (15×15×100×100×100) > 2e+08,b6c0879,2.9.1+cu128,1.35.2,NVIDIA GeForce RTX 3090,torch_threads=10;polars_threads=20;cuda=True,2026-07-14T17:49:11+00:00
gpu,triple_contract_pii,"ij,ik,kj->ij",200,0.5,table_ceinsum,5,2,skipped_prior_fail,,,,,,b6c0879,2.9.1+cu128,1.35.2,NVIDIA GeForce RTX 3090,torch_threads=10;polars_threads=20;cuda=True,2026-07-14T17:49:11+00:00
gpu,triple_contract_pii,"ij,ik,kj->ij",400,0.5,table_ceinsum,5,2,skipped_prior_fail,,,,,,b6c0879,2.9.1+cu128,1.35.2,NVIDIA GeForce RTX 3090,torch_threads=10;polars_threads=20;cuda=True,2026-07-14T17:49:11+00:00
gpu,triple_contract_pii,"ij,ik,kj->ij",800,0.5,table_ceinsum,5,2,skipped_prior_fail,,,,,,b6c0879,2.9.1+cu128,1.35.2,NVIDIA GeForce RTX 3090,torch_threads=10;polars_threads=20;cuda=True,2026-07-14T17:49:11+00:00
cpu-single,triple_contract_pii,"ij,ik,kj->ij",100,0.5,ceinsum,5,2,started,,,,,,b6c0879,2.9.1+cu128,1.35.2,cpu (20 cores),torch_threads=1;polars_threads=1;cuda=False,2026-07-14T17:49:12+00:00
cpu-single,triple_contract_pii,"ij,ik,kj->ij",100,0.5,ceinsum,5,2,ok,66,6.53e-08,1.001,1.003;1.002;0.995;0.996;1.001,,b6c0879,2.9.1+cu128,1.35.2,cpu (20 cores),torch_threads=1;polars_threads=1;cuda=False,2026-07-14T17:49:12+00:00
cpu-single,triple_contract_pii,"ij,ik,kj->ij",300,0.5,ceinsum,5,2,started,,,,,,b6c0879,2.9.1+cu128,1.35.2,cpu (20 cores),torch_threads=1;polars_threads=1;cuda=False,2026-07-14T17:49:12+00:00
cpu-single,triple_contract_pii,"ij,ik,kj->ij",300,0.5,ceinsum,5,2,ok,214,1.14e-07,2.198,2.239;2.230;2.191;2.198;2.178,,b6c0879,2.9.1+cu128,1.35.2,cpu (20 cores),torch_threads=1;polars_threads=1;cuda=False,2026-07-14T17:49:12+00:00
cpu-single,triple_contract_pii,"ij,ik,kj->ij",1000,0.5,ceinsum,5,2,started,,,,,,b6c0879,2.9.1+cu128,1.35.2,cpu (20 cores),torch_threads=1;polars_threads=1;cuda=False,2026-07-14T17:49:12+00:00
cpu-single,triple_contract_pii,"ij,ik,kj->ij",1000,0.5,ceinsum,5,2,ok,863,,18.043,18.094;18.043;17.532;17.675;20.327,,b6c0879,2.9.1+cu128,1.35.2,cpu (20 cores),torch_threads=1;polars_threads=1;cuda=False,2026-07-14T17:49:12+00:00
cpu-single,triple_contract_pii,"ij,ik,kj->ij",3000,0.5,ceinsum,5,2,started,,,,,,b6c0879,2.9.1+cu128,1.35.2,cpu (20 cores),torch_threads=1;polars_threads=1;cuda=False,2026-07-14T17:49:12+00:00
cpu-single,triple_contract_pii,"ij,ik,kj->ij",3000,0.5,ceinsum,5,2,ok,2907,,197.792,189.308;197.792;201.362;191.229;198.658,,b6c0879,2.9.1+cu128,1.35.2,cpu (20 cores),torch_threads=1;polars_threads=1;cuda=False,2026-07-14T17:49:14+00:00
cpu-single,triple_contract_pii,"ij,ik,kj->ij",10000,0.5,ceinsum,5,2,started,,,,,,b6c0879,2.9.1+cu128,1.35.2,cpu (20 cores),torch_threads=1;polars_threads=1;cuda=False,2026-07-14T17:49:14+00:00
cpu-single,triple_contract_pii,"ij,ik,kj->ij",10000,0.5,ceinsum,5,2,ok,9938,,2514.365,2514.365;2524.507;2513.361;2507.056;2516.627,,b6c0879,2.9.1+cu128,1.35.2,cpu (20 cores),torch_threads=1;polars_threads=1;cuda=False,2026-07-14T17:49:31+00:00
cpu-single,triple_contract_pii,"ij,ik,kj->ij",30000,0.5,ceinsum,5,2,started,,,,,,b6c0879,2.9.1+cu128,1.35.2,cpu (20 cores),torch_threads=1;polars_threads=1;cuda=False,2026-07-14T17:49:31+00:00
cpu-single,triple_contract_pii,"ij,ik,kj->ij",30000,0.5,ceinsum,5,2,ok,29986,,22746.867,22800.282;22908.890;22746.867;22728.033;22726.688,,b6c0879,2.9.1+cu128,1.35.2,cpu (20 cores),torch_threads=1;polars_threads=1;cuda=False,2026-07-14T17:52:11+00:00
cpu-single,triple_contract_pii,"ij,ik,kj->ij",100000,0.5,ceinsum,5,2,started,,,,,,b6c0879,2.9.1+cu128,1.35.2,cpu (20 cores),torch_threads=1;polars_threads=1;cuda=False,2026-07-14T17:52:11+00:00
cpu-single,triple_contract_pii,"ij,ik,kj->ij",100000,0.5,ceinsum,5,2,budget,100000,,264326.127,264326.127,first run 264.3s > budget 120s,b6c0879,2.9.1+cu128,1.35.2,cpu (20 cores),torch_threads=1;polars_threads=1;cuda=False,2026-07-14T17:56:35+00:00
cpu-single,triple_contract_pii,"ij,ik,kj->ij",25,0.5,table_ceinsum,5,2,started,,,,,,b6c0879,2.9.1+cu128,1.35.2,cpu (20 cores),torch_threads=1;polars_threads=1;cuda=False,2026-07-14T17:56:35+00:00
cpu-single,triple_contract_pii,"ij,ik,kj->ij",25,0.5,table_ceinsum,5,2,ok,56,,2.756,2.748;7.859;2.830;2.756;2.752,,b6c0879,2.9.1+cu128,1.35.2,cpu (20 cores),torch_threads=1;polars_threads=1;cuda=False,2026-07-14T17:56:35+00:00
cpu-single,triple_contract_pii,"ij,ik,kj->ij",50,0.5,table_ceinsum,5,2,started,,,,,,b6c0879,2.9.1+cu128,1.35.2,cpu (20 cores),torch_threads=1;polars_threads=1;cuda=False,2026-07-14T17:56:35+00:00
cpu-single,triple_contract_pii,"ij,ik,kj->ij",50,0.5,table_ceinsum,5,2,ok,100,,65.671,65.575;65.724;65.668;65.906;65.671,,b6c0879,2.9.1+cu128,1.35.2,cpu (20 cores),torch_threads=1;polars_threads=1;cuda=False,2026-07-14T17:56:36+00:00
cpu-single,triple_contract_pii,"ij,ik,kj->ij",100,0.5,table_ceinsum,5,2,skipped_guard,,,,,predicted table 2.2e+08 elems (15×15×100×100×100) > 2e+08,b6c0879,2.9.1+cu128,1.35.2,cpu (20 cores),torch_threads=1;polars_threads=1;cuda=False,2026-07-14T17:56:36+00:00
cpu-single,triple_contract_pii,"ij,ik,kj->ij",200,0.5,table_ceinsum,5,2,skipped_prior_fail,,,,,,b6c0879,2.9.1+cu128,1.35.2,cpu (20 cores),torch_threads=1;polars_threads=1;cuda=False,2026-07-14T17:56:36+00:00
cpu-single,triple_contract_pii,"ij,ik,kj->ij",400,0.5,table_ceinsum,5,2,skipped_prior_fail,,,,,,b6c0879,2.9.1+cu128,1.35.2,cpu (20 cores),torch_threads=1;polars_threads=1;cuda=False,2026-07-14T17:56:36+00:00
cpu-single,triple_contract_pii,"ij,ik,kj->ij",800,0.5,table_ceinsum,5,2,skipped_prior_fail,,,,,,b6c0879,2.9.1+cu128,1.35.2,cpu (20 cores),torch_threads=1;polars_threads=1;cuda=False,2026-07-14T17:56:36+00:00
cpu-multi,triple_contract_pii,"ij,ik,kj->ij",100,0.5,ceinsum,5,2,started,,,,,,b6c0879,2.9.1+cu128,1.35.2,cpu (20 cores),torch_threads=10;polars_threads=20;cuda=False,2026-07-14T17:56:37+00:00
cpu-multi,triple_contract_pii,"ij,ik,kj->ij",100,0.5,ceinsum,5,2,ok,66,6.53e-08,0.908,0.924;0.908;0.905;0.927;0.906,,b6c0879,2.9.1+cu128,1.35.2,cpu (20 cores),torch_threads=10;polars_threads=20;cuda=False,2026-07-14T17:56:37+00:00
cpu-multi,triple_contract_pii,"ij,ik,kj->ij",300,0.5,ceinsum,5,2,started,,,,,,b6c0879,2.9.1+cu128,1.35.2,cpu (20 cores),torch_threads=10;polars_threads=20;cuda=False,2026-07-14T17:56:37+00:00
cpu-multi,triple_contract_pii,"ij,ik,kj->ij",300,0.5,ceinsum,5,2,ok,214,1.14e-07,1.326,1.320;1.326;1.314;1.326;1.326,,b6c0879,2.9.1+cu128,1.35.2,cpu (20 cores),torch_threads=10;polars_threads=20;cuda=False,2026-07-14T17:56:37+00:00
cpu-multi,triple_contract_pii,"ij,ik,kj->ij",1000,0.5,ceinsum,5,2,started,,,,,,b6c0879,2.9.1+cu128,1.35.2,cpu (20 cores),torch_threads=10;polars_threads=20;cuda=False,2026-07-14T17:56:37+00:00
cpu-multi,triple_contract_pii,"ij,ik,kj->ij",1000,0.5,ceinsum,5,2,ok,863,,3.211,3.423;3.211;3.224;3.192;3.201,,b6c0879,2.9.1+cu128,1.35.2,cpu (20 cores),torch_threads=10;polars_threads=20;cuda=False,2026-07-14T17:56:37+00:00
cpu-multi,triple_contract_pii,"ij,ik,kj->ij",3000,0.5,ceinsum,5,2,started,,,,,,b6c0879,2.9.1+cu128,1.35.2,cpu (20 cores),torch_threads=10;polars_threads=20;cuda=False,2026-07-14T17:56:37+00:00
cpu-multi,triple_contract_pii,"ij,ik,kj->ij",3000,0.5,ceinsum,5,2,ok,2907,,43.191,44.176;44.130;43.191;39.827;41.281,,b6c0879,2.9.1+cu128,1.35.2,cpu (20 cores),torch_threads=10;polars_threads=20;cuda=False,2026-07-14T17:56:37+00:00
cpu-multi,triple_contract_pii,"ij,ik,kj->ij",10000,0.5,ceinsum,5,2,started,,,,,,b6c0879,2.9.1+cu128,1.35.2,cpu (20 cores),torch_threads=10;polars_threads=20;cuda=False,2026-07-14T17:56:37+00:00
cpu-multi,triple_contract_pii,"ij,ik,kj->ij",10000,0.5,ceinsum,5,2,ok,9938,,475.696,475.810;475.446;476.047;475.696;475.055,,b6c0879,2.9.1+cu128,1.35.2,cpu (20 cores),torch_threads=10;polars_threads=20;cuda=False,2026-07-14T17:56:41+00:00
cpu-multi,triple_contract_pii,"ij,ik,kj->ij",30000,0.5,ceinsum,5,2,started,,,,,,b6c0879,2.9.1+cu128,1.35.2,cpu (20 cores),torch_threads=10;polars_threads=20;cuda=False,2026-07-14T17:56:41+00:00
cpu-multi,triple_contract_pii,"ij,ik,kj->ij",30000,0.5,ceinsum,5,2,ok,29986,,4120.581,4120.581;4122.389;4114.282;4124.628;4113.087,,b6c0879,2.9.1+cu128,1.35.2,cpu (20 cores),torch_threads=10;polars_threads=20;cuda=False,2026-07-14T17:57:09+00:00
cpu-multi,triple_contract_pii,"ij,ik,kj->ij",100000,0.5,ceinsum,5,2,started,,,,,,b6c0879,2.9.1+cu128,1.35.2,cpu (20 cores),torch_threads=10;polars_threads=20;cuda=False,2026-07-14T17:57:09+00:00
cpu-multi,triple_contract_pii,"ij,ik,kj->ij",100000,0.5,ceinsum,5,2,ok,100000,,45436.302,45451.387;45413.595;45384.938;45461.344;45436.302,,b6c0879,2.9.1+cu128,1.35.2,cpu (20 cores),torch_threads=10;polars_threads=20;cuda=False,2026-07-14T18:02:27+00:00
cpu-multi,triple_contract_pii,"ij,ik,kj->ij",25,0.5,table_ceinsum,5,2,started,,,,,,b6c0879,2.9.1+cu128,1.35.2,cpu (20 cores),torch_threads=10;polars_threads=20;cuda=False,2026-07-14T18:02:27+00:00
cpu-multi,triple_contract_pii,"ij,ik,kj->ij",25,0.5,table_ceinsum,5,2,ok,56,,0.778,0.866;0.798;0.778;0.760;0.768,,b6c0879,2.9.1+cu128,1.35.2,cpu (20 cores),torch_threads=10;polars_threads=20;cuda=False,2026-07-14T18:02:27+00:00
cpu-multi,triple_contract_pii,"ij,ik,kj->ij",50,0.5,table_ceinsum,5,2,started,,,,,,b6c0879,2.9.1+cu128,1.35.2,cpu (20 cores),torch_threads=10;polars_threads=20;cuda=False,2026-07-14T18:02:27+00:00
cpu-multi,triple_contract_pii,"ij,ik,kj->ij",50,0.5,table_ceinsum,5,2,ok,100,,16.970,17.027;16.558;16.867;16.970;16.984,,b6c0879,2.9.1+cu128,1.35.2,cpu (20 cores),torch_threads=10;polars_threads=20;cuda=False,2026-07-14T18:02:28+00:00
cpu-multi,triple_contract_pii,"ij,ik,kj->ij",100,0.5,table_ceinsum,5,2,skipped_guard,,,,,predicted table 2.2e+08 elems (15×15×100×100×100) > 2e+08,b6c0879,2.9.1+cu128,1.35.2,cpu (20 cores),torch_threads=10;polars_threads=20;cuda=False,2026-07-14T18:02:28+00:00
cpu-multi,triple_contract_pii,"ij,ik,kj->ij",200,0.5,table_ceinsum,5,2,skipped_prior_fail,,,,,,b6c0879,2.9.1+cu128,1.35.2,cpu (20 cores),torch_threads=10;polars_threads=20;cuda=False,2026-07-14T18:02:28+00:00
cpu-multi,triple_contract_pii,"ij,ik,kj->ij",400,0.5,table_ceinsum,5,2,skipped_prior_fail,,,,,,b6c0879,2.9.1+cu128,1.35.2,cpu (20 cores),torch_threads=10;polars_threads=20;cuda=False,2026-07-14T18:02:28+00:00
cpu-multi,triple_contract_pii,"ij,ik,kj->ij",800,0.5,table_ceinsum,5,2,skipped_prior_fail,,,,,,b6c0879,2.9.1+cu128,1.35.2,cpu (20 cores),torch_threads=10;polars_threads=20;cuda=False,2026-07-14T18:02:28+00:00
gpu,triple_contract_pii,"ij,ik,kj->ij",100,0.5,ceinsum,5,2,started,,,,,,b6c0879,2.9.1+cu128,1.35.2,NVIDIA GeForce RTX 3090,torch_threads=10;polars_threads=20;cuda=True,2026-07-14T20:51:18+00:00
gpu,triple_contract_pii,"ij,ik,kj->ij",100,0.5,ceinsum,5,2,ok,56,1.05e-07,1.689,1.705;1.689;1.678;1.688;1.928,,b6c0879,2.9.1+cu128,1.35.2,NVIDIA GeForce RTX 3090,torch_threads=10;polars_threads=20;cuda=True,2026-07-14T20:51:19+00:00
gpu,triple_contract_pii,"ij,ik,kj->ij",300,0.5,ceinsum,5,2,started,,,,,,b6c0879,2.9.1+cu128,1.35.2,NVIDIA GeForce RTX 3090,torch_threads=10;polars_threads=20;cuda=True,2026-07-14T20:51:19+00:00
gpu,triple_contract_pii,"ij,ik,kj->ij",300,0.5,ceinsum,5,2,ok,225,1.09e-07,1.700,1.707;1.709;1.698;1.700;1.693,,b6c0879,2.9.1+cu128,1.35.2,NVIDIA GeForce RTX 3090,torch_threads=10;polars_threads=20;cuda=True,2026-07-14T20:51:19+00:00
gpu,triple_contract_pii,"ij,ik,kj->ij",1000,0.5,ceinsum,5,2,started,,,,,,b6c0879,2.9.1+cu128,1.35.2,NVIDIA GeForce RTX 3090,torch_threads=10;polars_threads=20;cuda=True,2026-07-14T20:51:19+00:00
gpu,triple_contract_pii,"ij,ik,kj->ij",1000,0.5,ceinsum,5,2,ok,902,,1.913,1.917;1.913;1.915;1.913;1.877,,b6c0879,2.9.1+cu128,1.35.2,NVIDIA GeForce RTX 3090,torch_threads=10;polars_threads=20;cuda=True,2026-07-14T20:51:19+00:00
gpu,triple_contract_pii,"ij,ik,kj->ij",3000,0.5,ceinsum,5,2,started,,,,,,b6c0879,2.9.1+cu128,1.35.2,NVIDIA GeForce RTX 3090,torch_threads=10;polars_threads=20;cuda=True,2026-07-14T20:51:19+00:00
gpu,triple_contract_pii,"ij,ik,kj->ij",3000,0.5,ceinsum,5,2,ok,2864,,2.895,3.042;2.909;2.895;2.865;2.880,,b6c0879,2.9.1+cu128,1.35.2,NVIDIA GeForce RTX 3090,torch_threads=10;polars_threads=20;cuda=True,2026-07-14T20:51:19+00:00
gpu,triple_contract_pii,"ij,ik,kj->ij",10000,0.5,ceinsum,5,2,started,,,,,,b6c0879,2.9.1+cu128,1.35.2,NVIDIA GeForce RTX 3090,torch_threads=10;polars_threads=20;cuda=True,2026-07-14T20:51:19+00:00
gpu,triple_contract_pii,"ij,ik,kj->ij",10000,0.5,ceinsum,5,2,ok,9951,,22.473,22.924;22.502;22.473;22.451;22.461,,b6c0879,2.9.1+cu128,1.35.2,NVIDIA GeForce RTX 3090,torch_threads=10;polars_threads=20;cuda=True,2026-07-14T20:51:19+00:00
gpu,triple_contract_pii,"ij,ik,kj->ij",30000,0.5,ceinsum,5,2,started,,,,,,b6c0879,2.9.1+cu128,1.35.2,NVIDIA GeForce RTX 3090,torch_threads=10;polars_threads=20;cuda=True,2026-07-14T20:51:19+00:00
gpu,triple_contract_pii,"ij,ik,kj->ij",30000,0.5,ceinsum,5,2,ok,29985,,125.279,125.279;125.099;125.106;126.196;125.869,,b6c0879,2.9.1+cu128,1.35.2,NVIDIA GeForce RTX 3090,torch_threads=10;polars_threads=20;cuda=True,2026-07-14T20:51:20+00:00
gpu,triple_contract_pii,"ij,ik,kj->ij",100000,0.5,ceinsum,5,2,started,,,,,,b6c0879,2.9.1+cu128,1.35.2,NVIDIA GeForce RTX 3090,torch_threads=10;polars_threads=20;cuda=True,2026-07-14T20:51:20+00:00
gpu,triple_contract_pii,"ij,ik,kj->ij",100000,0.5,ceinsum,5,2,ok,100000,,1135.416,1135.376;1135.368;1135.704;1135.416;1135.742,,b6c0879,2.9.1+cu128,1.35.2,NVIDIA GeForce RTX 3090,torch_threads=10;polars_threads=20;cuda=True,2026-07-14T20:51:29+00:00
gpu,box_search,"xy,xy->xy",100,0.5,ceinsum,5,2,started,,,,,,b6c0879,2.9.1+cu128,1.35.2,NVIDIA GeForce RTX 3090,torch_threads=10;polars_threads=20;cuda=True,2026-07-14T20:51:29+00:00
gpu,box_search,"xy,xy->xy",100,0.5,ceinsum,5,2,ok,15,0.00e+00,1.032,1.035;1.032;1.029;1.028;1.033,,b6c0879,2.9.1+cu128,1.35.2,NVIDIA GeForce RTX 3090,torch_threads=10;polars_threads=20;cuda=True,2026-07-14T20:51:29+00:00
gpu,box_search,"xy,xy->xy",300,0.5,ceinsum,5,2,started,,,,,,b6c0879,2.9.1+cu128,1.35.2,NVIDIA GeForce RTX 3090,torch_threads=10;polars_threads=20;cuda=True,2026-07-14T20:51:29+00:00
gpu,box_search,"xy,xy->xy",300,0.5,ceinsum,5,2,ok,29,0.00e+00,1.042,1.040;1.038;1.053;1.042;1.045,,b6c0879,2.9.1+cu128,1.35.2,NVIDIA GeForce RTX 3090,torch_threads=10;polars_threads=20;cuda=True,2026-07-14T20:51:29+00:00
gpu,box_search,"xy,xy->xy",1000,0.5,ceinsum,5,2,started,,,,,,b6c0879,2.9.1+cu128,1.35.2,NVIDIA GeForce RTX 3090,torch_threads=10;polars_threads=20;cuda=True,2026-07-14T20:51:29+00:00
gpu,box_search,"xy,xy->xy",1000,0.5,ceinsum,5,2,ok,119,,1.032,1.081;1.029;1.027;1.035;1.032,,b6c0879,2.9.1+cu128,1.35.2,NVIDIA GeForce RTX 3090,torch_threads=10;polars_threads=20;cuda=True,2026-07-14T20:51:29+00:00
gpu,box_search,"xy,xy->xy",3000,0.5,ceinsum,5,2,started,,,,,,b6c0879,2.9.1+cu128,1.35.2,NVIDIA GeForce RTX 3090,torch_threads=10;polars_threads=20;cuda=True,2026-07-14T20:51:29+00:00
gpu,box_search,"xy,xy->xy",3000,0.5,ceinsum,5,2,ok,343,,1.051,1.036;1.126;1.051;1.052;1.045,,b6c0879,2.9.1+cu128,1.35.2,NVIDIA GeForce RTX 3090,torch_threads=10;polars_threads=20;cuda=True,2026-07-14T20:51:29+00:00
gpu,box_search,"xy,xy->xy",10000,0.5,ceinsum,5,2,started,,,,,,b6c0879,2.9.1+cu128,1.35.2,NVIDIA GeForce RTX 3090,torch_threads=10;polars_threads=20;cuda=True,2026-07-14T20:51:29+00:00
gpu,box_search,"xy,xy->xy",10000,0.5,ceinsum,5,2,ok,1147,,1.068,1.051;1.048;1.068;1.103;1.080,,b6c0879,2.9.1+cu128,1.35.2,NVIDIA GeForce RTX 3090,torch_threads=10;polars_threads=20;cuda=True,2026-07-14T20:51:29+00:00
gpu,box_search,"xy,xy->xy",30000,0.5,ceinsum,5,2,started,,,,,,b6c0879,2.9.1+cu128,1.35.2,NVIDIA GeForce RTX 3090,torch_threads=10;polars_threads=20;cuda=True,2026-07-14T20:51:29+00:00
gpu,box_search,"xy,xy->xy",30000,0.5,ceinsum,5,2,ok,3483,,1.073,1.085;1.073;1.091;1.071;1.067,,b6c0879,2.9.1+cu128,1.35.2,NVIDIA GeForce RTX 3090,torch_threads=10;polars_threads=20;cuda=True,2026-07-14T20:51:29+00:00
gpu,box_search,"xy,xy->xy",100000,0.5,ceinsum,5,2,started,,,,,,b6c0879,2.9.1+cu128,1.35.2,NVIDIA GeForce RTX 3090,torch_threads=10;polars_threads=20;cuda=True,2026-07-14T20:51:29+00:00
gpu,box_search,"xy,xy->xy",100000,0.5,ceinsum,5,2,ok,11792,,1.246,1.252;1.244;1.243;1.246;1.250,,b6c0879,2.9.1+cu128,1.35.2,NVIDIA GeForce RTX 3090,torch_threads=10;polars_threads=20;cuda=True,2026-07-14T20:51:29+00:00
cpu-single,triple_contract_pii,"ij,ik,kj->ij",100,0.5,ceinsum,5,2,started,,,,,,b6c0879,2.9.1+cu128,1.35.2,cpu (20 cores),torch_threads=1;polars_threads=1;cuda=False,2026-07-14T20:51:30+00:00
cpu-single,triple_contract_pii,"ij,ik,kj->ij",100,0.5,ceinsum,5,2,ok,66,6.53e-08,1.761,2.073;2.051;1.761;1.689;1.719,,b6c0879,2.9.1+cu128,1.35.2,cpu (20 cores),torch_threads=1;polars_threads=1;cuda=False,2026-07-14T20:51:30+00:00
cpu-single,triple_contract_pii,"ij,ik,kj->ij",300,0.5,ceinsum,5,2,started,,,,,,b6c0879,2.9.1+cu128,1.35.2,cpu (20 cores),torch_threads=1;polars_threads=1;cuda=False,2026-07-14T20:51:30+00:00
cpu-single,triple_contract_pii,"ij,ik,kj->ij",300,0.5,ceinsum,5,2,ok,214,1.14e-07,2.286,2.506;2.468;2.286;2.212;2.152,,b6c0879,2.9.1+cu128,1.35.2,cpu (20 cores),torch_threads=1;polars_threads=1;cuda=False,2026-07-14T20:51:30+00:00
cpu-single,triple_contract_pii,"ij,ik,kj->ij",1000,0.5,ceinsum,5,2,started,,,,,,b6c0879,2.9.1+cu128,1.35.2,cpu (20 cores),torch_threads=1;polars_threads=1;cuda=False,2026-07-14T20:51:30+00:00
cpu-single,triple_contract_pii,"ij,ik,kj->ij",1000,0.5,ceinsum,5,2,ok,863,,17.407,17.095;17.335;17.502;17.483;17.407,,b6c0879,2.9.1+cu128,1.35.2,cpu (20 cores),torch_threads=1;polars_threads=1;cuda=False,2026-07-14T20:51:30+00:00
cpu-single,triple_contract_pii,"ij,ik,kj->ij",3000,0.5,ceinsum,5,2,started,,,,,,b6c0879,2.9.1+cu128,1.35.2,cpu (20 cores),torch_threads=1;polars_threads=1;cuda=False,2026-07-14T20:51:30+00:00
cpu-single,triple_contract_pii,"ij,ik,kj->ij",3000,0.5,ceinsum,5,2,ok,2907,,194.357,210.293;206.578;183.230;194.357;192.061,,b6c0879,2.9.1+cu128,1.35.2,cpu (20 cores),torch_threads=1;polars_threads=1;cuda=False,2026-07-14T20:51:32+00:00
cpu-single,triple_contract_pii,"ij,ik,kj->ij",10000,0.5,ceinsum,5,2,started,,,,,,b6c0879,2.9.1+cu128,1.35.2,cpu (20 cores),torch_threads=1;polars_threads=1;cuda=False,2026-07-14T20:51:32+00:00
cpu-single,triple_contract_pii,"ij,ik,kj->ij",10000,0.5,ceinsum,5,2,ok,9938,,2466.683,2457.954;2466.683;2484.834;2460.142;2483.650,,b6c0879,2.9.1+cu128,1.35.2,cpu (20 cores),torch_threads=1;polars_threads=1;cuda=False,2026-07-14T20:51:49+00:00
cpu-single,triple_contract_pii,"ij,ik,kj->ij",30000,0.5,ceinsum,5,2,started,,,,,,b6c0879,2.9.1+cu128,1.35.2,cpu (20 cores),torch_threads=1;polars_threads=1;cuda=False,2026-07-14T20:51:49+00:00
cpu-single,triple_contract_pii,"ij,ik,kj->ij",30000,0.5,ceinsum,5,2,ok,29986,,22118.650,22129.469;22118.650;22107.020;22096.875;22135.677,,b6c0879,2.9.1+cu128,1.35.2,cpu (20 cores),torch_threads=1;polars_threads=1;cuda=False,2026-07-14T20:54:24+00:00
cpu-single,triple_contract_pii,"ij,ik,kj->ij",100000,0.5,ceinsum,5,2,started,,,,,,b6c0879,2.9.1+cu128,1.35.2,cpu (20 cores),torch_threads=1;polars_threads=1;cuda=False,2026-07-14T20:54:24+00:00
cpu-single,triple_contract_pii,"ij,ik,kj->ij",100000,0.5,ceinsum,5,2,budget,100000,,260251.450,260251.450,first run 260.3s > budget 120s,b6c0879,2.9.1+cu128,1.35.2,cpu (20 cores),torch_threads=1;polars_threads=1;cuda=False,2026-07-14T20:58:44+00:00
cpu-single,box_search,"xy,xy->xy",100,0.5,ceinsum,5,2,started,,,,,,b6c0879,2.9.1+cu128,1.35.2,cpu (20 cores),torch_threads=1;polars_threads=1;cuda=False,2026-07-14T20:58:44+00:00
cpu-single,box_search,"xy,xy->xy",100,0.5,ceinsum,5,2,ok,15,0.00e+00,0.360,0.362;0.361;0.360;0.358;0.356,,b6c0879,2.9.1+cu128,1.35.2,cpu (20 cores),torch_threads=1;polars_threads=1;cuda=False,2026-07-14T20:58:44+00:00
cpu-single,box_search,"xy,xy->xy",300,0.5,ceinsum,5,2,started,,,,,,b6c0879,2.9.1+cu128,1.35.2,cpu (20 cores),torch_threads=1;polars_threads=1;cuda=False,2026-07-14T20:58:44+00:00
cpu-single,box_search,"xy,xy->xy",300,0.5,ceinsum,5,2,ok,32,0.00e+00,0.718,0.718;0.720;0.719;0.624;0.616,,b6c0879,2.9.1+cu128,1.35.2,cpu (20 cores),torch_threads=1;polars_threads=1;cuda=False,2026-07-14T20:58:44+00:00
cpu-single,box_search,"xy,xy->xy",1000,0.5,ceinsum,5,2,started,,,,,,b6c0879,2.9.1+cu128,1.35.2,cpu (20 cores),torch_threads=1;polars_threads=1;cuda=False,2026-07-14T20:58:44+00:00
cpu-single,box_search,"xy,xy->xy",1000,0.5,ceinsum,5,2,ok,114,,0.575,0.579;0.575;0.574;0.574;0.583,,b6c0879,2.9.1+cu128,1.35.2,cpu (20 cores),torch_threads=1;polars_threads=1;cuda=False,2026-07-14T20:58:44+00:00
cpu-single,box_search,"xy,xy->xy",3000,0.5,ceinsum,5,2,started,,,,,,b6c0879,2.9.1+cu128,1.35.2,cpu (20 cores),torch_threads=1;polars_threads=1;cuda=False,2026-07-14T20:58:44+00:00
cpu-single,box_search,"xy,xy->xy",3000,0.5,ceinsum,5,2,ok,342,,0.597,0.597;0.602;0.602;0.597;0.596,,b6c0879,2.9.1+cu128,1.35.2,cpu (20 cores),torch_threads=1;polars_threads=1;cuda=False,2026-07-14T20:58:44+00:00
cpu-single,box_search,"xy,xy->xy",10000,0.5,ceinsum,5,2,started,,,,,,b6c0879,2.9.1+cu128,1.35.2,cpu (20 cores),torch_threads=1;polars_threads=1;cuda=False,2026-07-14T20:58:44+00:00
cpu-single,box_search,"xy,xy->xy",10000,0.5,ceinsum,5,2,ok,1145,,0.777,0.782;0.780;0.777;0.719;0.710,,b6c0879,2.9.1+cu128,1.35.2,cpu (20 cores),torch_threads=1;polars_threads=1;cuda=False,2026-07-14T20:58:44+00:00
cpu-single,box_search,"xy,xy->xy",30000,0.5,ceinsum,5,2,started,,,,,,b6c0879,2.9.1+cu128,1.35.2,cpu (20 cores),torch_threads=1;polars_threads=1;cuda=False,2026-07-14T20:58:44+00:00
cpu-single,box_search,"xy,xy->xy",30000,0.5,ceinsum,5,2,ok,3503,,1.224,1.227;1.224;1.232;1.224;1.223,,b6c0879,2.9.1+cu128,1.35.2,cpu (20 cores),torch_threads=1;polars_threads=1;cuda=False,2026-07-14T20:58:44+00:00
cpu-single,box_search,"xy,xy->xy",100000,0.5,ceinsum,5,2,started,,,,,,b6c0879,2.9.1+cu128,1.35.2,cpu (20 cores),torch_threads=1;polars_threads=1;cuda=False,2026-07-14T20:58:44+00:00
cpu-single,box_search,"xy,xy->xy",100000,0.5,ceinsum,5,2,ok,11785,,3.154,3.159;3.154;3.156;3.147;3.146,,b6c0879,2.9.1+cu128,1.35.2,cpu (20 cores),torch_threads=1;polars_threads=1;cuda=False,2026-07-14T20:58:44+00:00
cpu-multi,triple_contract_pii,"ij,ik,kj->ij",100,0.5,ceinsum,5,2,started,,,,,,b6c0879,2.9.1+cu128,1.35.2,cpu (20 cores),torch_threads=10;polars_threads=20;cuda=False,2026-07-14T20:58:46+00:00
cpu-multi,triple_contract_pii,"ij,ik,kj->ij",100,0.5,ceinsum,5,2,ok,66,6.53e-08,0.787,0.801;0.808;0.784;0.787;0.787,,b6c0879,2.9.1+cu128,1.35.2,cpu (20 cores),torch_threads=10;polars_threads=20;cuda=False,2026-07-14T20:58:46+00:00
cpu-multi,triple_contract_pii,"ij,ik,kj->ij",300,0.5,ceinsum,5,2,started,,,,,,b6c0879,2.9.1+cu128,1.35.2,cpu (20 cores),torch_threads=10;polars_threads=20;cuda=False,2026-07-14T20:58:46+00:00
cpu-multi,triple_contract_pii,"ij,ik,kj->ij",300,0.5,ceinsum,5,2,ok,214,1.14e-07,1.221,1.217;1.221;1.226;1.217;1.255,,b6c0879,2.9.1+cu128,1.35.2,cpu (20 cores),torch_threads=10;polars_threads=20;cuda=False,2026-07-14T20:58:46+00:00
cpu-multi,triple_contract_pii,"ij,ik,kj->ij",1000,0.5,ceinsum,5,2,started,,,,,,b6c0879,2.9.1+cu128,1.35.2,cpu (20 cores),torch_threads=10;polars_threads=20;cuda=False,2026-07-14T20:58:46+00:00
cpu-multi,triple_contract_pii,"ij,ik,kj->ij",1000,0.5,ceinsum,5,2,ok,863,,3.974,3.998;3.967;3.974;3.989;3.965,,b6c0879,2.9.1+cu128,1.35.2,cpu (20 cores),torch_threads=10;polars_threads=20;cuda=False,2026-07-14T20:58:46+00:00
cpu-multi,triple_contract_pii,"ij,ik,kj->ij",3000,0.5,ceinsum,5,2,started,,,,,,b6c0879,2.9.1+cu128,1.35.2,cpu (20 cores),torch_threads=10;polars_threads=20;cuda=False,2026-07-14T20:58:46+00:00
cpu-multi,triple_contract_pii,"ij,ik,kj->ij",3000,0.5,ceinsum,5,2,ok,2907,,54.225,49.061;54.225;54.430;47.693;59.527,,b6c0879,2.9.1+cu128,1.35.2,cpu (20 cores),torch_threads=10;polars_threads=20;cuda=False,2026-07-14T20:58:46+00:00
cpu-multi,triple_contract_pii,"ij,ik,kj->ij",10000,0.5,ceinsum,5,2,started,,,,,,b6c0879,2.9.1+cu128,1.35.2,cpu (20 cores),torch_threads=10;polars_threads=20;cuda=False,2026-07-14T20:58:46+00:00
cpu-multi,triple_contract_pii,"ij,ik,kj->ij",10000,0.5,ceinsum,5,2,ok,9938,,582.777,582.777;581.303;580.761;583.522;584.324,,b6c0879,2.9.1+cu128,1.35.2,cpu (20 cores),torch_threads=10;polars_threads=20;cuda=False,2026-07-14T20:58:50+00:00
cpu-multi,triple_contract_pii,"ij,ik,kj->ij",30000,0.5,ceinsum,5,2,started,,,,,,b6c0879,2.9.1+cu128,1.35.2,cpu (20 cores),torch_threads=10;polars_threads=20;cuda=False,2026-07-14T20:58:50+00:00
cpu-multi,triple_contract_pii,"ij,ik,kj->ij",30000,0.5,ceinsum,5,2,ok,29986,,5257.750,5257.750;5267.272;5257.185;5249.988;5261.188,,b6c0879,2.9.1+cu128,1.35.2,cpu (20 cores),torch_threads=10;polars_threads=20;cuda=False,2026-07-14T20:59:27+00:00
cpu-multi,triple_contract_pii,"ij,ik,kj->ij",100000,0.5,ceinsum,5,2,started,,,,,,b6c0879,2.9.1+cu128,1.35.2,cpu (20 cores),torch_threads=10;polars_threads=20;cuda=False,2026-07-14T20:59:27+00:00
cpu-multi,triple_contract_pii,"ij,ik,kj->ij",100000,0.5,ceinsum,5,2,ok,100000,,60506.869,60387.768;60537.752;60531.279;60498.849;60506.869,,b6c0879,2.9.1+cu128,1.35.2,cpu (20 cores),torch_threads=10;polars_threads=20;cuda=False,2026-07-14T21:06:31+00:00
cpu-multi,box_search,"xy,xy->xy",100,0.5,ceinsum,5,2,started,,,,,,b6c0879,2.9.1+cu128,1.35.2,cpu (20 cores),torch_threads=10;polars_threads=20;cuda=False,2026-07-14T21:06:31+00:00
cpu-multi,box_search,"xy,xy->xy",100,0.5,ceinsum,5,2,ok,15,0.00e+00,0.370,0.373;0.370;0.370;0.368;0.369,,b6c0879,2.9.1+cu128,1.35.2,cpu (20 cores),torch_threads=10;polars_threads=20;cuda=False,2026-07-14T21:06:31+00:00
cpu-multi,box_search,"xy,xy->xy",300,0.5,ceinsum,5,2,started,,,,,,b6c0879,2.9.1+cu128,1.35.2,cpu (20 cores),torch_threads=10;polars_threads=20;cuda=False,2026-07-14T21:06:31+00:00
cpu-multi,box_search,"xy,xy->xy",300,0.5,ceinsum,5,2,ok,32,0.00e+00,0.388,0.388;0.388;0.389;0.386;0.384,,b6c0879,2.9.1+cu128,1.35.2,cpu (20 cores),torch_threads=10;polars_threads=20;cuda=False,2026-07-14T21:06:31+00:00
cpu-multi,box_search,"xy,xy->xy",1000,0.5,ceinsum,5,2,started,,,,,,b6c0879,2.9.1+cu128,1.35.2,cpu (20 cores),torch_threads=10;polars_threads=20;cuda=False,2026-07-14T21:06:31+00:00
cpu-multi,box_search,"xy,xy->xy",1000,0.5,ceinsum,5,2,ok,114,,0.412,0.412;0.410;0.412;0.411;0.412,,b6c0879,2.9.1+cu128,1.35.2,cpu (20 cores),torch_threads=10;polars_threads=20;cuda=False,2026-07-14T21:06:31+00:00
cpu-multi,box_search,"xy,xy->xy",3000,0.5,ceinsum,5,2,started,,,,,,b6c0879,2.9.1+cu128,1.35.2,cpu (20 cores),torch_threads=10;polars_threads=20;cuda=False,2026-07-14T21:06:31+00:00
cpu-multi,box_search,"xy,xy->xy",3000,0.5,ceinsum,5,2,ok,342,,0.467,0.470;0.468;0.467;0.466;0.467,,b6c0879,2.9.1+cu128,1.35.2,cpu (20 cores),torch_threads=10;polars_threads=20;cuda=False,2026-07-14T21:06:31+00:00
cpu-multi,box_search,"xy,xy->xy",10000,0.5,ceinsum,5,2,started,,,,,,b6c0879,2.9.1+cu128,1.35.2,cpu (20 cores),torch_threads=10;polars_threads=20;cuda=False,2026-07-14T21:06:31+00:00
cpu-multi,box_search,"xy,xy->xy",10000,0.5,ceinsum,5,2,ok,1145,,0.634,0.634;0.634;0.634;0.642;0.641,,b6c0879,2.9.1+cu128,1.35.2,cpu (20 cores),torch_threads=10;polars_threads=20;cuda=False,2026-07-14T21:06:31+00:00
cpu-multi,box_search,"xy,xy->xy",30000,0.5,ceinsum,5,2,started,,,,,,b6c0879,2.9.1+cu128,1.35.2,cpu (20 cores),torch_threads=10;polars_threads=20;cuda=False,2026-07-14T21:06:31+00:00
cpu-multi,box_search,"xy,xy->xy",30000,0.5,ceinsum,5,2,ok,3503,,0.990,0.993;0.994;0.990;0.986;0.990,,b6c0879,2.9.1+cu128,1.35.2,cpu (20 cores),torch_threads=10;polars_threads=20;cuda=False,2026-07-14T21:06:31+00:00
cpu-multi,box_search,"xy,xy->xy",100000,0.5,ceinsum,5,2,started,,,,,,b6c0879,2.9.1+cu128,1.35.2,cpu (20 cores),torch_threads=10;polars_threads=20;cuda=False,2026-07-14T21:06:31+00:00
cpu-multi,box_search,"xy,xy->xy",100000,0.5,ceinsum,5,2,ok,11785,,1.282,1.290;1.271;1.282;1.286;1.270,,b6c0879,2.9.1+cu128,1.35.2,cpu (20 cores),torch_threads=10;polars_threads=20;cuda=False,2026-07-14T21:06:31+00:00
gpu,box_search,"xy,xy->xy",100,0.5,ceinsum,5,2,started,,,,,,b6c0879,2.9.1+cu128,1.35.2,NVIDIA GeForce RTX 3090,torch_threads=10;polars_threads=20;cuda=True,2026-07-14T21:08:06+00:00
gpu,box_search,"xy,xy->xy",100,0.5,ceinsum,5,2,ok,15,0.00e+00,0.889,0.900;0.889;0.881;0.887;0.901,,b6c0879,2.9.1+cu128,1.35.2,NVIDIA GeForce RTX 3090,torch_threads=10;polars_threads=20;cuda=True,2026-07-14T21:08:06+00:00
gpu,box_search,"xy,xy->xy",300,0.5,ceinsum,5,2,started,,,,,,b6c0879,2.9.1+cu128,1.35.2,NVIDIA GeForce RTX 3090,torch_threads=10;polars_threads=20;cuda=True,2026-07-14T21:08:06+00:00
gpu,box_search,"xy,xy->xy",300,0.5,ceinsum,5,2,ok,29,0.00e+00,0.901,0.904;0.903;0.901;0.891;0.897,,b6c0879,2.9.1+cu128,1.35.2,NVIDIA GeForce RTX 3090,torch_threads=10;polars_threads=20;cuda=True,2026-07-14T21:08:06+00:00
gpu,box_search,"xy,xy->xy",1000,0.5,ceinsum,5,2,started,,,,,,b6c0879,2.9.1+cu128,1.35.2,NVIDIA GeForce RTX 3090,torch_threads=10;polars_threads=20;cuda=True,2026-07-14T21:08:06+00:00
gpu,box_search,"xy,xy->xy",1000,0.5,ceinsum,5,2,ok,119,,0.907,0.904;0.909;0.910;0.905;0.907,,b6c0879,2.9.1+cu128,1.35.2,NVIDIA GeForce RTX 3090,torch_threads=10;polars_threads=20;cuda=True,2026-07-14T21:08:06+00:00
gpu,box_search,"xy,xy->xy",3000,0.5,ceinsum,5,2,started,,,,,,b6c0879,2.9.1+cu128,1.35.2,NVIDIA GeForce RTX 3090,torch_threads=10;polars_threads=20;cuda=True,2026-07-14T21:08:06+00:00
gpu,box_search,"xy,xy->xy",3000,0.5,ceinsum,5,2,ok,343,,0.921,0.921;0.919;0.932;0.928;0.918,,b6c0879,2.9.1+cu128,1.35.2,NVIDIA GeForce RTX 3090,torch_threads=10;polars_threads=20;cuda=True,2026-07-14T21:08:06+00:00
gpu,box_search,"xy,xy->xy",10000,0.5,ceinsum,5,2,started,,,,,,b6c0879,2.9.1+cu128,1.35.2,NVIDIA GeForce RTX 3090,torch_threads=10;polars_threads=20;cuda=True,2026-07-14T21:08:06+00:00
gpu,box_search,"xy,xy->xy",10000,0.5,ceinsum,5,2,ok,1147,,0.917,0.918;0.916;0.917;0.925;0.915,,b6c0879,2.9.1+cu128,1.35.2,NVIDIA GeForce RTX 3090,torch_threads=10;polars_threads=20;cuda=True,2026-07-14T21:08:06+00:00
gpu,box_search,"xy,xy->xy",30000,0.5,ceinsum,5,2,started,,,,,,b6c0879,2.9.1+cu128,1.35.2,NVIDIA GeForce RTX 3090,torch_threads=10;polars_threads=20;cuda=True,2026-07-14T21:08:06+00:00
gpu,box_search,"xy,xy->xy",30000,0.5,ceinsum,5,2,ok,3483,,0.931,0.931;0.930;0.934;0.998;0.929,,b6c0879,2.9.1+cu128,1.35.2,NVIDIA GeForce RTX 3090,torch_threads=10;polars_threads=20;cuda=True,2026-07-14T21:08:06+00:00
gpu,box_search,"xy,xy->xy",100000,0.5,ceinsum,5,2,started,,,,,,b6c0879,2.9.1+cu128,1.35.2,NVIDIA GeForce RTX 3090,torch_threads=10;polars_threads=20;cuda=True,2026-07-14T21:08:06+00:00
gpu,box_search,"xy,xy->xy",100000,0.5,ceinsum,5,2,ok,11792,,1.096,1.098;1.095;1.095;1.096;1.104,,b6c0879,2.9.1+cu128,1.35.2,NVIDIA GeForce RTX 3090,torch_threads=10;polars_threads=20;cuda=True,2026-07-14T21:08:06+00:00
cpu-single,box_search,"xy,xy->xy",100,0.5,ceinsum,5,2,started,,,,,,b6c0879,2.9.1+cu128,1.35.2,cpu (20 cores),torch_threads=1;polars_threads=1;cuda=False,2026-07-14T21:08:07+00:00
cpu-single,box_search,"xy,xy->xy",100,0.5,ceinsum,5,2,ok,15,0.00e+00,0.345,0.354;0.345;0.345;0.344;0.344,,b6c0879,2.9.1+cu128,1.35.2,cpu (20 cores),torch_threads=1;polars_threads=1;cuda=False,2026-07-14T21:08:07+00:00
cpu-single,box_search,"xy,xy->xy",300,0.5,ceinsum,5,2,started,,,,,,b6c0879,2.9.1+cu128,1.35.2,cpu (20 cores),torch_threads=1;polars_threads=1;cuda=False,2026-07-14T21:08:07+00:00
cpu-single,box_search,"xy,xy->xy",300,0.5,ceinsum,5,2,ok,32,0.00e+00,0.353,0.354;0.356;0.353;0.351;0.350,,b6c0879,2.9.1+cu128,1.35.2,cpu (20 cores),torch_threads=1;polars_threads=1;cuda=False,2026-07-14T21:08:07+00:00
cpu-single,box_search,"xy,xy->xy",1000,0.5,ceinsum,5,2,started,,,,,,b6c0879,2.9.1+cu128,1.35.2,cpu (20 cores),torch_threads=1;polars_threads=1;cuda=False,2026-07-14T21:08:07+00:00
cpu-single,box_search,"xy,xy->xy",1000,0.5,ceinsum,5,2,ok,114,,0.374,0.377;0.378;0.374;0.374;0.374,,b6c0879,2.9.1+cu128,1.35.2,cpu (20 cores),torch_threads=1;polars_threads=1;cuda=False,2026-07-14T21:08:07+00:00
cpu-single,box_search,"xy,xy->xy",3000,0.5,ceinsum,5,2,started,,,,,,b6c0879,2.9.1+cu128,1.35.2,cpu (20 cores),torch_threads=1;polars_threads=1;cuda=False,2026-07-14T21:08:07+00:00
cpu-single,box_search,"xy,xy->xy",3000,0.5,ceinsum,5,2,ok,342,,0.430,0.433;0.435;0.429;0.430;0.430,,b6c0879,2.9.1+cu128,1.35.2,cpu (20 cores),torch_threads=1;polars_threads=1;cuda=False,2026-07-14T21:08:07+00:00
cpu-single,box_search,"xy,xy->xy",10000,0.5,ceinsum,5,2,started,,,,,,b6c0879,2.9.1+cu128,1.35.2,cpu (20 cores),torch_threads=1;polars_threads=1;cuda=False,2026-07-14T21:08:07+00:00
cpu-single,box_search,"xy,xy->xy",10000,0.5,ceinsum,5,2,ok,1145,,0.596,0.594;0.597;0.596;0.601;0.593,,b6c0879,2.9.1+cu128,1.35.2,cpu (20 cores),torch_threads=1;polars_threads=1;cuda=False,2026-07-14T21:08:07+00:00
cpu-single,box_search,"xy,xy->xy",30000,0.5,ceinsum,5,2,started,,,,,,b6c0879,2.9.1+cu128,1.35.2,cpu (20 cores),torch_threads=1;polars_threads=1;cuda=False,2026-07-14T21:08:07+00:00
cpu-single,box_search,"xy,xy->xy",30000,0.5,ceinsum,5,2,ok,3503,,1.051,1.051;1.052;1.051;1.053;1.048,,b6c0879,2.9.1+cu128,1.35.2,cpu (20 cores),torch_threads=1;polars_threads=1;cuda=False,2026-07-14T21:08:07+00:00
cpu-single,box_search,"xy,xy->xy",100000,0.5,ceinsum,5,2,started,,,,,,b6c0879,2.9.1+cu128,1.35.2,cpu (20 cores),torch_threads=1;polars_threads=1;cuda=False,2026-07-14T21:08:07+00:00
cpu-single,box_search,"xy,xy->xy",100000,0.5,ceinsum,5,2,ok,11785,,2.613,2.613;2.671;2.609;2.749;2.605,,b6c0879,2.9.1+cu128,1.35.2,cpu (20 cores),torch_threads=1;polars_threads=1;cuda=False,2026-07-14T21:08:07+00:00
cpu-multi,box_search,"xy,xy->xy",100,0.5,ceinsum,5,2,started,,,,,,b6c0879,2.9.1+cu128,1.35.2,cpu (20 cores),torch_threads=10;polars_threads=20;cuda=False,2026-07-14T21:08:09+00:00
cpu-multi,box_search,"xy,xy->xy",100,0.5,ceinsum,5,2,ok,15,0.00e+00,0.754,0.761;0.749;0.754;0.743;0.785,,b6c0879,2.9.1+cu128,1.35.2,cpu (20 cores),torch_threads=10;polars_threads=20;cuda=False,2026-07-14T21:08:09+00:00
cpu-multi,box_search,"xy,xy->xy",300,0.5,ceinsum,5,2,started,,,,,,b6c0879,2.9.1+cu128,1.35.2,cpu (20 cores),torch_threads=10;polars_threads=20;cuda=False,2026-07-14T21:08:09+00:00
cpu-multi,box_search,"xy,xy->xy",300,0.5,ceinsum,5,2,ok,32,0.00e+00,0.363,0.366;0.363;0.371;0.360;0.360,,b6c0879,2.9.1+cu128,1.35.2,cpu (20 cores),torch_threads=10;polars_threads=20;cuda=False,2026-07-14T21:08:09+00:00
cpu-multi,box_search,"xy,xy->xy",1000,0.5,ceinsum,5,2,started,,,,,,b6c0879,2.9.1+cu128,1.35.2,cpu (20 cores),torch_threads=10;polars_threads=20;cuda=False,2026-07-14T21:08:09+00:00
cpu-multi,box_search,"xy,xy->xy",1000,0.5,ceinsum,5,2,ok,114,,0.384,0.391;0.387;0.383;0.382;0.384,,b6c0879,2.9.1+cu128,1.35.2,cpu (20 cores),torch_threads=10;polars_threads=20;cuda=False,2026-07-14T21:08:09+00:00
cpu-multi,box_search,"xy,xy->xy",3000,0.5,ceinsum,5,2,started,,,,,,b6c0879,2.9.1+cu128,1.35.2,cpu (20 cores),torch_threads=10;polars_threads=20;cuda=False,2026-07-14T21:08:09+00:00
cpu-multi,box_search,"xy,xy->xy",3000,0.5,ceinsum,5,2,ok,342,,0.515,0.524;0.515;0.588;0.448;0.438,,b6c0879,2.9.1+cu128,1.35.2,cpu (20 cores),torch_threads=10;polars_threads=20;cuda=False,2026-07-14T21:08:09+00:00
cpu-multi,box_search,"xy,xy->xy",10000,0.5,ceinsum,5,2,started,,,,,,b6c0879,2.9.1+cu128,1.35.2,cpu (20 cores),torch_threads=10;polars_threads=20;cuda=False,2026-07-14T21:08:09+00:00
cpu-multi,box_search,"xy,xy->xy",10000,0.5,ceinsum,5,2,ok,1145,,0.555,0.557;0.555;0.555;0.555;0.553,,b6c0879,2.9.1+cu128,1.35.2,cpu (20 cores),torch_threads=10;polars_threads=20;cuda=False,2026-07-14T21:08:09+00:00
cpu-multi,box_search,"xy,xy->xy",30000,0.5,ceinsum,5,2,started,,,,,,b6c0879,2.9.1+cu128,1.35.2,cpu (20 cores),torch_threads=10;polars_threads=20;cuda=False,2026-07-14T21:08:09+00:00
cpu-multi,box_search,"xy,xy->xy",30000,0.5,ceinsum,5,2,ok,3503,,0.810,0.810;0.809;0.954;0.825;0.810,,b6c0879,2.9.1+cu128,1.35.2,cpu (20 cores),torch_threads=10;polars_threads=20;cuda=False,2026-07-14T21:08:09+00:00
cpu-multi,box_search,"xy,xy->xy",100000,0.5,ceinsum,5,2,started,,,,,,b6c0879,2.9.1+cu128,1.35.2,cpu (20 cores),torch_threads=10;polars_threads=20;cuda=False,2026-07-14T21:08:09+00:00
cpu-multi,box_search,"xy,xy->xy",100000,0.5,ceinsum,5,2,ok,11785,,1.065,1.065;1.071;1.062;1.067;1.062,,b6c0879,2.9.1+cu128,1.35.2,cpu (20 cores),torch_threads=10;polars_threads=20;cuda=False,2026-07-14T21:08:09+00:00
gpu,triple_contract_pii,"ij,ik,kj->ij",100,0.5,ceinsum,5,2,started,,,,,,b6c0879,2.9.1+cu128,1.35.2,NVIDIA GeForce RTX 3090,torch_threads=10;polars_threads=20;cuda=True,2026-07-14T21:17:14+00:00
gpu,triple_contract_pii,"ij,ik,kj->ij",100,0.5,ceinsum,5,2,ok,56,1.05e-07,2.659,2.667;2.651;2.655;2.660;2.659,,b6c0879,2.9.1+cu128,1.35.2,NVIDIA GeForce RTX 3090,torch_threads=10;polars_threads=20;cuda=True,2026-07-14T21:17:14+00:00
gpu,triple_contract_pii,"ij,ik,kj->ij",300,0.5,ceinsum,5,2,started,,,,,,b6c0879,2.9.1+cu128,1.35.2,NVIDIA GeForce RTX 3090,torch_threads=10;polars_threads=20;cuda=True,2026-07-14T21:17:14+00:00
gpu,triple_contract_pii,"ij,ik,kj->ij",300,0.5,ceinsum,5,2,ok,225,1.12e-07,2.704,2.714;2.714;2.704;2.700;2.697,,b6c0879,2.9.1+cu128,1.35.2,NVIDIA GeForce RTX 3090,torch_threads=10;polars_threads=20;cuda=True,2026-07-14T21:17:14+00:00
gpu,triple_contract_pii,"ij,ik,kj->ij",1000,0.5,ceinsum,5,2,started,,,,,,b6c0879,2.9.1+cu128,1.35.2,NVIDIA GeForce RTX 3090,torch_threads=10;polars_threads=20;cuda=True,2026-07-14T21:17:14+00:00
gpu,triple_contract_pii,"ij,ik,kj->ij",1000,0.5,ceinsum,5,2,ok,902,,3.023,3.030;3.015;3.023;3.026;3.021,,b6c0879,2.9.1+cu128,1.35.2,NVIDIA GeForce RTX 3090,torch_threads=10;polars_threads=20;cuda=True,2026-07-14T21:17:14+00:00
gpu,triple_contract_pii,"ij,ik,kj->ij",3000,0.5,ceinsum,5,2,started,,,,,,b6c0879,2.9.1+cu128,1.35.2,NVIDIA GeForce RTX 3090,torch_threads=10;polars_threads=20;cuda=True,2026-07-14T21:17:14+00:00
gpu,triple_contract_pii,"ij,ik,kj->ij",3000,0.5,ceinsum,5,2,ok,2864,,3.259,3.300;3.251;3.269;3.246;3.259,,b6c0879,2.9.1+cu128,1.35.2,NVIDIA GeForce RTX 3090,torch_threads=10;polars_threads=20;cuda=True,2026-07-14T21:17:14+00:00
gpu,triple_contract_pii,"ij,ik,kj->ij",10000,0.5,ceinsum,5,2,started,,,,,,b6c0879,2.9.1+cu128,1.35.2,NVIDIA GeForce RTX 3090,torch_threads=10;polars_threads=20;cuda=True,2026-07-14T21:17:14+00:00
gpu,triple_contract_pii,"ij,ik,kj->ij",10000,0.5,ceinsum,5,2,ok,9951,,4.807,4.761;4.904;4.799;4.815;4.807,,b6c0879,2.9.1+cu128,1.35.2,NVIDIA GeForce RTX 3090,torch_threads=10;polars_threads=20;cuda=True,2026-07-14T21:17:15+00:00
gpu,triple_contract_pii,"ij,ik,kj->ij",30000,0.5,ceinsum,5,2,started,,,,,,b6c0879,2.9.1+cu128,1.35.2,NVIDIA GeForce RTX 3090,torch_threads=10;polars_threads=20;cuda=True,2026-07-14T21:17:15+00:00
gpu,triple_contract_pii,"ij,ik,kj->ij",30000,0.5,ceinsum,5,2,ok,29985,,16.731,16.738;16.731;16.706;16.784;16.727,,b6c0879,2.9.1+cu128,1.35.2,NVIDIA GeForce RTX 3090,torch_threads=10;polars_threads=20;cuda=True,2026-07-14T21:17:15+00:00
gpu,triple_contract_pii,"ij,ik,kj->ij",100000,0.5,ceinsum,5,2,started,,,,,,b6c0879,2.9.1+cu128,1.35.2,NVIDIA GeForce RTX 3090,torch_threads=10;polars_threads=20;cuda=True,2026-07-14T21:17:15+00:00
gpu,triple_contract_pii,"ij,ik,kj->ij",100000,0.5,ceinsum,5,2,ok,100000,,101.049,101.049;101.054;101.056;101.023;101.037,,b6c0879,2.9.1+cu128,1.35.2,NVIDIA GeForce RTX 3090,torch_threads=10;polars_threads=20;cuda=True,2026-07-14T21:17:16+00:00
cpu-single,triple_contract_pii,"ij,ik,kj->ij",100,0.5,ceinsum,5,2,started,,,,,,b6c0879,2.9.1+cu128,1.35.2,cpu (20 cores),torch_threads=1;polars_threads=1;cuda=False,2026-07-14T21:17:17+00:00
cpu-single,triple_contract_pii,"ij,ik,kj->ij",100,0.5,ceinsum,5,2,ok,66,6.53e-08,1.169,1.165;1.169;1.181;1.169;1.168,,b6c0879,2.9.1+cu128,1.35.2,cpu (20 cores),torch_threads=1;polars_threads=1;cuda=False,2026-07-14T21:17:17+00:00
cpu-single,triple_contract_pii,"ij,ik,kj->ij",300,0.5,ceinsum,5,2,started,,,,,,b6c0879,2.9.1+cu128,1.35.2,cpu (20 cores),torch_threads=1;polars_threads=1;cuda=False,2026-07-14T21:17:17+00:00
cpu-single,triple_contract_pii,"ij,ik,kj->ij",300,0.5,ceinsum,5,2,ok,214,1.14e-07,2.031,2.011;2.036;2.032;2.024;2.031,,b6c0879,2.9.1+cu128,1.35.2,cpu (20 cores),torch_threads=1;polars_threads=1;cuda=False,2026-07-14T21:17:17+00:00
cpu-single,triple_contract_pii,"ij,ik,kj->ij",1000,0.5,ceinsum,5,2,started,,,,,,b6c0879,2.9.1+cu128,1.35.2,cpu (20 cores),torch_threads=1;polars_threads=1;cuda=False,2026-07-14T21:17:17+00:00
cpu-single,triple_contract_pii,"ij,ik,kj->ij",1000,0.5,ceinsum,5,2,ok,863,,7.996,8.017;7.992;8.015;7.981;7.996,,b6c0879,2.9.1+cu128,1.35.2,cpu (20 cores),torch_threads=1;polars_threads=1;cuda=False,2026-07-14T21:17:17+00:00
cpu-single,triple_contract_pii,"ij,ik,kj->ij",3000,0.5,ceinsum,5,2,started,,,,,,b6c0879,2.9.1+cu128,1.35.2,cpu (20 cores),torch_threads=1;polars_threads=1;cuda=False,2026-07-14T21:17:17+00:00
cpu-single,triple_contract_pii,"ij,ik,kj->ij",3000,0.5,ceinsum,5,2,ok,2907,,41.664,41.210;42.888;41.518;41.727;41.664,,b6c0879,2.9.1+cu128,1.35.2,cpu (20 cores),torch_threads=1;polars_threads=1;cuda=False,2026-07-14T21:17:18+00:00
cpu-single,triple_contract_pii,"ij,ik,kj->ij",10000,0.5,ceinsum,5,2,started,,,,,,b6c0879,2.9.1+cu128,1.35.2,cpu (20 cores),torch_threads=1;polars_threads=1;cuda=False,2026-07-14T21:17:18+00:00
cpu-single,triple_contract_pii,"ij,ik,kj->ij",10000,0.5,ceinsum,5,2,ok,9938,,333.515,340.987;333.515;335.873;293.227;295.054,,b6c0879,2.9.1+cu128,1.35.2,cpu (20 cores),torch_threads=1;polars_threads=1;cuda=False,2026-07-14T21:17:20+00:00
cpu-single,triple_contract_pii,"ij,ik,kj->ij",30000,0.5,ceinsum,5,2,started,,,,,,b6c0879,2.9.1+cu128,1.35.2,cpu (20 cores),torch_threads=1;polars_threads=1;cuda=False,2026-07-14T21:17:20+00:00
cpu-single,triple_contract_pii,"ij,ik,kj->ij",30000,0.5,ceinsum,5,2,ok,29986,,2111.741,2095.977;2118.295;2087.586;2111.741;2141.588,,b6c0879,2.9.1+cu128,1.35.2,cpu (20 cores),torch_threads=1;polars_threads=1;cuda=False,2026-07-14T21:17:35+00:00
cpu-single,triple_contract_pii,"ij,ik,kj->ij",100000,0.5,ceinsum,5,2,started,,,,,,b6c0879,2.9.1+cu128,1.35.2,cpu (20 cores),torch_threads=1;polars_threads=1;cuda=False,2026-07-14T21:17:35+00:00
cpu-single,triple_contract_pii,"ij,ik,kj->ij",100000,0.5,ceinsum,5,2,ok,100000,,15647.740,15590.503;15740.103;15736.951;15600.113;15647.740,,b6c0879,2.9.1+cu128,1.35.2,cpu (20 cores),torch_threads=1;polars_threads=1;cuda=False,2026-07-14T21:19:25+00:00
cpu-multi,triple_contract_pii,"ij,ik,kj->ij",100,0.5,ceinsum,5,2,started,,,,,,b6c0879,2.9.1+cu128,1.35.2,cpu (20 cores),torch_threads=10;polars_threads=20;cuda=False,2026-07-14T21:19:26+00:00
cpu-multi,triple_contract_pii,"ij,ik,kj->ij",100,0.5,ceinsum,5,2,ok,66,6.53e-08,1.117,1.122;1.119;1.117;1.116;1.112,,b6c0879,2.9.1+cu128,1.35.2,cpu (20 cores),torch_threads=10;polars_threads=20;cuda=False,2026-07-14T21:19:26+00:00
cpu-multi,triple_contract_pii,"ij,ik,kj->ij",300,0.5,ceinsum,5,2,started,,,,,,b6c0879,2.9.1+cu128,1.35.2,cpu (20 cores),torch_threads=10;polars_threads=20;cuda=False,2026-07-14T21:19:26+00:00
cpu-multi,triple_contract_pii,"ij,ik,kj->ij",300,0.5,ceinsum,5,2,ok,214,1.14e-07,1.553,1.604;1.565;1.547;1.553;1.546,,b6c0879,2.9.1+cu128,1.35.2,cpu (20 cores),torch_threads=10;polars_threads=20;cuda=False,2026-07-14T21:19:26+00:00
cpu-multi,triple_contract_pii,"ij,ik,kj->ij",1000,0.5,ceinsum,5,2,started,,,,,,b6c0879,2.9.1+cu128,1.35.2,cpu (20 cores),torch_threads=10;polars_threads=20;cuda=False,2026-07-14T21:19:26+00:00
cpu-multi,triple_contract_pii,"ij,ik,kj->ij",1000,0.5,ceinsum,5,2,ok,863,,3.312,3.314;3.302;3.302;3.312;3.352,,b6c0879,2.9.1+cu128,1.35.2,cpu (20 cores),torch_threads=10;polars_threads=20;cuda=False,2026-07-14T21:19:26+00:00
cpu-multi,triple_contract_pii,"ij,ik,kj->ij",3000,0.5,ceinsum,5,2,started,,,,,,b6c0879,2.9.1+cu128,1.35.2,cpu (20 cores),torch_threads=10;polars_threads=20;cuda=False,2026-07-14T21:19:26+00:00
cpu-multi,triple_contract_pii,"ij,ik,kj->ij",3000,0.5,ceinsum,5,2,ok,2907,,9.400,9.409;9.357;9.407;9.316;9.400,,b6c0879,2.9.1+cu128,1.35.2,cpu (20 cores),torch_threads=10;polars_threads=20;cuda=False,2026-07-14T21:19:26+00:00
cpu-multi,triple_contract_pii,"ij,ik,kj->ij",10000,0.5,ceinsum,5,2,started,,,,,,b6c0879,2.9.1+cu128,1.35.2,cpu (20 cores),torch_threads=10;polars_threads=20;cuda=False,2026-07-14T21:19:26+00:00
cpu-multi,triple_contract_pii,"ij,ik,kj->ij",10000,0.5,ceinsum,5,2,ok,9938,,76.295,71.312;83.256;76.295;71.419;78.257,,b6c0879,2.9.1+cu128,1.35.2,cpu (20 cores),torch_threads=10;polars_threads=20;cuda=False,2026-07-14T21:19:27+00:00
cpu-multi,triple_contract_pii,"ij,ik,kj->ij",30000,0.5,ceinsum,5,2,started,,,,,,b6c0879,2.9.1+cu128,1.35.2,cpu (20 cores),torch_threads=10;polars_threads=20;cuda=False,2026-07-14T21:19:27+00:00
cpu-multi,triple_contract_pii,"ij,ik,kj->ij",30000,0.5,ceinsum,5,2,ok,29986,,476.382,472.065;473.411;476.382;488.833;481.914,,b6c0879,2.9.1+cu128,1.35.2,cpu (20 cores),torch_threads=10;polars_threads=20;cuda=False,2026-07-14T21:19:30+00:00
cpu-multi,triple_contract_pii,"ij,ik,kj->ij",100000,0.5,ceinsum,5,2,started,,,,,,b6c0879,2.9.1+cu128,1.35.2,cpu (20 cores),torch_threads=10;polars_threads=20;cuda=False,2026-07-14T21:19:30+00:00
cpu-multi,triple_contract_pii,"ij,ik,kj->ij",100000,0.5,ceinsum,5,2,ok,100000,,3068.165,3073.265;3068.165;3067.812;3065.908;3070.711,,b6c0879,2.9.1+cu128,1.35.2,cpu (20 cores),torch_threads=10;polars_threads=20;cuda=False,2026-07-14T21:19:51+00:00
gpu,box_search,"xy,xy->xy",100,0.5,ceinsum,5,2,started,,,,,,b6c0879,2.9.1+cu128,1.35.2,NVIDIA GeForce RTX 3090,torch_threads=10;polars_threads=20;cuda=True,2026-07-14T21:34:59+00:00
gpu,box_search,"xy,xy->xy",100,0.5,ceinsum,5,2,ok,15,0.00e+00,0.642,0.644;0.653;0.642;0.638;0.634,,b6c0879,2.9.1+cu128,1.35.2,NVIDIA GeForce RTX 3090,torch_threads=10;polars_threads=20;cuda=True,2026-07-14T21:35:00+00:00
gpu,box_search,"xy,xy->xy",300,0.5,ceinsum,5,2,started,,,,,,b6c0879,2.9.1+cu128,1.35.2,NVIDIA GeForce RTX 3090,torch_threads=10;polars_threads=20;cuda=True,2026-07-14T21:35:00+00:00
gpu,box_search,"xy,xy->xy",300,0.5,ceinsum,5,2,ok,29,0.00e+00,0.647,0.650;0.648;0.647;0.646;0.645,,b6c0879,2.9.1+cu128,1.35.2,NVIDIA GeForce RTX 3090,torch_threads=10;polars_threads=20;cuda=True,2026-07-14T21:35:00+00:00
gpu,box_search,"xy,xy->xy",1000,0.5,ceinsum,5,2,started,,,,,,b6c0879,2.9.1+cu128,1.35.2,NVIDIA GeForce RTX 3090,torch_threads=10;polars_threads=20;cuda=True,2026-07-14T21:35:00+00:00
gpu,box_search,"xy,xy->xy",1000,0.5,ceinsum,5,2,ok,119,,0.656,0.715;0.656;0.654;0.658;0.653,,b6c0879,2.9.1+cu128,1.35.2,NVIDIA GeForce RTX 3090,torch_threads=10;polars_threads=20;cuda=True,2026-07-14T21:35:00+00:00
gpu,box_search,"xy,xy->xy",3000,0.5,ceinsum,5,2,started,,,,,,b6c0879,2.9.1+cu128,1.35.2,NVIDIA GeForce RTX 3090,torch_threads=10;polars_threads=20;cuda=True,2026-07-14T21:35:00+00:00
gpu,box_search,"xy,xy->xy",3000,0.5,ceinsum,5,2,ok,343,,0.652,0.652;0.658;0.652;0.652;0.650,,b6c0879,2.9.1+cu128,1.35.2,NVIDIA GeForce RTX 3090,torch_threads=10;polars_threads=20;cuda=True,2026-07-14T21:35:00+00:00
gpu,box_search,"xy,xy->xy",10000,0.5,ceinsum,5,2,started,,,,,,b6c0879,2.9.1+cu128,1.35.2,NVIDIA GeForce RTX 3090,torch_threads=10;polars_threads=20;cuda=True,2026-07-14T21:35:00+00:00
gpu,box_search,"xy,xy->xy",10000,0.5,ceinsum,5,2,ok,1147,,0.656,0.658;0.655;0.656;0.658;0.656,,b6c0879,2.9.1+cu128,1.35.2,NVIDIA GeForce RTX 3090,torch_threads=10;polars_threads=20;cuda=True,2026-07-14T21:35:00+00:00
gpu,box_search,"xy,xy->xy",30000,0.5,ceinsum,5,2,started,,,,,,b6c0879,2.9.1+cu128,1.35.2,NVIDIA GeForce RTX 3090,torch_threads=10;polars_threads=20;cuda=True,2026-07-14T21:35:00+00:00
gpu,box_search,"xy,xy->xy",30000,0.5,ceinsum,5,2,ok,3483,,0.757,0.756;0.768;0.756;0.757;0.760,,b6c0879,2.9.1+cu128,1.35.2,NVIDIA GeForce RTX 3090,torch_threads=10;polars_threads=20;cuda=True,2026-07-14T21:35:00+00:00
gpu,box_search,"xy,xy->xy",100000,0.5,ceinsum,5,2,started,,,,,,b6c0879,2.9.1+cu128,1.35.2,NVIDIA GeForce RTX 3090,torch_threads=10;polars_threads=20;cuda=True,2026-07-14T21:35:00+00:00
gpu,box_search,"xy,xy->xy",100000,0.5,ceinsum,5,2,ok,11792,,0.818,0.812;0.828;0.818;0.817;0.823,,b6c0879,2.9.1+cu128,1.35.2,NVIDIA GeForce RTX 3090,torch_threads=10;polars_threads=20;cuda=True,2026-07-14T21:35:00+00:00
cpu-single,box_search,"xy,xy->xy",100,0.5,ceinsum,5,2,started,,,,,,b6c0879,2.9.1+cu128,1.35.2,cpu (20 cores),torch_threads=1;polars_threads=1;cuda=False,2026-07-14T21:35:01+00:00
cpu-single,box_search,"xy,xy->xy",100,0.5,ceinsum,5,2,ok,15,0.00e+00,0.229,0.233;0.231;0.229;0.229;0.225,,b6c0879,2.9.1+cu128,1.35.2,cpu (20 cores),torch_threads=1;polars_threads=1;cuda=False,2026-07-14T21:35:01+00:00
cpu-single,box_search,"xy,xy->xy",300,0.5,ceinsum,5,2,started,,,,,,b6c0879,2.9.1+cu128,1.35.2,cpu (20 cores),torch_threads=1;polars_threads=1;cuda=False,2026-07-14T21:35:01+00:00
cpu-single,box_search,"xy,xy->xy",300,0.5,ceinsum,5,2,ok,32,0.00e+00,0.231,0.236;0.231;0.230;0.228;0.242,,b6c0879,2.9.1+cu128,1.35.2,cpu (20 cores),torch_threads=1;polars_threads=1;cuda=False,2026-07-14T21:35:01+00:00
cpu-single,box_search,"xy,xy->xy",1000,0.5,ceinsum,5,2,started,,,,,,b6c0879,2.9.1+cu128,1.35.2,cpu (20 cores),torch_threads=1;polars_threads=1;cuda=False,2026-07-14T21:35:01+00:00
cpu-single,box_search,"xy,xy->xy",1000,0.5,ceinsum,5,2,ok,114,,0.253,0.253;0.253;0.253;0.252;0.257,,b6c0879,2.9.1+cu128,1.35.2,cpu (20 cores),torch_threads=1;polars_threads=1;cuda=False,2026-07-14T21:35:01+00:00
cpu-single,box_search,"xy,xy->xy",3000,0.5,ceinsum,5,2,started,,,,,,b6c0879,2.9.1+cu128,1.35.2,cpu (20 cores),torch_threads=1;polars_threads=1;cuda=False,2026-07-14T21:35:01+00:00
cpu-single,box_search,"xy,xy->xy",3000,0.5,ceinsum,5,2,ok,342,,0.301,0.303;0.301;0.301;0.301;0.301,,b6c0879,2.9.1+cu128,1.35.2,cpu (20 cores),torch_threads=1;polars_threads=1;cuda=False,2026-07-14T21:35:01+00:00
cpu-single,box_search,"xy,xy->xy",10000,0.5,ceinsum,5,2,started,,,,,,b6c0879,2.9.1+cu128,1.35.2,cpu (20 cores),torch_threads=1;polars_threads=1;cuda=False,2026-07-14T21:35:01+00:00
cpu-single,box_search,"xy,xy->xy",10000,0.5,ceinsum,5,2,ok,1145,,0.457,0.456;0.457;0.453;0.491;0.464,,b6c0879,2.9.1+cu128,1.35.2,cpu (20 cores),torch_threads=1;polars_threads=1;cuda=False,2026-07-14T21:35:01+00:00
cpu-single,box_search,"xy,xy->xy",30000,0.5,ceinsum,5,2,started,,,,,,b6c0879,2.9.1+cu128,1.35.2,cpu (20 cores),torch_threads=1;polars_threads=1;cuda=False,2026-07-14T21:35:01+00:00
cpu-single,box_search,"xy,xy->xy",30000,0.5,ceinsum,5,2,ok,3503,,0.879,0.883;0.879;0.877;0.875;0.886,,b6c0879,2.9.1+cu128,1.35.2,cpu (20 cores),torch_threads=1;polars_threads=1;cuda=False,2026-07-14T21:35:01+00:00
cpu-single,box_search,"xy,xy->xy",100000,0.5,ceinsum,5,2,started,,,,,,b6c0879,2.9.1+cu128,1.35.2,cpu (20 cores),torch_threads=1;polars_threads=1;cuda=False,2026-07-14T21:35:01+00:00
cpu-single,box_search,"xy,xy->xy",100000,0.5,ceinsum,5,2,ok,11785,,2.353,2.391;2.341;2.398;2.353;2.343,,b6c0879,2.9.1+cu128,1.35.2,cpu (20 cores),torch_threads=1;polars_threads=1;cuda=False,2026-07-14T21:35:01+00:00
cpu-multi,box_search,"xy,xy->xy",100,0.5,ceinsum,5,2,started,,,,,,b6c0879,2.9.1+cu128,1.35.2,cpu (20 cores),torch_threads=10;polars_threads=20;cuda=False,2026-07-14T21:35:02+00:00
cpu-multi,box_search,"xy,xy->xy",100,0.5,ceinsum,5,2,ok,15,0.00e+00,0.713,0.729;0.713;0.715;0.688;0.542,,b6c0879,2.9.1+cu128,1.35.2,cpu (20 cores),torch_threads=10;polars_threads=20;cuda=False,2026-07-14T21:35:02+00:00
cpu-multi,box_search,"xy,xy->xy",300,0.5,ceinsum,5,2,started,,,,,,b6c0879,2.9.1+cu128,1.35.2,cpu (20 cores),torch_threads=10;polars_threads=20;cuda=False,2026-07-14T21:35:02+00:00
cpu-multi,box_search,"xy,xy->xy",300,0.5,ceinsum,5,2,ok,32,0.00e+00,0.242,0.282;0.243;0.242;0.239;0.238,,b6c0879,2.9.1+cu128,1.35.2,cpu (20 cores),torch_threads=10;polars_threads=20;cuda=False,2026-07-14T21:35:02+00:00
cpu-multi,box_search,"xy,xy->xy",1000,0.5,ceinsum,5,2,started,,,,,,b6c0879,2.9.1+cu128,1.35.2,cpu (20 cores),torch_threads=10;polars_threads=20;cuda=False,2026-07-14T21:35:02+00:00
cpu-multi,box_search,"xy,xy->xy",1000,0.5,ceinsum,5,2,ok,114,,0.261,0.264;0.267;0.261;0.259;0.258,,b6c0879,2.9.1+cu128,1.35.2,cpu (20 cores),torch_threads=10;polars_threads=20;cuda=False,2026-07-14T21:35:02+00:00
cpu-multi,box_search,"xy,xy->xy",3000,0.5,ceinsum,5,2,started,,,,,,b6c0879,2.9.1+cu128,1.35.2,cpu (20 cores),torch_threads=10;polars_threads=20;cuda=False,2026-07-14T21:35:02+00:00
cpu-multi,box_search,"xy,xy->xy",3000,0.5,ceinsum,5,2,ok,342,,0.305,0.306;0.307;0.305;0.305;0.304,,b6c0879,2.9.1+cu128,1.35.2,cpu (20 cores),torch_threads=10;polars_threads=20;cuda=False,2026-07-14T21:35:02+00:00
cpu-multi,box_search,"xy,xy->xy",10000,0.5,ceinsum,5,2,started,,,,,,b6c0879,2.9.1+cu128,1.35.2,cpu (20 cores),torch_threads=10;polars_threads=20;cuda=False,2026-07-14T21:35:02+00:00
cpu-multi,box_search,"xy,xy->xy",10000,0.5,ceinsum,5,2,ok,1145,,0.429,0.426;0.429;0.464;0.470;0.426,,b6c0879,2.9.1+cu128,1.35.2,cpu (20 cores),torch_threads=10;polars_threads=20;cuda=False,2026-07-14T21:35:02+00:00
cpu-multi,box_search,"xy,xy->xy",30000,0.5,ceinsum,5,2,started,,,,,,b6c0879,2.9.1+cu128,1.35.2,cpu (20 cores),torch_threads=10;polars_threads=20;cuda=False,2026-07-14T21:35:02+00:00
cpu-multi,box_search,"xy,xy->xy",30000,0.5,ceinsum,5,2,ok,3503,,0.646,0.650;0.645;0.649;0.646;0.641,,b6c0879,2.9.1+cu128,1.35.2,cpu (20 cores),torch_threads=10;polars_threads=20;cuda=False,2026-07-14T21:35:02+00:00
cpu-multi,box_search,"xy,xy->xy",100000,0.5,ceinsum,5,2,started,,,,,,b6c0879,2.9.1+cu128,1.35.2,cpu (20 cores),torch_threads=10;polars_threads=20;cuda=False,2026-07-14T21:35:02+00:00
cpu-multi,box_search,"xy,xy->xy",100000,0.5,ceinsum,5,2,ok,11785,,0.899,0.899;0.898;0.902;0.902;0.891,,b6c0879,2.9.1+cu128,1.35.2,cpu (20 cores),torch_threads=10;polars_threads=20;cuda=False,2026-07-14T21:35:02+00:00
